Workbook

Sheet APOIO
F1: CALENDÁRIO
B2: Dias Úteis | F2: Dia | G2: Dia Semana | H2: Mês | J2: Local
B3: SIM | F3: 45962 | G3: sábado | H3: 45962 | J3: Vila dos Criadores
B4: NÃO | F4: 45963 | G4: domingo | H4: 45963 | J4: Rua João Carlos
F5: 45964 | G5: segunda-feira | H5: 45964 | J5: São Manoel
F6: 45965 | G6: terça-feira | H6: 45965 | J6: Morro do Tetéu e Vale Verde
F7: 45966 | G7: quarta-feira | H7: 45966 | J7: Vila Israel
F8: 45967 | G8: quinta-feira | H8: 45967 | J8: Pantanal Baixo
F9: 45968 | G9: sexta-feira | H9: 45968
F10: 45969 | G10: sábado | H10: 45969
F11: 45970 | G11: domingo | H11: 45970
F12: 45971 | G12: segunda-feira | H12: 45971
F13: 45972 | G13: terça-feira | H13: 45972
F14: 45973 | G14: quarta-feira | H14: 45973
F15: 45974 | G15: quinta-feira | H15: 45974
F16: 45975 | G16: sexta-feira | H16: 45975
F17: 45976 | G17: sábado | H17: 45976
F18: 45977 | G18: domingo | H18: 45977
F19: 45978 | G19: segunda-feira | H19: 45978
F20: 45979 | G20: terça-feira | H20: 45979
... F474: 46433 | G474: segunda-feira | H474: 46433

Sheet EXECUÇÃO
B1: PREENCHIMENTO CADASTRO SOCIAL
B2: Selecione | C2: Preenc. Automático | D2: Preenc. Automático | E2: Selecione | F2: Unidade | G2: Unidade | H2: Metros
B3: Dia | C3: Dia Semana | D3: Mês | E3: Local | F3: Cadastro Social | G3: Ligações Ativas | H3: Rede Ativa
B4: 45968 | C4: =_xlfn.XLOOKUP(Tabela2[[#This Row],[Dia]],APOIO!$F$3:$F$474,APOIO!$G$3:$G$474,"") -> sexta-feira | D4: =_xlfn.XLOOKUP(Tabela2[[#This Row],[Dia]],APOIO!$F$3:$F$474,APOIO!$H$3:$H$474,"") -> 45968 | E4: Rua João Carlos | F4: 5 | G4: 1 | H4: 20
B5: 45968 | C5: =_xlfn.XLOOKUP(Tabela2[[#This Row],[Dia]],APOIO!$F$3:$F$474,APOIO!$G$3:$G$474,"") -> sexta-feira | D5: =_xlfn.XLOOKUP(Tabela2[[#This Row],[Dia]],APOIO!$F$3:$F$474,APOIO!$H$3:$H$474,"") -> 45968 | E5: São Manoel | F5: 10 | G5: 2 | H5: 30
B6: 45971 | C6: =_xlfn.XLOOKUP(Tabela2[[#This Row],[Dia]],APOIO!$F$3:$F$474,APOIO!$G$3:$G$474,"") -> segunda-feira | D6: =_xlfn.XLOOKUP(Tabela2[[#This Row],[Dia]],APOIO!$F$3:$F$474,APOIO!$H$3:$H$474,"") -> 45971 | E6: Vila Israel | F6: 12 | G6: 3 | H6: 50
B7: 45965 | C7: =_xlfn.XLOOKUP(Tabela2[[#This Row],[Dia]],APOIO!$F$3:$F$474,APOIO!$G$3:$G$474,"") -> terça-feira | D7: =_xlfn.XLOOKUP(Tabela2[[#This Row],[Dia]],APOIO!$F$3:$F$474,APOIO!$H$3:$H$474,"") -> 45965 | E7: Vila Israel | F7: 13 | G7: 4 | H7: 51
B8: 45971 | C8: =_xlfn.XLOOKUP(Tabela2[[#This Row],[Dia]],APOIO!$F$3:$F$474,APOIO!$G$3:$G$474,"") -> segunda-feira | D8: =_xlfn.XLOOKUP(Tabela2[[#This Row],[Dia]],APOIO!$F$3:$F$474,APOIO!$H$3:$H$474,"") -> 45971 | E8: Vila Israel | F8: 14 | G8: 5 | H8: 52
B9: 45973 | C9: =_xlfn.XLOOKUP(Tabela2[[#This Row],[Dia]],APOIO!$F$3:$F$474,APOIO!$G$3:$G$474,"") -> quarta-feira | D9: =_xlfn.XLOOKUP(Tabela2[[#This Row],[Dia]],APOIO!$F$3:$F$474,APOIO!$H$3:$H$474,"") -> 45973 | E9: Rua João Carlos | F9: 15 | G9: 6 | H9: 53
B10: 45971 | C10: =_xlfn.XLOOKUP(Tabela2[[#This Row],[Dia]],APOIO!$F$3:$F$474,APOIO!$G$3:$G$474,"") -> segunda-feira | D10: =_xlfn.XLOOKUP(Tabela2[[#This Row],[Dia]],APOIO!$F$3:$F$474,APOIO!$H$3:$H$474,"") -> 45971 | E10: São Manoel | F10: 16 | G10: 7 | H10: 54
B11: 45973 | C11: =_xlfn.XLOOKUP(Tabela2[[#This Row],[Dia]],APOIO!$F$3:$F$474,APOIO!$G$3:$G$474,"") -> quarta-feira | D11: =_xlfn.XLOOKUP(Tabela2[[#This Row],[Dia]],APOIO!$F$3:$F$474,APOIO!$H$3:$H$474,"") -> 45973 | E11: Vila Israel | F11: 17 | G11: 8 | H11: 55
B12: 45975 | C12: =_xlfn.XLOOKUP(Tabela2[[#This Row],[Dia]],APOIO!$F$3:$F$474,APOIO!$G$3:$G$474,"") -> sexta-feira | D12: =_xlfn.XLOOKUP(Tabela2[[#This Row],[Dia]],APOIO!$F$3:$F$474,APOIO!$H$3:$H$474,"") -> 45975 | E12: Vila Israel | F12: 18 | G12: 9 | H12: 56
B13: 45977 | C13: =_xlfn.XLOOKUP(Tabela2[[#This Row],[Dia]],APOIO!$F$3:$F$474,APOIO!$G$3:$G$474,"") -> domingo | D13: =_xlfn.XLOOKUP(Tabela2[[#This Row],[Dia]],APOIO!$F$3:$F$474,APOIO!$H$3:$H$474,"") -> 45977 | E13: Vila Israel | F13: 19 | G13: 10 | H13: 57
B14: 45979 | C14: =_xlfn.XLOOKUP(Tabela2[[#This Row],[Dia]],APOIO!$F$3:$F$474,APOIO!$G$3:$G$474,"") -> terça-feira | D14: =_xlfn.XLOOKUP(Tabela2[[#This Row],[Dia]],APOIO!$F$3:$F$474,APOIO!$H$3:$H$474,"") -> 45979 | E14: Rua João Carlos | F14: 20 | G14: 11 | H14: 58
B15: 45981 | C15: =_xlfn.XLOOKUP(Tabela2[[#This Row],[Dia]],APOIO!$F$3:$F$474,APOIO!$G$3:$G$474,"") -> quinta-feira | D15: =_xlfn.XLOOKUP(Tabela2[[#This Row],[Dia]],APOIO!$F$3:$F$474,APOIO!$H$3:$H$474,"") -> 45981 | E15: São Manoel | F15: 21 | G15: 12 | H15: 59
... B36: 46023 | C36: =_xlfn.XLOOKUP(Tabela2[[#This Row],[Dia]],APOIO!$F$3:$F$474,APOIO!$G$3:$G$474,"") -> quinta-feira | D36: =_xlfn.XLOOKUP(Tabela2[[#This Row],[Dia]],APOIO!$F$3:$F$474,APOIO!$H$3:$H$474,"") -> 46023 | E36: Vila Israel | F36: 42 | G36: 33 | H36: 80
C37: =_xlfn.XLOOKUP(Tabela2[[#This Row],[Dia]],APOIO!$F$3:$F$474,APOIO!$G$3:$G$474,"") | D37: =_xlfn.XLOOKUP(Tabela2[[#This Row],[Dia]],APOIO!$F$3:$F$474,APOIO!$H$3:$H$474,"")
C38: =_xlfn.XLOOKUP(Tabela2[[#This Row],[Dia]],APOIO!$F$3:$F$474,APOIO!$G$3:$G$474,"") | D38: =_xlfn.XLOOKUP(Tabela2[[#This Row],[Dia]],APOIO!$F$3:$F$474,APOIO!$H$3:$H$474,"")
C39: =_xlfn.XLOOKUP(Tabela2[[#This Row],[Dia]],APOIO!$F$3:$F$474,APOIO!$G$3:$G$474,"") | D39: =_xlfn.XLOOKUP(Tabela2[[#This Row],[Dia]],APOIO!$F$3:$F$474,APOIO!$H$3:$H$474,"")
C40: =_xlfn.XLOOKUP(Tabela2[[#This Row],[Dia]],APOIO!$F$3:$F$474,APOIO!$G$3:$G$474,"") | D40: =_xlfn.XLOOKUP(Tabela2[[#This Row],[Dia]],APOIO!$F$3:$F$474,APOIO!$H$3:$H$474,"")
C41: =_xlfn.XLOOKUP(Tabela2[[#This Row],[Dia]],APOIO!$F$3:$F$474,APOIO!$G$3:$G$474,"") | D41: =_xlfn.XLOOKUP(Tabela2[[#This Row],[Dia]],APOIO!$F$3:$F$474,APOIO!$H$3:$H$474,"")
C42: =_xlfn.XLOOKUP(Tabela2[[#This Row],[Dia]],APOIO!$F$3:$F$474,APOIO!$G$3:$G$474,"") | D42: =_xlfn.XLOOKUP(Tabela2[[#This Row],[Dia]],APOIO!$F$3:$F$474,APOIO!$H$3:$H$474,"")
C43: =_xlfn.XLOOKUP(Tabela2[[#This Row],[Dia]],APOIO!$F$3:$F$474,APOIO!$G$3:$G$474,"") | D43: =_xlfn.XLOOKUP(Tabela2[[#This Row],[Dia]],APOIO!$F$3:$F$474,APOIO!$H$3:$H$474,"")
C44: =_xlfn.XLOOKUP(Tabela2[[#This Row],[Dia]],APOIO!$F$3:$F$474,APOIO!$G$3:$G$474,"") | D44: =_xlfn.XLOOKUP(Tabela2[[#This Row],[Dia]],APOIO!$F$3:$F$474,APOIO!$H$3:$H$474,"")
C45: =_xlfn.XLOOKUP(Tabela2[[#This Row],[Dia]],APOIO!$F$3:$F$474,APOIO!$G$3:$G$474,"") | D45: =_xlfn.XLOOKUP(Tabela2[[#This Row],[Dia]],APOIO!$F$3:$F$474,APOIO!$H$3:$H$474,"")
C46: =_xlfn.XLOOKUP(Tabela2[[#This Row],[Dia]],APOIO!$F$3:$F$474,APOIO!$G$3:$G$474,"") | D46: =_xlfn.XLOOKUP(Tabela2[[#This Row],[Dia]],APOIO!$F$3:$F$474,APOIO!$H$3:$H$474,"")
