Workbook

Sheet APOIO
F1: CALENDÁRIO
B2: Dias Úteis | F2: Dia | G2: Dia Semana | H2: Mês | J2: Local
B3: SIM | F3: 45962 | G3: sábado | H3: 45962 | J3: Vila dos Criadores
B4: NÃO | F4: 45963 | G4: domingo | H4: 45963 | J4: Rua João Carlos
F5: 45964 | G5: segunda-feira | H5: 45964 | J5: São Manoel
F6: 45965 | G6: terça-feira | H6: 45965 | J6: Morro do Tetéu e Vale Verde
F7: 45966 | G7: quarta-feira | H7: 45966 | J7: Vila Israel
F8: 45967 | G8: quinta-feira | H8: 45967 | J8: Pantanal Baixo
F9: 45968 | G9: sexta-feira | H9: 45968
F10: 45969 | G10: sábado | H10: 45969
F11: 45970 | G11: domingo | H11: 45970
F12: 45971 | G12: segunda-feira | H12: 45971
F13: 45972 | G13: terça-feira | H13: 45972
F14: 45973 | G14: quarta-feira | H14: 45973
F15: 45974 | G15: quinta-feira | H15: 45974
F16: 45975 | G16: sexta-feira | H16: 45975
F17: 45976 | G17: sábado | H17: 45976
F18: 45977 | G18: domingo | H18: 45977
F19: 45978 | G19: segunda-feira | H19: 45978
F20: 45979 | G20: terça-feira | H20: 45979
... F474: 46433 | G474: segunda-feira | H474: 46433

Sheet PREENCHER
B1: PREENCHIMENTO RETRABALHO
B2: Selecione | C2: Preenc. Automático | D2: Preenc. Automático | E2: Selecione | F2: Unidade | G2: Unidade | H2: Metros | I2: Metros | J2: Unidade | K2: Unidade | L2: Unidade | M2: Unidade
B3: Dia | C3: Dia Semana | D3: Mês | E3: Local | F3: Ligações (AG) | G3: Ligações (ES) | H3: Rede (AG) m | I3: Rede (ES) m | J3: PV's | K3: Intradomiciliar (Es) | L3: Intradomiciliar (AG) | M3: Padronização (AG)
B4: 46013 | C4: =_xlfn.XLOOKUP(Tabela2[[#This Row],[Dia]],APOIO!$F$3:$F$474,APOIO!$G$3:$G$474,"") -> segunda-feira | D4: =_xlfn.XLOOKUP(Tabela2[[#This Row],[Dia]],APOIO!$F$3:$F$474,APOIO!$H$3:$H$474,"") -> 46013 | E4: Rua João Carlos | F4: 2 | G4: 7 | H4: 10 | I4: 12 | L4: 4
B5: 46014 | C5: =_xlfn.XLOOKUP(Tabela2[[#This Row],[Dia]],APOIO!$F$3:$F$474,APOIO!$G$3:$G$474,"") -> terça-feira | D5: =_xlfn.XLOOKUP(Tabela2[[#This Row],[Dia]],APOIO!$F$3:$F$474,APOIO!$H$3:$H$474,"") -> 46014 | E5: São Manoel | F5: 1 | G5: 1 | H5: 1 | I5: 11 | J5: 2 | K5: 5 | L5: 6
B6: 46015 | C6: =_xlfn.XLOOKUP(Tabela2[[#This Row],[Dia]],APOIO!$F$3:$F$474,APOIO!$G$3:$G$474,"") -> quarta-feira | D6: =_xlfn.XLOOKUP(Tabela2[[#This Row],[Dia]],APOIO!$F$3:$F$474,APOIO!$H$3:$H$474,"") -> 46015 | E6: Morro do Tetéu e Vale Verde | F6: 6 | G6: 3 | H6: 30 | I6: 14 | L6: 2
B7: 46016 | C7: =_xlfn.XLOOKUP(Tabela2[[#This Row],[Dia]],APOIO!$F$3:$F$474,APOIO!$G$3:$G$474,"") -> quinta-feira | D7: =_xlfn.XLOOKUP(Tabela2[[#This Row],[Dia]],APOIO!$F$3:$F$474,APOIO!$H$3:$H$474,"") -> 46016 | E7: Vila Israel | F7: 8 | G7: 2 | H7: 50 | I7: 15 | K7: 3 | M7: 2
B8: 46017 | C8: =_xlfn.XLOOKUP(Tabela2[[#This Row],[Dia]],APOIO!$F$3:$F$474,APOIO!$G$3:$G$474,"") -> sexta-feira | D8: =_xlfn.XLOOKUP(Tabela2[[#This Row],[Dia]],APOIO!$F$3:$F$474,APOIO!$H$3:$H$474,"") -> 46017 | E8: Pantanal Baixo | F8: 5 | G8: 4 | H8: 7 | I8: 16 | J8: 2 | K8: 1 | M8: 1
B9: 46020 | C9: =_xlfn.XLOOKUP(Tabela2[[#This Row],[Dia]],APOIO!$F$3:$F$474,APOIO!$G$3:$G$474,"") -> segunda-feira | D9: =_xlfn.XLOOKUP(Tabela2[[#This Row],[Dia]],APOIO!$F$3:$F$474,APOIO!$H$3:$H$474,"") -> 46020 | E9: Vila dos Criadores | F9: 2 | G9: 5 | I9: 17
C10: =_xlfn.XLOOKUP(Tabela2[[#This Row],[Dia]],APOIO!$F$3:$F$474,APOIO!$G$3:$G$474,"") | D10: =_xlfn.XLOOKUP(Tabela2[[#This Row],[Dia]],APOIO!$F$3:$F$474,APOIO!$H$3:$H$474,"")
C11: =_xlfn.XLOOKUP(Tabela2[[#This Row],[Dia]],APOIO!$F$3:$F$474,APOIO!$G$3:$G$474,"") | D11: =_xlfn.XLOOKUP(Tabela2[[#This Row],[Dia]],APOIO!$F$3:$F$474,APOIO!$H$3:$H$474,"")
C12: =_xlfn.XLOOKUP(Tabela2[[#This Row],[Dia]],APOIO!$F$3:$F$474,APOIO!$G$3:$G$474,"") | D12: =_xlfn.XLOOKUP(Tabela2[[#This Row],[Dia]],APOIO!$F$3:$F$474,APOIO!$H$3:$H$474,"")
C13: =_xlfn.XLOOKUP(Tabela2[[#This Row],[Dia]],APOIO!$F$3:$F$474,APOIO!$G$3:$G$474,"") | D13: =_xlfn.XLOOKUP(Tabela2[[#This Row],[Dia]],APOIO!$F$3:$F$474,APOIO!$H$3:$H$474,"")
C14: =_xlfn.XLOOKUP(Tabela2[[#This Row],[Dia]],APOIO!$F$3:$F$474,APOIO!$G$3:$G$474,"") | D14: =_xlfn.XLOOKUP(Tabela2[[#This Row],[Dia]],APOIO!$F$3:$F$474,APOIO!$H$3:$H$474,"")
C15: =_xlfn.XLOOKUP(Tabela2[[#This Row],[Dia]],APOIO!$F$3:$F$474,APOIO!$G$3:$G$474,"") | D15: =_xlfn.XLOOKUP(Tabela2[[#This Row],[Dia]],APOIO!$F$3:$F$474,APOIO!$H$3:$H$474,"")
C16: =_xlfn.XLOOKUP(Tabela2[[#This Row],[Dia]],APOIO!$F$3:$F$474,APOIO!$G$3:$G$474,"") | D16: =_xlfn.XLOOKUP(Tabela2[[#This Row],[Dia]],APOIO!$F$3:$F$474,APOIO!$H$3:$H$474,"")
C17: =_xlfn.XLOOKUP(Tabela2[[#This Row],[Dia]],APOIO!$F$3:$F$474,APOIO!$G$3:$G$474,"") | D17: =_xlfn.XLOOKUP(Tabela2[[#This Row],[Dia]],APOIO!$F$3:$F$474,APOIO!$H$3:$H$474,"")
C18: =_xlfn.XLOOKUP(Tabela2[[#This Row],[Dia]],APOIO!$F$3:$F$474,APOIO!$G$3:$G$474,"") | D18: =_xlfn.XLOOKUP(Tabela2[[#This Row],[Dia]],APOIO!$F$3:$F$474,APOIO!$H$3:$H$474,"")
C19: =_xlfn.XLOOKUP(Tabela2[[#This Row],[Dia]],APOIO!$F$3:$F$474,APOIO!$G$3:$G$474,"") | D19: =_xlfn.XLOOKUP(Tabela2[[#This Row],[Dia]],APOIO!$F$3:$F$474,APOIO!$H$3:$H$474,"")
C20: =_xlfn.XLOOKUP(Tabela2[[#This Row],[Dia]],APOIO!$F$3:$F$474,APOIO!$G$3:$G$474,"") | D20: =_xlfn.XLOOKUP(Tabela2[[#This Row],[Dia]],APOIO!$F$3:$F$474,APOIO!$H$3:$H$474,"")
C21: =_xlfn.XLOOKUP(Tabela2[[#This Row],[Dia]],APOIO!$F$3:$F$474,APOIO!$G$3:$G$474,"") | D21: =_xlfn.XLOOKUP(Tabela2[[#This Row],[Dia]],APOIO!$F$3:$F$474,APOIO!$H$3:$H$474,"")
... C344: =_xlfn.XLOOKUP(Tabela2[[#This Row],[Dia]],APOIO!$F$3:$F$474,APOIO!$G$3:$G$474,"") | D344: =_xlfn.XLOOKUP(Tabela2[[#This Row],[Dia]],APOIO!$F$3:$F$474,APOIO!$H$3:$H$474,"")
