Workbook

Sheet APOIO
B2: Dias Úteis
B3: SIM
B4: NÃO

Sheet S_MANOEL
B1: LOCAL: | C1: SÃO MANOEL
B2: PREENCHIMENTO DE EXECUÇÃO DIÁRIA | H2: GERAL - PRODUÇÃO
B4: Não alterar | C4: Não alterar | D4: Não alterar | E4: Unidade | H4: Unidade | I4: Unidade | J4: Metros | K4: DN | L4: Unidade | M4: Metros | N4: DN | O4: Unidade | P4: Unidade | Q4: Unidade | R4: Unidade | S4: Unidade | T4: Unidade | U4: Unidade | V4: DN
B5: Dia | C5: Dia Semana | D5: Mês | E5: Dia Útil | F5: Equipe | G5: Rua | H5: LA | I5: LE | J5: PRA | K5: DN | L5: C.UMA | M5: PRE | N5: DN2 | O5: C. INSP | P5: PV's | Q5: PI's | R5: LIE | S5: LIA | T5: IHM | U5: INT | V5: DN3
B6: 45962 | C6: sábado | D6: 45962 | E6: NÃO
B7: 45963 | C7: domingo | D7: 45963 | E7: NÃO
B8: 45964 | C8: segunda-feira | D8: 45964
B9: 45965 | C9: terça-feira | D9: 45965
B10: 45966 | C10: quarta-feira | D10: 45966
B11: 45967 | C11: quinta-feira | D11: 45967
B12: 45968 | C12: sexta-feira | D12: 45968
B13: 45969 | C13: sábado | D13: 45969 | E13: NÃO
B14: 45970 | C14: domingo | D14: 45970 | E14: NÃO
B15: 45971 | C15: segunda-feira | D15: 45971
B16: 45972 | C16: terça-feira | D16: 45972
B17: 45973 | C17: quarta-feira | D17: 45973
B18: 45974 | C18: quinta-feira | D18: 45974
B19: 45975 | C19: sexta-feira | D19: 45975
B20: 45976 | C20: sábado | D20: 45976 | E20: NÃO
B21: 45977 | C21: domingo | D21: 45977 | E21: NÃO
B22: 45978 | C22: segunda-feira | D22: 45978
B23: 45979 | C23: terça-feira | D23: 45979
B24: 45980 | C24: quarta-feira | D24: 45980
B25: 45981 | C25: quinta-feira | D25: 45981
B26: 45982 | C26: sexta-feira | D26: 45982
B27: 45983 | C27: sábado | D27: 45983 | E27: NÃO
B28: 45984 | C28: domingo | D28: 45984 | E28: NÃO
B29: 45985 | C29: segunda-feira | D29: 45985
B30: 45986 | C30: terça-feira | D30: 45986
B31: 45987 | C31: quarta-feira | D31: 45987
B32: 45988 | C32: quinta-feira | D32: 45988
B33: 45989 | C33: sexta-feira | D33: 45989
B34: 45990 | C34: sábado | D34: 45990 | E34: NÃO
B35: 45991 | C35: domingo | D35: 45991 | E35: NÃO
B36: 45992 | C36: segunda-feira | D36: 45992
B37: 45993 | C37: terça-feira | D37: 45993
B38: 45994 | C38: quarta-feira | D38: 45994
B39: 45995 | C39: quinta-feira | D39: 45995
B40: 45996 | C40: sexta-feira | D40: 45996
B41: 45997 | C41: sábado | D41: 45997 | E41: NÃO
B42: 45998 | C42: domingo | D42: 45998 | E42: NÃO
B43: 45999 | C43: segunda-feira | D43: 45999
B44: 46000 | C44: terça-feira | D44: 46000
B45: 46001 | C45: quarta-feira | D45: 46001
B46: 46002 | C46: quinta-feira | D46: 46002
B47: 46003 | C47: sexta-feira | D47: 46003
B48: 46004 | C48: sábado | D48: 46004 | E48: NÃO
B49: 46005 | C49: domingo | D49: 46005 | E49: NÃO
B50: 46006 | C50: segunda-feira | D50: 46006
B51: 46007 | C51: terça-feira | D51: 46007
B52: 46008 | C52: quarta-feira | D52: 46008
B53: 46009 | C53: quinta-feira | D53: 46009
B54: 46010 | C54: sexta-feira | D54: 46010
B55: 46011 | C55: sábado | D55: 46011 | E55: NÃO
B56: 46012 | C56: domingo | D56: 46012 | E56: NÃO
B57: 46013 | C57: segunda-feira | D57: 46013
B58: 46014 | C58: terça-feira | D58: 46014
B59: 46015 | C59: quarta-feira | D59: 46015
B60: 46016 | C60: quinta-feira | D60: 46016
B61: 46017 | C61: sexta-feira | D61: 46017
B62: 46018 | C62: sábado | D62: 46018 | E62: NÃO
B63: 46019 | C63: domingo | D63: 46019 | E63: NÃO
B64: 46020 | C64: segunda-feira | D64: 46020
B65: 46021 | C65: terça-feira | D65: 46021
B66: 46022 | C66: quarta-feira | D66: 46022
B67: 46023 | C67: quinta-feira | D67: 46023
B68: 46024 | C68: sexta-feira | D68: 46024
B69: 46025 | C69: sábado | D69: 46025 | E69: NÃO
B70: 46026 | C70: domingo | D70: 46026 | E70: NÃO
B71: 46027 | C71: segunda-feira | D71: 46027
B72: 46028 | C72: terça-feira | D72: 46028
B73: 46029 | C73: quarta-feira | D73: 46029
B74: 46030 | C74: quinta-feira | D74: 46030 | E74: SIM | F74: ∑ Equipe até 28/02 - SM | G74: Diversas até 28/02 - SM | H74: 0 | I74: 0 | M74: ='[1]EXEC. POR EQUIPE'!$CH$7 -> 0.02 | O74: ='[1]EXEC. POR EQUIPE'!$CI$7 -> 18.01 | P74: 0 | R74: 0 | S74: 0 | T74: 0 | V74: 0
B75: 46031 | C75: sexta-feira | D75: 46031 | E75: SIM | F75: ∑ Equipe até 28/02 - SM | G75: Diversas até 28/02 - SM | H75: 0 | I75: ='[1]EXEC. POR EQUIPE'!$CP$7 -> 9 | M75: ='[1]EXEC. POR EQUIPE'!$CQ$7 -> 0.01 | O75: ='[1]EXEC. POR EQUIPE'!$CR$7 -> 36.02 | P75: 0 | R75: 0 | S75: 0 | T75: 0 | V75: 0
B76: 46032 | C76: sábado | D76: 46032 | E76: SIM | F76: ∑ Equipe até 28/02 - SM | G76: Diversas até 28/02 - SM | I76: ='[1]EXEC. POR EQUIPE'!$CY$7 -> 11 | O76: 18 | P76: 0 | R76: 0 | S76: 0 | T76: 0 | V76: 0
B77: 46033 | C77: domingo | D77: 46033 | E77: NÃO
B78: 46034 | C78: segunda-feira | D78: 46034 | E78: SIM | F78: ∑ Equipe até 28/02 - SM | G78: Diversas até 28/02 - SM | H78: ='[1]EXEC. POR EQUIPE'!$DP$7 -> 0 | I78: ='[1]EXEC. POR EQUIPE'!$DQ$7 -> 11 | M78: ='[1]EXEC. POR EQUIPE'!$DR$7 -> 0.03 | O78: ='[1]EXEC. POR EQUIPE'!$DS$7 -> 12 | P78: ='[1]EXEC. POR EQUIPE'!$DT$7 -> 0 | R78: ='[1]EXEC. POR EQUIPE'!$DU$7 -> 0 | S78: ='[1]EXEC. POR EQUIPE'!$DV$7 -> 0
B79: 46035 | C79: terça-feira | D79: 46035 | E79: SIM | F79: ∑ Equipe até 28/02 - SM | G79: Diversas até 28/02 - SM | M79: 24 | O79: 60 | S79: ='[1]EXEC. POR EQUIPE'!$DV$7 -> 0
B80: 46036 | C80: quarta-feira | D80: 46036 | E80: SIM | F80: ∑ Equipe até 28/02 - SM | G80: Diversas até 28/02 - SM | H80: 0 | I80: 0 | M80: 0.01 | O80: 30 | P80: 0 | R80: 0 | S80: 12 | T80: 0 | V80: 0
B81: 46037 | C81: quinta-feira | D81: 46037 | E81: SIM | F81: ∑ Equipe até 28/02 - SM | G81: Diversas até 28/02 - SM | H81: 0 | I81: 0 | M81: 0.01 | O81: 30 | P81: 0 | R81: 0 | S81: 2 | T81: 0
B82: 46038 | C82: sexta-feira | D82: 46038 | E82: SIM | F82: ∑ Equipe até 28/02 - SM | G82: Diversas até 28/02 - SM | H82: 0 | I82: 6 | M82: 0.01 | O82: 30 | P82: 0 | R82: 0 | S82: 2 | T82: 0 | V82: 0
B83: 46039 | C83: sábado | D83: 46039 | E83: SIM | F83: ∑ Equipe até 28/02 - SM | G83: Diversas até 28/02 - SM | H83: 0 | I83: 0 | M83: 0 | O83: 6 | P83: 0 | R83: 0 | S83: 0 | T83: 0 | V83: 0
B84: 46040 | C84: domingo | D84: 46040 | E84: NÃO
B85: 46041 | C85: segunda-feira | D85: 46041 | E85: SIM | F85: ∑ Equipe até 28/02 - SM | G85: Diversas até 28/02 - SM | H85: 0 | I85: 0 | M85: 0.01 | O85: 60.01 | P85: 0 | R85: 0 | S85: 0 | T85: 0 | V85: 0
B86: 46042 | C86: terça-feira | D86: 46042 | E86: SIM | F86: ∑ Equipe até 28/02 - SM | G86: Diversas até 28/02 - SM | H86: 3 | I86: 2 | M86: 58 | O86: 6 | P86: 0 | R86: 0 | S86: 0 | T86: 0 | V86: 0
B87: 46043 | C87: quarta-feira | D87: 46043 | E87: SIM | F87: ∑ Equipe até 28/02 - SM | G87: Diversas até 28/02 - SM | H87: 2 | I87: 3 | M87: 70.02 | O87: 64 | P87: 0 | R87: 0 | S87: 0 | T87: 0 | V87: 0
B88: 46044 | C88: quinta-feira | D88: 46044 | E88: SIM | F88: ∑ Equipe até 28/02 - SM | G88: Diversas até 28/02 - SM | H88: 0 | I88: 0 | M88: 20.02 | O88: 6.03 | P88: 0 | R88: 0 | S88: 0 | T88: 0 | V88: 0
B89: 46045 | C89: sexta-feira | D89: 46045 | E89: SIM | F89: ∑ Equipe até 28/02 - SM | G89: Diversas até 28/02 - SM | H89: 3 | I89: 0 | M89: 30.02 | O89: 60 | P89: 0 | R89: 0 | S89: 0 | T89: 0 | V89: 0
B90: 46046 | C90: sábado | D90: 46046 | E90: SIM | F90: ∑ Equipe até 28/02 - SM | G90: Diversas até 28/02 - SM | H90: 0 | I90: 0 | M90: 55 | O90: 9 | P90: 0 | R90: 0 | S90: 0 | T90: 0 | V90: 0
B91: 46047 | C91: domingo | D91: 46047 | E91: NÃO
B92: 46048 | C92: segunda-feira | D92: 46048 | E92: NÃO
B93: 46049 | C93: terça-feira | D93: 46049 | E93: NÃO
B94: 46050 | C94: quarta-feira | D94: 46050 | E94: SIM | F94: ∑ Equipe até 28/02 - SM | G94: Diversas até 28/02 - SM | H94: 2 | I94: 2 | M94: 113 | O94: 48 | P94: 0 | R94: 6 | S94: 2 | T94: 0 | V94: 0
B95: 46051 | C95: quinta-feira | D95: 46051 | E95: SIM | F95: ∑ Equipe até 28/02 - SM | G95: Diversas até 28/02 - SM | H95: 0 | I95: 0 | M95: 6 | O95: 8 | P95: 1 | R95: 0 | S95: 28 | T95: 0 | V95: 0
B96: 46052 | C96: sexta-feira | D96: 46052 | E96: SIM | F96: ∑ Equipe até 28/02 - SM | G96: Diversas até 28/02 - SM | H96: 0 | I96: 5 | M96: 42 | O96: 6 | P96: 0 | R96: 0 | S96: 0 | T96: 0 | V96: 0
B97: 46053 | C97: sábado | D97: 46053 | E97: SIM | F97: ∑ Equipe até 28/02 - SM | G97: Diversas até 28/02 - SM | H97: 0 | I97: 0 | M97: 30 | O97: 6 | P97: 0 | R97: 0 | S97: 7 | T97: 0 | V97: 0
B98: 46054 | C98: domingo | D98: 46054 | E98: NÃO
B99: 46055 | C99: segunda-feira | D99: 46055 | E99: SIM | F99: ∑ Equipe até 28/02 - SM | G99: Diversas até 28/02 - SM | H99: 4 | I99: 6 | M99: 0 | O99: 12 | P99: 2 | R99: 0 | S99: 19 | T99: 0 | V99: 0
B100: 46056 | C100: terça-feira | D100: 46056 | E100: SIM | F100: ∑ Equipe até 28/02 - SM | G100: Diversas até 28/02 - SM | H100: 1 | I100: 7 | M100: 30 | O100: 6 | P100: 0 | R100: 0 | S100: 13 | T100: 0 | V100: 0
B101: 46057 | C101: quarta-feira | D101: 46057 | E101: SIM | F101: ∑ Equipe até 28/02 - SM | G101: Diversas até 28/02 - SM | H101: 0 | I101: 3 | M101: 85 | O101: 20 | P101: 0 | R101: 0 | S101: 4 | T101: 0 | V101: 0
...

Sheet J_CARLOS
B1: LOCAL: | C1: JOÃO CARLOS
B2: PREENCHIMENTO DE EXECUÇÃO DIÁRIA | H2: GERAL - PRODUÇÃO
B4: Não alterar | C4: Não alterar | D4: Não alterar | E4: Unidade | H4: Unidade | I4: Unidade | J4: Metros | K4: DN | L4: Unidade | M4: Metros | N4: DN | O4: Unidade | P4: Unidade | Q4: Unidade | R4: Unidade | S4: Unidade | T4: Unidade | U4: Unidade | V4: DN
B5: Dia | C5: Dia Semana | D5: Mês | E5: Dia Útil | F5: Equipe | G5: Rua | H5: LA | I5: LE | J5: PRA | K5: DN | L5: C.UMA | M5: PRE | N5: DN2 | O5: C. INSP | P5: PV's | Q5: PI's | R5: LIE | S5: LIA | T5: IHM | U5: INT | V5: DN3
B6: 45962 | C6: sábado | D6: 45962 | E6: NÃO
B7: 45963 | C7: domingo | D7: 45963 | E7: NÃO
B8: 45964 | C8: segunda-feira | D8: 45964
B9: 45965 | C9: terça-feira | D9: 45965
B10: 45966 | C10: quarta-feira | D10: 45966
B11: 45967 | C11: quinta-feira | D11: 45967
B12: 45968 | C12: sexta-feira | D12: 45968
B13: 45969 | C13: sábado | D13: 45969 | E13: NÃO
B14: 45970 | C14: domingo | D14: 45970 | E14: NÃO
B15: 45971 | C15: segunda-feira | D15: 45971
B16: 45972 | C16: terça-feira | D16: 45972
B17: 45973 | C17: quarta-feira | D17: 45973
B18: 45974 | C18: quinta-feira | D18: 45974
B19: 45975 | C19: sexta-feira | D19: 45975
B20: 45976 | C20: sábado | D20: 45976 | E20: NÃO
B21: 45977 | C21: domingo | D21: 45977 | E21: NÃO
B22: 45978 | C22: segunda-feira | D22: 45978
B23: 45979 | C23: terça-feira | D23: 45979
B24: 45980 | C24: quarta-feira | D24: 45980
B25: 45981 | C25: quinta-feira | D25: 45981
B26: 45982 | C26: sexta-feira | D26: 45982
B27: 45983 | C27: sábado | D27: 45983 | E27: NÃO
B28: 45984 | C28: domingo | D28: 45984 | E28: NÃO
B29: 45985 | C29: segunda-feira | D29: 45985
B30: 45986 | C30: terça-feira | D30: 45986
B31: 45987 | C31: quarta-feira | D31: 45987
B32: 45988 | C32: quinta-feira | D32: 45988
B33: 45989 | C33: sexta-feira | D33: 45989
B34: 45990 | C34: sábado | D34: 45990 | E34: NÃO
B35: 45991 | C35: domingo | D35: 45991 | E35: NÃO
B36: 45992 | C36: segunda-feira | D36: 45992
B37: 45993 | C37: terça-feira | D37: 45993
B38: 45994 | C38: quarta-feira | D38: 45994
B39: 45995 | C39: quinta-feira | D39: 45995
B40: 45996 | C40: sexta-feira | D40: 45996
B41: 45997 | C41: sábado | D41: 45997 | E41: NÃO
B42: 45998 | C42: domingo | D42: 45998 | E42: NÃO
B43: 45999 | C43: segunda-feira | D43: 45999
B44: 46000 | C44: terça-feira | D44: 46000
B45: 46001 | C45: quarta-feira | D45: 46001
B46: 46002 | C46: quinta-feira | D46: 46002
B47: 46003 | C47: sexta-feira | D47: 46003
B48: 46004 | C48: sábado | D48: 46004 | E48: NÃO
B49: 46005 | C49: domingo | D49: 46005 | E49: NÃO
B50: 46006 | C50: segunda-feira | D50: 46006
B51: 46007 | C51: terça-feira | D51: 46007
B52: 46008 | C52: quarta-feira | D52: 46008
B53: 46009 | C53: quinta-feira | D53: 46009
B54: 46010 | C54: sexta-feira | D54: 46010
B55: 46011 | C55: sábado | D55: 46011 | E55: NÃO
B56: 46012 | C56: domingo | D56: 46012 | E56: NÃO
B57: 46013 | C57: segunda-feira | D57: 46013
B58: 46014 | C58: terça-feira | D58: 46014
B59: 46015 | C59: quarta-feira | D59: 46015
B60: 46016 | C60: quinta-feira | D60: 46016
B61: 46017 | C61: sexta-feira | D61: 46017
B62: 46018 | C62: sábado | D62: 46018 | E62: NÃO
B63: 46019 | C63: domingo | D63: 46019 | E63: NÃO
B64: 46020 | C64: segunda-feira | D64: 46020
B65: 46021 | C65: terça-feira | D65: 46021
B66: 46022 | C66: quarta-feira | D66: 46022
B67: 46023 | C67: quinta-feira | D67: 46023
B68: 46024 | C68: sexta-feira | D68: 46024
B69: 46025 | C69: sábado | D69: 46025 | E69: NÃO
B70: 46026 | C70: domingo | D70: 46026 | E70: NÃO
B71: 46027 | C71: segunda-feira | D71: 46027
B72: 46028 | C72: terça-feira | D72: 46028
B73: 46029 | C73: quarta-feira | D73: 46029
B74: 46030 | C74: quinta-feira | D74: 46030
B75: 46031 | C75: sexta-feira | D75: 46031
B76: 46032 | C76: sábado | D76: 46032 | E76: NÃO
B77: 46033 | C77: domingo | D77: 46033 | E77: NÃO
B78: 46034 | C78: segunda-feira | D78: 46034 | E78: SIM | F78: ∑ Equipe até 28/02 - JC | G78: Diversas até 28/02 - JC | H78: 0 | I78: 0 | M78: 48 | N78: 6 | P78: 0 | R78: 0 | S78: 0 | T78: 0 | V78: 0
B79: 46035 | C79: terça-feira | D79: 46035 | E79: SIM | F79: ∑ Equipe até 28/02 - JC | G79: Diversas até 28/02 - JC | H79: 0 | I79: 0 | M79: 58 | N79: 6 | P79: 0 | R79: 0 | S79: 0 | T79: 0 | V79: 0
B80: 46036 | C80: quarta-feira | D80: 46036 | E80: SIM | F80: ∑ Equipe até 28/02 - JC | G80: Diversas até 28/02 - JC | H80: 0 | I80: 0 | M80: 40 | N80: 0 | P80: 1 | R80: 0 | S80: 0 | T80: 0 | V80: 0
B81: 46037 | C81: quinta-feira | D81: 46037 | E81: SIM | F81: ∑ Equipe até 28/02 - JC | G81: Diversas até 28/02 - JC | H81: 0 | I81: 0 | M81: 30 | N81: 0 | P81: 1 | R81: 0 | S81: 0 | T81: 0 | V81: 0
B82: 46038 | C82: sexta-feira | D82: 46038 | E82: SIM | F82: ∑ Equipe até 28/02 - JC | G82: Diversas até 28/02 - JC | H82: 0 | I82: 0 | M82: 0 | N82: 0 | P82: 4 | R82: 0 | S82: 0 | T82: 0 | V82: 0
B83: 46039 | C83: sábado | D83: 46039 | E83: SIM | F83: ∑ Equipe até 28/02 - JC | G83: Diversas até 28/02 - JC | H83: 0 | I83: 0 | M83: 6 | N83: 6 | P83: 1 | R83: 0 | S83: 0 | T83: 0 | V83: 0
B84: 46040 | C84: domingo | D84: 46040 | E84: NÃO
B85: 46041 | C85: segunda-feira | D85: 46041 | E85: SIM | F85: ∑ Equipe até 28/02 - JC | G85: Diversas até 28/02 - JC | H85: 0 | I85: 0 | M85: 13 | N85: 0 | P85: 1 | R85: 0 | S85: 0 | T85: 0 | V85: 0
B86: 46042 | C86: terça-feira | D86: 46042 | E86: SIM | F86: ∑ Equipe até 28/02 - JC | G86: Diversas até 28/02 - JC | H86: 0 | I86: 0 | M86: 15 | N86: 0 | P86: 0 | R86: 0 | S86: 0 | T86: 0 | V86: 0
B87: 46043 | C87: quarta-feira | D87: 46043 | E87: SIM | F87: ∑ Equipe até 28/02 - JC | G87: Diversas até 28/02 - JC | H87: 0 | I87: 0 | M87: 28 | N87: 0 | P87: 1 | R87: 0 | S87: 0 | T87: 0 | V87: 0
B88: 46044 | C88: quinta-feira | D88: 46044 | E88: SIM | F88: ∑ Equipe até 28/02 - JC | G88: Diversas até 28/02 - JC | H88: 0 | I88: 0 | M88: 12 | N88: 6 | P88: 0 | R88: 0 | S88: 0 | T88: 0 | V88: 0
B89: 46045 | C89: sexta-feira | D89: 46045 | E89: SIM | F89: ∑ Equipe até 28/02 - JC | G89: Diversas até 28/02 - JC | H89: 0 | I89: 0 | M89: 12 | N89: 6 | P89: 1 | R89: 0 | S89: 0 | T89: 0 | V89: 0
B90: 46046 | C90: sábado | D90: 46046 | E90: SIM | F90: ∑ Equipe até 28/02 - JC | G90: Diversas até 28/02 - JC | H90: 0 | I90: 0 | M90: 12 | N90: 0 | P90: 2 | R90: 0 | S90: 0 | T90: 0 | V90: 0
B91: 46047 | C91: domingo | D91: 46047 | E91: NÃO
B92: 46048 | C92: segunda-feira | D92: 46048 | E92: SIM | F92: ∑ Equipe até 28/02 - JC | G92: Diversas até 28/02 - JC | H92: 0 | I92: 0 | M92: 0 | N92: 6 | P92: 0 | R92: 0 | S92: 0 | T92: 0 | V92: 0
B93: 46049 | C93: terça-feira | D93: 46049 | E93: SIM | F93: ∑ Equipe até 28/02 - JC | G93: Diversas até 28/02 - JC | H93: 0 | I93: 0 | M93: 6 | N93: 6 | P93: 0 | R93: 0 | S93: 0 | T93: 0 | V93: 0
B94: 46050 | C94: quarta-feira | D94: 46050 | E94: SIM | F94: ∑ Equipe até 28/02 - JC | G94: Diversas até 28/02 - JC | H94: 0 | I94: 0 | M94: 10 | N94: 18 | P94: 0 | R94: 0 | S94: 0 | T94: 0 | V94: 0
B95: 46051 | C95: quinta-feira | D95: 46051 | E95: SIM | F95: ∑ Equipe até 28/02 - JC | G95: Diversas até 28/02 - JC | H95: 0 | I95: 0 | M95: 0 | N95: 12 | P95: 0 | R95: 0 | S95: 0 | T95: 0 | V95: 0
B96: 46052 | C96: sexta-feira | D96: 46052 | E96: SIM | F96: ∑ Equipe até 28/02 - JC | G96: Diversas até 28/02 - JC | H96: 0 | I96: 0 | M96: 0 | N96: 10 | P96: 0 | R96: 0 | S96: 0 | T96: 0 | V96: 0
B97: 46053 | C97: sábado | D97: 46053 | E97: SIM | F97: ∑ Equipe até 28/02 - JC | G97: Diversas até 28/02 - JC | H97: 0 | I97: 0 | M97: 42 | N97: 4 | P97: 2 | R97: 0 | S97: 0 | T97: 0 | V97: 0
B98: 46054 | C98: domingo | D98: 46054 | E98: NÃO
B99: 46055 | C99: segunda-feira | D99: 46055 | E99: SIM | F99: ∑ Equipe até 28/02 - JC | G99: Diversas até 28/02 - JC | H99: 0 | I99: 0 | M99: 30 | N99: 30 | P99: 1 | R99: 0 | S99: 0 | T99: 0 | V99: 0
B100: 46056 | C100: terça-feira | D100: 46056 | E100: SIM | F100: ∑ Equipe até 28/02 - JC | G100: Diversas até 28/02 - JC | H100: 0 | I100: 3 | M100: 0 | N100: 6 | P100: 1 | R100: 0 | S100: 7 | T100: 7 | V100: 0
B101: 46057 | C101: quarta-feira | D101: 46057 | E101: SIM | F101: ∑ Equipe até 28/02 - JC | G101: Diversas até 28/02 - JC | H101: 0 | I101: 2 | M101: 22 | N101: 0 | P101: 0 | R101: 0 | S101: 15 | T101: 0 | V101: 0
...

Sheet V_ISRAEL
B1: LOCAL: | C1: VILA ISRAEL
B2: PREENCHIMENTO DE EXECUÇÃO DIÁRIA | H2: GERAL - PRODUÇÃO
B4: Não alterar | C4: Não alterar | D4: Não alterar | E4: Unidade | H4: Unidade | I4: Unidade | J4: Metros | K4: DN | L4: Unidade | M4: Metros | N4: DN | O4: Unidade | P4: Unidade | Q4: Unidade | R4: Unidade | S4: Unidade | T4: Unidade | U4: Unidade | V4: DN
B5: Dia | C5: Dia Semana | D5: Mês | E5: Dia Útil | F5: Equipe | G5: Rua | H5: LA | I5: LE | J5: PRA | K5: DN | L5: C.UMA | M5: PRE | N5: DN2 | O5: C.INS | P5: PV's | Q5: PI's | R5: LIE | S5: LIA | T5: IHM | U5: INT | V5: DN3
B6: 45962 | C6: sábado | D6: 45962 | E6: NÃO
B7: 45963 | C7: domingo | D7: 45963 | E7: NÃO
B8: 45964 | C8: segunda-feira | D8: 45964
B9: 45965 | C9: terça-feira | D9: 45965
B10: 45966 | C10: quarta-feira | D10: 45966
B11: 45967 | C11: quinta-feira | D11: 45967
B12: 45968 | C12: sexta-feira | D12: 45968
B13: 45969 | C13: sábado | D13: 45969 | E13: NÃO
B14: 45970 | C14: domingo | D14: 45970 | E14: NÃO
B15: 45971 | C15: segunda-feira | D15: 45971
B16: 45972 | C16: terça-feira | D16: 45972
B17: 45973 | C17: quarta-feira | D17: 45973
B18: 45974 | C18: quinta-feira | D18: 45974
B19: 45975 | C19: sexta-feira | D19: 45975
B20: 45976 | C20: sábado | D20: 45976 | E20: NÃO
B21: 45977 | C21: domingo | D21: 45977 | E21: NÃO
B22: 45978 | C22: segunda-feira | D22: 45978
B23: 45979 | C23: terça-feira | D23: 45979
B24: 45980 | C24: quarta-feira | D24: 45980
B25: 45981 | C25: quinta-feira | D25: 45981
B26: 45982 | C26: sexta-feira | D26: 45982
B27: 45983 | C27: sábado | D27: 45983 | E27: NÃO
B28: 45984 | C28: domingo | D28: 45984 | E28: NÃO
B29: 45985 | C29: segunda-feira | D29: 45985
B30: 45986 | C30: terça-feira | D30: 45986
B31: 45987 | C31: quarta-feira | D31: 45987
B32: 45988 | C32: quinta-feira | D32: 45988
B33: 45989 | C33: sexta-feira | D33: 45989
B34: 45990 | C34: sábado | D34: 45990 | E34: NÃO
B35: 45991 | C35: domingo | D35: 45991 | E35: NÃO
B36: 45992 | C36: segunda-feira | D36: 45992
B37: 45993 | C37: terça-feira | D37: 45993
B38: 45994 | C38: quarta-feira | D38: 45994
B39: 45995 | C39: quinta-feira | D39: 45995
B40: 45996 | C40: sexta-feira | D40: 45996
B41: 45997 | C41: sábado | D41: 45997 | E41: NÃO
B42: 45998 | C42: domingo | D42: 45998 | E42: NÃO
B43: 45999 | C43: segunda-feira | D43: 45999
B44: 46000 | C44: terça-feira | D44: 46000
B45: 46001 | C45: quarta-feira | D45: 46001
B46: 46002 | C46: quinta-feira | D46: 46002
B47: 46003 | C47: sexta-feira | D47: 46003
B48: 46004 | C48: sábado | D48: 46004 | E48: NÃO
B49: 46005 | C49: domingo | D49: 46005 | E49: NÃO
B50: 46006 | C50: segunda-feira | D50: 46006
B51: 46007 | C51: terça-feira | D51: 46007
B52: 46008 | C52: quarta-feira | D52: 46008
B53: 46009 | C53: quinta-feira | D53: 46009
B54: 46010 | C54: sexta-feira | D54: 46010
B55: 46011 | C55: sábado | D55: 46011 | E55: NÃO
B56: 46012 | C56: domingo | D56: 46012 | E56: NÃO
B57: 46013 | C57: segunda-feira | D57: 46013
B58: 46014 | C58: terça-feira | D58: 46014
B59: 46015 | C59: quarta-feira | D59: 46015
B60: 46016 | C60: quinta-feira | D60: 46016
B61: 46017 | C61: sexta-feira | D61: 46017
B62: 46018 | C62: sábado | D62: 46018 | E62: NÃO
B63: 46019 | C63: domingo | D63: 46019 | E63: NÃO
B64: 46020 | C64: segunda-feira | D64: 46020
B65: 46021 | C65: terça-feira | D65: 46021
B66: 46022 | C66: quarta-feira | D66: 46022
B67: 46023 | C67: quinta-feira | D67: 46023
B68: 46024 | C68: sexta-feira | D68: 46024
B69: 46025 | C69: sábado | D69: 46025 | E69: NÃO
B70: 46026 | C70: domingo | D70: 46026 | E70: NÃO
B71: 46027 | C71: segunda-feira | D71: 46027 | E71: NÃO
B72: 46028 | C72: terça-feira | D72: 46028 | E72: SIM | F72: ∑ Equipe até 28/02 - VI | G72: Diversas até 28/02 - VI | H72: 0 | I72: 0 | M72: 0 | N72: 36 | P72: 1 | R72: 0 | S72: 0 | T72: 0 | V72: 0
B73: 46029 | C73: quarta-feira | D73: 46029 | E73: NÃO
B74: 46030 | C74: quinta-feira | D74: 46030 | E74: SIM | F74: ∑ Equipe até 28/02 - VI | G74: Diversas até 28/02 - VI | H74: 0 | I74: 0 | M74: 0 | N74: 44 | P74: 4 | R74: 0 | S74: 0 | T74: 0 | V74: 0
B75: 46031 | C75: sexta-feira | D75: 46031 | E75: SIM | F75: ∑ Equipe até 28/02 - VI | G75: Diversas até 28/02 - VI | H75: 0 | I75: 0 | M75: 0 | N75: 48 | P75: 4 | R75: 0 | S75: 0 | T75: 0 | V75: 0
B76: 46032 | C76: sábado | D76: 46032 | E76: NÃO
B77: 46033 | C77: domingo | D77: 46033 | E77: NÃO
B78: 46034 | C78: segunda-feira | D78: 46034 | E78: SIM | F78: ∑ Equipe até 28/02 - VI | G78: Diversas até 28/02 - VI | H78: 0 | I78: 0 | M78: 0 | N78: 44 | P78: 4 | R78: 0 | S78: 0 | T78: 0 | V78: 0
B79: 46035 | C79: terça-feira | D79: 46035 | E79: SIM | F79: ∑ Equipe até 28/02 - VI | G79: Diversas até 28/02 - VI | H79: 0 | I79: 4 | M79: 36 | N79: 0 | P79: 1 | R79: 0 | S79: 0 | T79: 0 | V79: 0
B80: 46036 | C80: quarta-feira | D80: 46036 | E80: SIM | F80: ∑ Equipe até 28/02 - VI | G80: Diversas até 28/02 - VI | H80: 0 | I80: 0 | M80: 0 | N80: 18 | P80: 1 | R80: 0 | S80: 0 | T80: 0 | V80: 0
B81: 46037 | C81: quinta-feira | D81: 46037 | E81: SIM | F81: ∑ Equipe até 28/02 - VI | G81: Diversas até 28/02 - VI | H81: 0 | I81: 0 | M81: 0 | N81: 12 | P81: 0 | R81: 0 | S81: 0 | T81: 0 | V81: 0
B82: 46038 | C82: sexta-feira | D82: 46038 | E82: NÃO
B83: 46039 | C83: sábado | D83: 46039 | E83: NÃO
B84: 46040 | C84: domingo | D84: 46040 | E84: NÃO
B85: 46041 | C85: segunda-feira | D85: 46041 | E85: NÃO
B86: 46042 | C86: terça-feira | D86: 46042 | E86: NÃO
B87: 46043 | C87: quarta-feira | D87: 46043 | E87: SIM | F87: ∑ Equipe até 28/02 - VI | G87: Diversas até 28/02 - VI | H87: 10 | I87: 0 | M87: 11 | N87: 18 | P87: 0 | R87: 0 | S87: 0 | T87: 0 | V87: 0
B88: 46044 | C88: quinta-feira | D88: 46044 | E88: NÃO
B89: 46045 | C89: sexta-feira | D89: 46045 | E89: SIM | F89: ∑ Equipe até 28/02 - VI | G89: Diversas até 28/02 - VI | H89: 0 | I89: 0 | M89: 0 | N89: 10 | P89: 3 | R89: 0 | S89: 0 | T89: 0 | V89: 0
B90: 46046 | C90: sábado | D90: 46046 | E90: NÃO
B91: 46047 | C91: domingo | D91: 46047 | E91: NÃO
B92: 46048 | C92: segunda-feira | D92: 46048 | E92: SIM | F92: ∑ Equipe até 28/02 - VI | G92: Diversas até 28/02 - VI | H92: 0 | I92: 0 | M92: 0 | N92: 12 | P92: 1 | R92: 0 | S92: 0 | T92: 0 | V92: 0
B93: 46049 | C93: terça-feira | D93: 46049 | E93: SIM | F93: ∑ Equipe até 28/02 - VI | G93: Diversas até 28/02 - VI | H93: 0 | I93: 1 | M93: 20 | N93: 18 | P93: 1 | R93: 0 | S93: 0 | T93: 0 | V93: 0
B94: 46050 | C94: quarta-feira | D94: 46050 | E94: SIM | F94: ∑ Equipe até 28/02 - VI | G94: Diversas até 28/02 - VI | H94: 0 | I94: 13 | M94: 0 | N94: 24 | P94: 4 | R94: 0 | S94: 0 | T94: 0 | V94: 0
B95: 46051 | C95: quinta-feira | D95: 46051 | E95: SIM | F95: ∑ Equipe até 28/02 - VI | G95: Diversas até 28/02 - VI | H95: 8 | I95: 2 | M95: 50 | N95: 25 | P95: 0 | R95: 0 | S95: 0 | T95: 0 | V95: 0
B96: 46052 | C96: sexta-feira | D96: 46052 | E96: SIM | F96: ∑ Equipe até 28/02 - VI | G96: Diversas até 28/02 - VI | H96: 0 | I96: 0 | M96: 0 | N96: 0 | P96: 2 | R96: 0 | S96: 0 | T96: 0 | V96: 0
B97: 46053 | C97: sábado | D97: 46053 | E97: NÃO
B98: 46054 | C98: domingo | D98: 46054 | E98: NÃO
B99: 46055 | C99: segunda-feira | D99: 46055 | E99: SIM | F99: ∑ Equipe até 28/02 - VI | G99: Diversas até 28/02 - VI | H99: 2 | I99: 0 | M99: 35 | N99: 0 | P99: 2 | R99: 0 | S99: 0 | T99: 0 | V99: 0
B100: 46056 | C100: terça-feira | D100: 46056 | E100: SIM | F100: ∑ Equipe até 28/02 - VI | G100: Diversas até 28/02 - VI | H100: 5 | I100: 6 | M100: 62 | N100: 0 | P100: 2 | R100: 0 | S100: 0 | T100: 0 | V100: 0
B101: 46057 | C101: quarta-feira | D101: 46057 | E101: SIM | F101: ∑ Equipe até 28/02 - VI | G101: Diversas até 28/02 - VI | H101: 0 | I101: 0 | M101: 16 | N101: 0 | P101: 0 | R101: 0 | S101: 0 | T101: 0 | V101: 0
...

Sheet M_TETEU
B1: LOCAL: | C1: MORRO DO TETÉU E VALE VERDE
B2: PREENCHIMENTO DE EXECUÇÃO DIÁRIA | H2: GERAL - PRODUÇÃO
B4: Não alterar | C4: Não alterar | D4: Não alterar | E4: Unidade | H4: Unidade | I4: Metros | J4: Metros | K4: DN | L4: Unidade | M4: Metros | N4: DN | O4: Unidade | P4: Unidade | Q4: Unidade | R4: Unidade | S4: Unidade | T4: Unidade | U4: Unidade | V4: DN
B5: Dia | C5: Dia Semana | D5: Mês | E5: Dia Útil | F5: Equipe | G5: Rua | H5: LA | I5: LE | J5: PRA | K5: DN | L5: C.UMA | M5: PRE | N5: DN | O5: C. Insp | P5: PV's | Q5: PI's | R5: LIE | S5: LIA | T5: IHM | U5: INT. | V5: DN2
B6: 45962 | C6: sábado | D6: 45962 | E6: NÃO
B7: 45963 | C7: domingo | D7: 45963 | E7: NÃO
B8: 45964 | C8: segunda-feira | D8: 45964
B9: 45965 | C9: terça-feira | D9: 45965
B10: 45966 | C10: quarta-feira | D10: 45966
B11: 45967 | C11: quinta-feira | D11: 45967
B12: 45968 | C12: sexta-feira | D12: 45968
B13: 45969 | C13: sábado | D13: 45969 | E13: NÃO
B14: 45970 | C14: domingo | D14: 45970 | E14: NÃO
B15: 45971 | C15: segunda-feira | D15: 45971
B16: 45972 | C16: terça-feira | D16: 45972
B17: 45973 | C17: quarta-feira | D17: 45973
B18: 45974 | C18: quinta-feira | D18: 45974
B19: 45975 | C19: sexta-feira | D19: 45975
B20: 45976 | C20: sábado | D20: 45976 | E20: NÃO
B21: 45977 | C21: domingo | D21: 45977 | E21: NÃO
B22: 45978 | C22: segunda-feira | D22: 45978
B23: 45979 | C23: terça-feira | D23: 45979
B24: 45980 | C24: quarta-feira | D24: 45980
B25: 45981 | C25: quinta-feira | D25: 45981
B26: 45982 | C26: sexta-feira | D26: 45982
B27: 45983 | C27: sábado | D27: 45983 | E27: NÃO
B28: 45984 | C28: domingo | D28: 45984 | E28: NÃO
B29: 45985 | C29: segunda-feira | D29: 45985
B30: 45986 | C30: terça-feira | D30: 45986
B31: 45987 | C31: quarta-feira | D31: 45987
B32: 45988 | C32: quinta-feira | D32: 45988
B33: 45989 | C33: sexta-feira | D33: 45989
B34: 45990 | C34: sábado | D34: 45990 | E34: NÃO
B35: 45991 | C35: domingo | D35: 45991 | E35: NÃO
B36: 45992 | C36: segunda-feira | D36: 45992
B37: 45993 | C37: terça-feira | D37: 45993
B38: 45994 | C38: quarta-feira | D38: 45994
B39: 45995 | C39: quinta-feira | D39: 45995
B40: 45996 | C40: sexta-feira | D40: 45996
B41: 45997 | C41: sábado | D41: 45997 | E41: NÃO
B42: 45998 | C42: domingo | D42: 45998 | E42: NÃO
B43: 45999 | C43: segunda-feira | D43: 45999
B44: 46000 | C44: terça-feira | D44: 46000
B45: 46001 | C45: quarta-feira | D45: 46001
B46: 46002 | C46: quinta-feira | D46: 46002
B47: 46003 | C47: sexta-feira | D47: 46003
B48: 46004 | C48: sábado | D48: 46004 | E48: NÃO
B49: 46005 | C49: domingo | D49: 46005 | E49: NÃO
B50: 46006 | C50: segunda-feira | D50: 46006
B51: 46007 | C51: terça-feira | D51: 46007
B52: 46008 | C52: quarta-feira | D52: 46008
B53: 46009 | C53: quinta-feira | D53: 46009
B54: 46010 | C54: sexta-feira | D54: 46010
B55: 46011 | C55: sábado | D55: 46011 | E55: NÃO
B56: 46012 | C56: domingo | D56: 46012 | E56: NÃO
B57: 46013 | C57: segunda-feira | D57: 46013
B58: 46014 | C58: terça-feira | D58: 46014
B59: 46015 | C59: quarta-feira | D59: 46015
B60: 46016 | C60: quinta-feira | D60: 46016
B61: 46017 | C61: sexta-feira | D61: 46017
B62: 46018 | C62: sábado | D62: 46018 | E62: NÃO
B63: 46019 | C63: domingo | D63: 46019 | E63: NÃO
B64: 46020 | C64: segunda-feira | D64: 46020
B65: 46021 | C65: terça-feira | D65: 46021
B66: 46022 | C66: quarta-feira | D66: 46022
B67: 46023 | C67: quinta-feira | D67: 46023
B68: 46024 | C68: sexta-feira | D68: 46024
B69: 46025 | C69: sábado | D69: 46025 | E69: NÃO
B70: 46026 | C70: domingo | D70: 46026 | E70: NÃO
B71: 46027 | C71: segunda-feira | D71: 46027
B72: 46028 | C72: terça-feira | D72: 46028
B73: 46029 | C73: quarta-feira | D73: 46029
B74: 46030 | C74: quinta-feira | D74: 46030
B75: 46031 | C75: sexta-feira | D75: 46031 | E75: SIM | F75: ∑ Equipe até 28/02 - MT | G75: Diversas até 28/02 - MT | H75: 6 | I75: 6 | N75: 57 | T75: 17
B76: 46032 | C76: sábado | D76: 46032 | E76: SIM | F76: ∑ Equipe até 28/02 - MT | G76: Diversas até 28/02 - MT | H76: 5 | M76: 20 | N76: 57 | T76: 23
B77: 46033 | C77: domingo | D77: 46033 | E77: NÃO
B78: 46034 | C78: segunda-feira | D78: 46034 | E78: SIM | F78: ∑ Equipe até 28/02 - MT | G78: Diversas até 28/02 - MT | H78: 6 | I78: 13 | M78: 3 | N78: 44 | T78: 28
B79: 46035 | C79: terça-feira | D79: 46035 | E79: SIM | F79: ∑ Equipe até 28/02 - MT | G79: Diversas até 28/02 - MT | H79: 6 | I79: 15 | M79: 22 | N79: 35
B80: 46036 | C80: quarta-feira | D80: 46036 | E80: SIM | F80: ∑ Equipe até 28/02 - MT | G80: Diversas até 28/02 - MT | H80: 5 | I80: 8 | N80: 37
B81: 46037 | C81: quinta-feira | D81: 46037 | E81: SIM | F81: ∑ Equipe até 28/02 - MT | G81: Diversas até 28/02 - MT | H81: 11 | I81: 11 | M81: 51 | N81: 45 | T81: 1
B82: 46038 | C82: sexta-feira | D82: 46038 | E82: SIM | F82: ∑ Equipe até 28/02 - MT | G82: Diversas até 28/02 - MT | H82: 8 | I82: 2 | M82: 29 | N82: 46
B83: 46039 | C83: sábado | D83: 46039 | E83: SIM | F83: ∑ Equipe até 28/02 - MT | G83: Diversas até 28/02 - MT | H83: 9
B84: 46040 | C84: domingo | D84: 46040 | E84: NÃO
B85: 46041 | C85: segunda-feira | D85: 46041 | E85: SIM | F85: ∑ Equipe até 28/02 - MT | G85: Diversas até 28/02 - MT | H85: 7 | I85: 3 | N85: 8
B86: 46042 | C86: terça-feira | D86: 46042 | E86: SIM | F86: ∑ Equipe até 28/02 - MT | G86: Diversas até 28/02 - MT | H86: 4 | I86: 10 | M86: 8 | N86: 18
B87: 46043 | C87: quarta-feira | D87: 46043 | E87: SIM | F87: ∑ Equipe até 28/02 - MT | G87: Diversas até 28/02 - MT | H87: 3 | I87: 7 | N87: 3 | S87: 1
B88: 46044 | C88: quinta-feira | D88: 46044 | E88: SIM | F88: ∑ Equipe até 28/02 - MT | G88: Diversas até 28/02 - MT | H88: 3 | I88: 9 | N88: 17.1 | S88: 5
B89: 46045 | C89: sexta-feira | D89: 46045 | E89: SIM | F89: ∑ Equipe até 28/02 - MT | G89: Diversas até 28/02 - MT | H89: 8 | I89: 11 | M89: 49 | N89: 18 | S89: 4
B90: 46046 | C90: sábado | D90: 46046 | E90: NÃO
B91: 46047 | C91: domingo | D91: 46047 | E91: NÃO
B92: 46048 | C92: segunda-feira | D92: 46048 | E92: NÃO
B93: 46049 | C93: terça-feira | D93: 46049 | E93: SIM | F93: ∑ Equipe até 28/02 - MT | G93: Diversas até 28/02 - MT | H93: 3 | M93: 9 | N93: 18 | T93: 11
B94: 46050 | C94: quarta-feira | D94: 46050 | E94: SIM | F94: ∑ Equipe até 28/02 - MT | G94: Diversas até 28/02 - MT | M94: 18 | N94: 43 | P94: 3 | Q94: 3 | T94: 8
B95: 46051 | C95: quinta-feira | D95: 46051 | E95: SIM | F95: ∑ Equipe até 28/02 - MT | G95: Diversas até 28/02 - MT | H95: 11 | I95: 8 | M95: 8 | N95: 22 | P95: 4 | Q95: 4
B96: 46052 | C96: sexta-feira | D96: 46052 | E96: SIM | F96: ∑ Equipe até 28/02 - MT | G96: Diversas até 28/02 - MT | H96: 4 | I96: 5 | M96: 18 | N96: 30 | P96: 1 | Q96: 1 | S96: 17
B97: 46053 | C97: sábado | D97: 46053 | E97: SIM | F97: ∑ Equipe até 28/02 - MT | G97: Diversas até 28/02 - MT | H97: 16 | M97: 3 | T97: 1
B98: 46054 | C98: domingo | D98: 46054 | E98: NÃO
B99: 46055 | C99: segunda-feira | D99: 46055 | E99: SIM | F99: ∑ Equipe até 28/02 - MT | G99: Diversas até 28/02 - MT | M99: 63 | N99: 8 | S99: 6
B100: 46056 | C100: terça-feira | D100: 46056 | E100: SIM | F100: ∑ Equipe até 28/02 - MT | G100: Diversas até 28/02 - MT | H100: 2 | I100: 3 | M100: 13 | N100: 15 | R100: 9 | T100: 4
B101: 46057 | C101: quarta-feira | D101: 46057 | E101: SIM | F101: ∑ Equipe até 28/02 - MT | G101: Diversas até 28/02 - MT | M101: 45 | P101: 2 | Q101: 2 | S101: 1 | Y101: =SUM(N126:N173) -> 123.4
...

Sheet V_CRIADORES
B1: LOCAL: | C1: VILA DOS CRIADORES
B2: PREENCHIMENTO DE EXECUÇÃO DIÁRIA | H2: GERAL - PRODUÇÃO
B4: Não alterar | C4: Não alterar | D4: Não alterar | E4: Unidade | H4: Unidade | I4: Unidade | J4: Metros | K4: DN | L4: Unidade | M4: Metros | N4: DN | O4: Unidade | P4: Unidade | Q4: Unidade | R4: Unidade | S4: Unidade | T4: Unidade | U4: Unidade | V4: DN
B5: Dia | C5: Dia Semana | D5: Mês | E5: Dia Útil | F5: Equipe | G5: Rua | H5: LA | I5: LE | J5: PRA | K5: DN | L5: C.UMA | M5: PRE | N5: DN2 | O5: C. INSP | P5: PV's | Q5: PI's | R5: LIE | S5: LIA | T5: IHM | U5: INT | V5: DN3
B6: 45962 | C6: sábado | D6: 45962 | E6: NÃO
B7: 45963 | C7: domingo | D7: 45963 | E7: NÃO
B8: 45964 | C8: segunda-feira | D8: 45964
B9: 45965 | C9: terça-feira | D9: 45965
B10: 45966 | C10: quarta-feira | D10: 45966
B11: 45967 | C11: quinta-feira | D11: 45967
B12: 45968 | C12: sexta-feira | D12: 45968
B13: 45969 | C13: sábado | D13: 45969 | E13: NÃO
B14: 45970 | C14: domingo | D14: 45970 | E14: NÃO
B15: 45971 | C15: segunda-feira | D15: 45971
B16: 45972 | C16: terça-feira | D16: 45972
B17: 45973 | C17: quarta-feira | D17: 45973
B18: 45974 | C18: quinta-feira | D18: 45974
B19: 45975 | C19: sexta-feira | D19: 45975
B20: 45976 | C20: sábado | D20: 45976 | E20: NÃO
B21: 45977 | C21: domingo | D21: 45977 | E21: NÃO
B22: 45978 | C22: segunda-feira | D22: 45978
B23: 45979 | C23: terça-feira | D23: 45979
B24: 45980 | C24: quarta-feira | D24: 45980
B25: 45981 | C25: quinta-feira | D25: 45981
B26: 45982 | C26: sexta-feira | D26: 45982
B27: 45983 | C27: sábado | D27: 45983 | E27: NÃO
B28: 45984 | C28: domingo | D28: 45984 | E28: NÃO
B29: 45985 | C29: segunda-feira | D29: 45985
B30: 45986 | C30: terça-feira | D30: 45986
B31: 45987 | C31: quarta-feira | D31: 45987
B32: 45988 | C32: quinta-feira | D32: 45988
B33: 45989 | C33: sexta-feira | D33: 45989
B34: 45990 | C34: sábado | D34: 45990 | E34: NÃO
B35: 45991 | C35: domingo | D35: 45991 | E35: NÃO
B36: 45992 | C36: segunda-feira | D36: 45992
B37: 45993 | C37: terça-feira | D37: 45993
B38: 45994 | C38: quarta-feira | D38: 45994
B39: 45995 | C39: quinta-feira | D39: 45995
B40: 45996 | C40: sexta-feira | D40: 45996
B41: 45997 | C41: sábado | D41: 45997 | E41: NÃO
B42: 45998 | C42: domingo | D42: 45998 | E42: NÃO
B43: 45999 | C43: segunda-feira | D43: 45999
B44: 46000 | C44: terça-feira | D44: 46000
B45: 46001 | C45: quarta-feira | D45: 46001
B46: 46002 | C46: quinta-feira | D46: 46002
B47: 46003 | C47: sexta-feira | D47: 46003
B48: 46004 | C48: sábado | D48: 46004 | E48: NÃO
B49: 46005 | C49: domingo | D49: 46005 | E49: NÃO
B50: 46006 | C50: segunda-feira | D50: 46006
B51: 46007 | C51: terça-feira | D51: 46007
B52: 46008 | C52: quarta-feira | D52: 46008
B53: 46009 | C53: quinta-feira | D53: 46009
B54: 46010 | C54: sexta-feira | D54: 46010
B55: 46011 | C55: sábado | D55: 46011 | E55: NÃO
B56: 46012 | C56: domingo | D56: 46012 | E56: NÃO
B57: 46013 | C57: segunda-feira | D57: 46013
B58: 46014 | C58: terça-feira | D58: 46014
B59: 46015 | C59: quarta-feira | D59: 46015
B60: 46016 | C60: quinta-feira | D60: 46016
B61: 46017 | C61: sexta-feira | D61: 46017
B62: 46018 | C62: sábado | D62: 46018 | E62: NÃO
B63: 46019 | C63: domingo | D63: 46019 | E63: NÃO
B64: 46020 | C64: segunda-feira | D64: 46020
B65: 46021 | C65: terça-feira | D65: 46021
B66: 46022 | C66: quarta-feira | D66: 46022
B67: 46023 | C67: quinta-feira | D67: 46023
B68: 46024 | C68: sexta-feira | D68: 46024
B69: 46025 | C69: sábado | D69: 46025 | E69: NÃO
B70: 46026 | C70: domingo | D70: 46026 | E70: NÃO
B71: 46027 | C71: segunda-feira | D71: 46027 | E71: SIM | F71: ∑ Equipe até 28/02 - VC | G71: Diversas até 28/02 - VC | H71: 0 | I71: 0 | J71: 0 | M71: 0 | P71: 0 | R71: 0 | S71: 3 | T71: 0 | V71: 0
B72: 46028 | C72: terça-feira | D72: 46028 | E72: SIM | F72: ∑ Equipe até 28/02 - VC | G72: Diversas até 28/02 - VC | H72: 0 | I72: 0 | J72: 0 | M72: 0 | P72: 0 | R72: 0 | S72: 11 | T72: 8
B73: 46029 | C73: quarta-feira | D73: 46029 | E73: SIM | F73: ∑ Equipe até 28/02 - VC | G73: Diversas até 28/02 - VC | H73: 0 | I73: 0 | J73: 0 | M73: 0 | P73: 0 | R73: 0 | S73: 7 | T73: 7 | V73: 0
B74: 46030 | C74: quinta-feira | D74: 46030 | E74: SIM | F74: ∑ Equipe até 28/02 - VC | G74: Diversas até 28/02 - VC | H74: 8 | I74: 0 | J74: 0 | M74: 0 | P74: 0 | R74: 0 | S74: 8 | T74: 8 | V74: 0
B75: 46031 | C75: sexta-feira | D75: 46031 | E75: SIM | F75: ∑ Equipe até 28/02 - VC | G75: Diversas até 28/02 - VC | H75: 0 | I75: 0 | J75: 0 | M75: 0 | P75: 0 | R75: 0 | S75: 15 | T75: 2 | V75: 0
B76: 46032 | C76: sábado | D76: 46032 | E76: SIM | F76: ∑ Equipe até 28/02 - VC | G76: Diversas até 28/02 - VC | H76: 0 | I76: 0 | J76: 0 | M76: 0 | P76: 0 | R76: 0 | S76: 17 | T76: 0 | V76: 0
B77: 46033 | C77: domingo | D77: 46033 | E77: NÃO
B78: 46034 | C78: segunda-feira | D78: 46034 | E78: SIM | F78: ∑ Equipe até 28/02 - VC | G78: Diversas até 28/02 - VC | H78: 0 | I78: 7 | J78: 0 | M78: 0 | P78: 0 | R78: 0 | S78: 7 | T78: 1 | V78: 0
B79: 46035 | C79: terça-feira | D79: 46035 | E79: SIM | F79: ∑ Equipe até 28/02 - VC | G79: Diversas até 28/02 - VC | H79: 0 | I79: 13 | J79: 0 | M79: 0 | P79: 0 | R79: 0 | S79: 12 | T79: 0 | V79: 0
B80: 46036 | C80: quarta-feira | D80: 46036 | E80: SIM | F80: ∑ Equipe até 28/02 - VC | G80: Diversas até 28/02 - VC | H80: 0 | I80: 0 | J80: 0 | M80: 0 | P80: 0 | R80: 0 | S80: 10 | T80: 0 | V80: 0
B81: 46037 | C81: quinta-feira | D81: 46037 | E81: SIM | F81: ∑ Equipe até 28/02 - VC | G81: Diversas até 28/02 - VC | H81: 0 | I81: 0 | J81: 0 | M81: 15 | P81: 0 | R81: 0 | S81: 16 | T81: 0 | V81: 0
B82: 46038 | C82: sexta-feira | D82: 46038 | E82: SIM | F82: ∑ Equipe até 28/02 - VC | G82: Diversas até 28/02 - VC | H82: 1 | I82: 0 | J82: 0 | M82: 23 | P82: 3 | R82: 0 | S82: 10 | T82: 2
B83: 46039 | C83: sábado | D83: 46039 | E83: SIM | F83: ∑ Equipe até 28/02 - VC | G83: Diversas até 28/02 - VC | H83: 0 | I83: 0 | J83: 0 | M83: 6 | P83: 1 | R83: 0 | S83: 3 | T83: 0 | V83: 0
B84: 46040 | C84: domingo | D84: 46040 | E84: NÃO
B85: 46041 | C85: segunda-feira | D85: 46041 | E85: SIM | F85: ∑ Equipe até 28/02 - VC | G85: Diversas até 28/02 - VC | H85: 0 | I85: 0 | J85: 0 | M85: 6 | P85: 0 | R85: 0 | S85: 5 | T85: 0 | V85: 0
B86: 46042 | C86: terça-feira | D86: 46042 | E86: SIM | F86: ∑ Equipe até 28/02 - VC | G86: Diversas até 28/02 - VC | H86: 0 | I86: 0 | J86: 0 | M86: 6 | P86: 0 | R86: 0 | S86: 9 | T86: 0 | V86: 0
B87: 46043 | C87: quarta-feira | D87: 46043 | E87: SIM | F87: ∑ Equipe até 28/02 - VC | G87: Diversas até 28/02 - VC | H87: 0 | I87: 0 | J87: 0 | M87: 18 | P87: 2 | R87: 0 | S87: 9 | T87: 0 | V87: 0
B88: 46044 | C88: quinta-feira | D88: 46044 | E88: SIM | F88: ∑ Equipe até 28/02 - VC | G88: Diversas até 28/02 - VC | H88: 0 | I88: 0 | J88: 0 | M88: 30 | P88: 0 | R88: 0 | S88: 7 | T88: 0 | V88: 0
B89: 46045 | C89: sexta-feira | D89: 46045 | E89: SIM | F89: ∑ Equipe até 28/02 - VC | G89: Diversas até 28/02 - VC | H89: 0 | I89: 0 | J89: 0 | M89: 28.2 | P89: 1 | R89: 0 | S89: 3 | T89: 0 | V89: 0
B90: 46046 | C90: sábado | D90: 46046 | E90: NÃO
B91: 46047 | C91: domingo | D91: 46047 | E91: NÃO
B92: 46048 | C92: segunda-feira | D92: 46048 | E92: NÃO
B93: 46049 | C93: terça-feira | D93: 46049 | E93: SIM | F93: ∑ Equipe até 28/02 - VC | G93: Diversas até 28/02 - VC | H93: 0 | I93: 0 | J93: 0 | M93: 18 | P93: 2 | R93: 3 | S93: 4 | T93: 0 | V93: 0
B94: 46050 | C94: quarta-feira | D94: 46050 | E94: SIM | F94: ∑ Equipe até 28/02 - VC | G94: Diversas até 28/02 - VC | H94: 0 | I94: 0 | J94: 0 | M94: 30 | P94: 1 | R94: 4 | S94: 0 | T94: 0 | V94: 0
B95: 46051 | C95: quinta-feira | D95: 46051 | E95: SIM | F95: ∑ Equipe até 28/02 - VC | G95: Diversas até 28/02 - VC | H95: 0 | I95: 0 | J95: 0 | M95: 6 | P95: 3 | R95: 1 | S95: 8 | T95: 8 | V95: 0
B96: 46052 | C96: sexta-feira | D96: 46052 | E96: SIM | F96: ∑ Equipe até 28/02 - VC | G96: Diversas até 28/02 - VC | H96: 0 | I96: 0 | J96: 0 | M96: 12 | P96: 0 | R96: 2 | S96: 0 | T96: 5 | V96: 0
B97: 46053 | C97: sábado | D97: 46053 | E97: SIM | F97: ∑ Equipe até 28/02 - VC | G97: Diversas até 28/02 - VC | H97: 1 | I97: 0 | J97: 0 | M97: 6 | P97: 0 | R97: 0 | S97: 1 | T97: 0 | V97: 0
B98: 46054 | C98: domingo | D98: 46054 | E98: NÃO
B99: 46055 | C99: segunda-feira | D99: 46055 | E99: SIM | F99: ∑ Equipe até 28/02 - VC | G99: Diversas até 28/02 - VC | H99: 0 | I99: 0 | J99: 0 | M99: 12 | P99: 1 | R99: 0 | S99: 5 | T99: 4 | V99: 0
B100: 46056 | C100: terça-feira | D100: 46056 | E100: SIM | F100: ∑ Equipe até 28/02 - VC | G100: Diversas até 28/02 - VC | H100: 0 | I100: 0 | J100: 0 | M100: 8 | P100: 0 | R100: 0 | S100: 5 | T100: 6 | V100: 0
B101: 46057 | C101: quarta-feira | D101: 46057 | E101: SIM | F101: ∑ Equipe até 28/02 - VC | G101: Diversas até 28/02 - VC | H101: 0 | I101: 0 | J101: 0 | M101: 12 | P101: 1 | R101: 0 | S101: 0 | T101: 6 | V101: 0
...

Sheet P_BAIXO
B1: LOCAL: | C1: PANTANAL BAIXO
B2: PREENCHIMENTO DE EXECUÇÃO DIÁRIA | H2: GERAL - PRODUÇÃO
B4: Não alterar | C4: Não alterar | D4: Não alterar | E4: Unidade | H4: Unidade | I4: Unidade | J4: Metros | K4: DN | L4: Unidade | M4: Metros | N4: DN | O4: Unidade | P4: Unidade | Q4: Unidade | R4: Unidade | S4: Unidade | T4: Unidade | U4: Unidade | V4: DN
B5: Dia | C5: Dia Semana | D5: Mês | E5: Dia Útil | F5: Equipe | G5: Rua | H5: LA | I5: LE | J5: PRA | K5: DN | L5: C.UMA | M5: PRE | N5: DN2 | O5: C. INP | P5: PV's | Q5: PI's | R5: LIE | S5: LIA | T5: IHM | U5: INT | V5: DN
B6: 45962 | C6: sábado | D6: 45962 | E6: NÃO
B7: 45963 | C7: domingo | D7: 45963 | E7: NÃO
B8: 45964 | C8: segunda-feira | D8: 45964
B9: 45965 | C9: terça-feira | D9: 45965
B10: 45966 | C10: quarta-feira | D10: 45966
B11: 45967 | C11: quinta-feira | D11: 45967
B12: 45968 | C12: sexta-feira | D12: 45968
B13: 45969 | C13: sábado | D13: 45969 | E13: NÃO
B14: 45970 | C14: domingo | D14: 45970 | E14: NÃO
B15: 45971 | C15: segunda-feira | D15: 45971
B16: 45972 | C16: terça-feira | D16: 45972
B17: 45973 | C17: quarta-feira | D17: 45973
B18: 45974 | C18: quinta-feira | D18: 45974
B19: 45975 | C19: sexta-feira | D19: 45975
B20: 45976 | C20: sábado | D20: 45976 | E20: NÃO
B21: 45977 | C21: domingo | D21: 45977 | E21: NÃO
B22: 45978 | C22: segunda-feira | D22: 45978
B23: 45979 | C23: terça-feira | D23: 45979
B24: 45980 | C24: quarta-feira | D24: 45980
B25: 45981 | C25: quinta-feira | D25: 45981
B26: 45982 | C26: sexta-feira | D26: 45982
B27: 45983 | C27: sábado | D27: 45983 | E27: NÃO
B28: 45984 | C28: domingo | D28: 45984 | E28: NÃO
B29: 45985 | C29: segunda-feira | D29: 45985
B30: 45986 | C30: terça-feira | D30: 45986
B31: 45987 | C31: quarta-feira | D31: 45987
B32: 45988 | C32: quinta-feira | D32: 45988
B33: 45989 | C33: sexta-feira | D33: 45989
B34: 45990 | C34: sábado | D34: 45990 | E34: NÃO
B35: 45991 | C35: domingo | D35: 45991 | E35: NÃO
B36: 45992 | C36: segunda-feira | D36: 45992
B37: 45993 | C37: terça-feira | D37: 45993
B38: 45994 | C38: quarta-feira | D38: 45994
B39: 45995 | C39: quinta-feira | D39: 45995
B40: 45996 | C40: sexta-feira | D40: 45996
B41: 45997 | C41: sábado | D41: 45997 | E41: NÃO
B42: 45998 | C42: domingo | D42: 45998 | E42: NÃO
B43: 45999 | C43: segunda-feira | D43: 45999
B44: 46000 | C44: terça-feira | D44: 46000
B45: 46001 | C45: quarta-feira | D45: 46001
B46: 46002 | C46: quinta-feira | D46: 46002
B47: 46003 | C47: sexta-feira | D47: 46003
B48: 46004 | C48: sábado | D48: 46004 | E48: NÃO
B49: 46005 | C49: domingo | D49: 46005 | E49: NÃO
B50: 46006 | C50: segunda-feira | D50: 46006
B51: 46007 | C51: terça-feira | D51: 46007
B52: 46008 | C52: quarta-feira | D52: 46008
B53: 46009 | C53: quinta-feira | D53: 46009
B54: 46010 | C54: sexta-feira | D54: 46010
B55: 46011 | C55: sábado | D55: 46011 | E55: NÃO
B56: 46012 | C56: domingo | D56: 46012 | E56: NÃO
B57: 46013 | C57: segunda-feira | D57: 46013
B58: 46014 | C58: terça-feira | D58: 46014
B59: 46015 | C59: quarta-feira | D59: 46015
B60: 46016 | C60: quinta-feira | D60: 46016
B61: 46017 | C61: sexta-feira | D61: 46017
B62: 46018 | C62: sábado | D62: 46018 | E62: NÃO
B63: 46019 | C63: domingo | D63: 46019 | E63: NÃO
B64: 46020 | C64: segunda-feira | D64: 46020
B65: 46021 | C65: terça-feira | D65: 46021
B66: 46022 | C66: quarta-feira | D66: 46022
B67: 46023 | C67: quinta-feira | D67: 46023
B68: 46024 | C68: sexta-feira | D68: 46024
B69: 46025 | C69: sábado | D69: 46025 | E69: NÃO
B70: 46026 | C70: domingo | D70: 46026 | E70: NÃO
B71: 46027 | C71: segunda-feira | D71: 46027 | E71: SIM | F71: ∑ Equipe até 28/02 - PB | G71: Diversas até 28/02 - PB | H71: 0 | I71: 0 | M71: 3 | N71: 3 | P71: 0 | R71: 0 | S71: 0 | T71: 0 | V71: 0
B72: 46028 | C72: terça-feira | D72: 46028 | E72: SIM | F72: ∑ Equipe até 28/02 - PB | G72: Diversas até 28/02 - PB | H72: 0 | I72: 0 | M72: 3 | N72: 3 | P72: 0 | R72: 0 | S72: 0 | T72: 0 | V72: 0
B73: 46029 | C73: quarta-feira | D73: 46029 | E73: SIM | F73: ∑ Equipe até 28/02 - PB | G73: Diversas até 28/02 - PB | H73: 0 | I73: 0 | M73: 3 | N73: 3 | P73: 0 | R73: 0 | S73: 0 | T73: 0 | V73: 0
B74: 46030 | C74: quinta-feira | D74: 46030 | E74: SIM | F74: ∑ Equipe até 28/02 - PB | G74: Diversas até 28/02 - PB | H74: 9 | I74: 0 | M74: 3 | N74: 3 | P74: 0 | R74: 0 | S74: 0 | T74: 0 | V74: 0
B75: 46031 | C75: sexta-feira | D75: 46031 | E75: SIM | F75: ∑ Equipe até 28/02 - PB | G75: Diversas até 28/02 - PB | H75: 9 | I75: 0 | M75: 3 | N75: 3 | P75: 0 | R75: 0 | S75: 0 | T75: 0 | V75: 0
B76: 46032 | C76: sábado | D76: 46032 | E76: SIM | F76: ∑ Equipe até 28/02 - PB | G76: Diversas até 28/02 - PB | H76: 9 | I76: 0 | M76: 3 | N76: 0 | P76: 0 | R76: 0 | S76: 0 | T76: 0 | V76: 0
B77: 46033 | C77: domingo | D77: 46033 | E77: NÃO
B78: 46034 | C78: segunda-feira | D78: 46034 | E78: SIM | F78: ∑ Equipe até 28/02 - PB | G78: Diversas até 28/02 - PB | H78: 9 | I78: 0 | M78: 3 | N78: 3 | P78: 0 | R78: 0 | S78: 0 | T78: 0 | V78: 0
B79: 46035 | C79: terça-feira | D79: 46035 | E79: SIM | F79: ∑ Equipe até 28/02 - PB | G79: Diversas até 28/02 - PB | H79: 9 | I79: 0 | M79: 3 | N79: 3 | P79: 0 | R79: 0 | S79: 0 | T79: 0 | V79: 0
B80: 46036 | C80: quarta-feira | D80: 46036 | E80: SIM | F80: ∑ Equipe até 28/02 - PB | G80: Diversas até 28/02 - PB | H80: 9 | I80: 0 | M80: 3 | N80: 18 | P80: 0 | R80: 0 | S80: 0 | T80: 0 | V80: 0
B81: 46037 | C81: quinta-feira | D81: 46037 | E81: SIM | F81: ∑ Equipe até 28/02 - PB | G81: Diversas até 28/02 - PB | H81: 0 | I81: 0 | M81: 3 | N81: 18 | P81: 1 | R81: 0 | S81: 0 | T81: 0 | V81: 0
B82: 46038 | C82: sexta-feira | D82: 46038 | E82: SIM | F82: ∑ Equipe até 28/02 - PB | G82: Diversas até 28/02 - PB | H82: 0 | I82: 0 | M82: 0 | N82: 6 | P82: 1 | R82: 0 | S82: 0 | T82: 0 | V82: 0
B83: 46039 | C83: sábado | D83: 46039 | E83: NÃO
B84: 46040 | C84: domingo | D84: 46040 | E84: NÃO
B85: 46041 | C85: segunda-feira | D85: 46041 | E85: NÃO | F85: ∑ Equipe até 28/02 - PB | G85: Diversas até 28/02 - PB
B86: 46042 | C86: terça-feira | D86: 46042 | E86: SIM | F86: ∑ Equipe até 28/02 - PB | G86: Diversas até 28/02 - PB | H86: 0 | I86: 0 | M86: 0 | N86: 24 | P86: 0 | R86: 0 | S86: 0 | T86: 0 | V86: 0
B87: 46043 | C87: quarta-feira | D87: 46043 | E87: SIM | F87: ∑ Equipe até 28/02 - PB | G87: Diversas até 28/02 - PB | H87: 10 | I87: 0 | M87: 11 | N87: 18 | P87: 0 | R87: 0 | S87: 0 | T87: 0 | V87: 0
B88: 46044 | C88: quinta-feira | D88: 46044 | E88: SIM | F88: ∑ Equipe até 28/02 - PB | G88: Diversas até 28/02 - PB | H88: 0 | I88: 0 | M88: 30 | N88: 12 | P88: 1 | R88: 0 | S88: 0 | T88: 0 | V88: 0
B89: 46045 | C89: sexta-feira | D89: 46045 | E89: SIM | F89: ∑ Equipe até 28/02 - PB | G89: Diversas até 28/02 - PB | H89: 0 | I89: 0 | M89: 8 | N89: 18 | P89: 0 | R89: 0 | S89: 0 | T89: 0 | V89: 0
B90: 46046 | C90: sábado | D90: 46046 | E90: NÃO
B91: 46047 | C91: domingo | D91: 46047 | E91: NÃO
B92: 46048 | C92: segunda-feira | D92: 46048 | E92: NÃO
B93: 46049 | C93: terça-feira | D93: 46049 | E93: SIM | F93: ∑ Equipe até 28/02 - PB | G93: Diversas até 28/02 - PB | H93: 10 | I93: 4 | M93: 20 | N93: 12 | P93: 0 | R93: 0 | S93: 0 | T93: 0 | V93: 0
B94: 46050 | C94: quarta-feira | D94: 46050 | E94: SIM | F94: ∑ Equipe até 28/02 - PB | G94: Diversas até 28/02 - PB | H94: 8 | I94: 0 | M94: 37 | N94: 29 | P94: 0 | R94: 0 | S94: 0 | T94: 8 | V94: 0
B95: 46051 | C95: quinta-feira | D95: 46051 | E95: SIM | F95: ∑ Equipe até 28/02 - PB | G95: Diversas até 28/02 - PB | H95: 7 | I95: 3 | M95: 6 | N95: 17 | P95: 0 | R95: 0 | S95: 0 | T95: 9 | V95: 0
B96: 46052 | C96: sexta-feira | D96: 46052 | E96: SIM | F96: ∑ Equipe até 28/02 - PB | G96: Diversas até 28/02 - PB | H96: 0 | I96: 0 | M96: 15 | N96: 9 | P96: 0 | R96: 0 | S96: 14 | T96: 10 | V96: 0
B97: 46053 | C97: sábado | D97: 46053 | E97: SIM | F97: ∑ Equipe até 28/02 - PB | G97: Diversas até 28/02 - PB | H97: 6 | I97: 2 | M97: 20 | N97: 6 | P97: 0 | R97: 0 | S97: 0 | T97: 5 | V97: 0
B98: 46054 | C98: domingo | D98: 46054 | E98: NÃO
B99: 46055 | C99: segunda-feira | D99: 46055 | E99: SIM | F99: ∑ Equipe até 28/02 - PB | G99: Diversas até 28/02 - PB | H99: 6 | I99: 0 | S99: 0 | T99: 0 | V99: 0
B100: 46056 | C100: terça-feira | D100: 46056 | E100: SIM | F100: ∑ Equipe até 28/02 - PB | G100: Diversas até 28/02 - PB | H100: 10 | I100: 0 | M100: 0 | N100: 0 | P100: 0 | R100: 0 | S100: 0 | T100: 0 | V100: 0
B101: 46057 | C101: quarta-feira | D101: 46057 | E101: SIM | F101: ∑ Equipe até 28/02 - PB | G101: Diversas até 28/02 - PB | H101: 0 | I101: 0 | M101: 0 | N101: 0 | P101: 0 | R101: 0 | S101: 0 | T101: 0 | V101: 0
...

Sheet Planilha1
B2: Equipes por Núcleo
B3: NÚCLEO | C3: Equipes Atual | E3: Em Prospecção | F3: TOTAL
B4: São Manoel | C4: 6 | D4: 2 | E4: 2 | F4: =SUM(C4:E4) -> 10
B5: João Carlos | C5: 3 | E5: 1 | F5: =SUM(C5:E5) -> 4
B6: Vila Israel | C6: 4 | D6: 2 | F6: =SUM(C6:E6) -> 6
B7: Teteu | C7: 4 | F7: =SUM(C7:E7) -> 4
B8: Vila dos Criadores | C8: 5 | D8: 2 | F8: =SUM(C8:E8) -> 7
B9: Pantanal Baixo | C9: 6 | D9: 2 | F9: =SUM(C9:E9) -> 8
B10: TOTAL => | C10: =SUM(C4:C9) -> 28 | D10: =SUM(D4:D9) -> 8 | E10: =SUM(E4:E9) -> 3 | F10: =SUM(F4:F9) -> 39
B13: Equipes por Núcleo
B14: NÚCLEO | C14: Equipes Atual | E14: Em Prospecção | F14: TOTAL
B15: São Manoel | C15: 8 | E15: 2 | F15: =SUM(C15:E15) -> 10
B16: João Carlos | C16: 3 | E16: 1 | F16: =SUM(C16:E16) -> 4
B17: Vila Israel | C17: 6 | F17: =SUM(C17:E17) -> 6
B18: Teteu | C18: 4 | F18: =SUM(C18:E18) -> 4
B19: Vila dos Criadores | C19: 7 | F19: =SUM(C19:E19) -> 7
B20: Pantanal Baixo | C20: 8 | F20: =SUM(C20:E20) -> 8
B21: TOTAL => | C21: =SUM(C15:C20) -> 36 | D21: =SUM(D15:D20) -> 0 | E21: =SUM(E15:E20) -> 3 | F21: =SUM(F15:F20) -> 39

Sheet RESUMO
A1: ITEM | B1: MORRO TETEU | C1: PANTANAL BAIXO | D1: JOÃO CARLOS | E1: SÃO MANOEL | F1: VILA ISRAEL | G1: VILA CRIADORES | H1: Total
A2: LE - Ligação de Esgoto | B2: =M_TETEU!$I530 -> 4 | C2: =P_BAIXO!$I601 -> 0 | D2: =J_CARLOS!$I525 -> 12 | E2: =S_MANOEL!$I556 -> 223 | F2: =V_ISRAEL!$I508 -> 4 | G2: =V_CRIADORES!$I549 -> 15 | H2: =SUM(B2:G2) -> 258
A3: PRE - Prolongamento Rede de Esgoto | B3: =M_TETEU!$N530 -> 218 | C3: =P_BAIXO!$N601 -> 3084 | D3: =J_CARLOS!$N525 -> 0 | E3: =S_MANOEL!$O556 -> 1455.77 | F3: =V_ISRAEL!$N508 -> 1000 | G3: =V_CRIADORES!$M549 -> 142 | H3: =SUM(B3:G3) -> 5899.77
A4: PV - Poço de Visita | B4: =M_TETEU!$P530 -> 2 | C4: =P_BAIXO!$P601 -> 2 | D4: =J_CARLOS!$P525 -> 0 | E4: =S_MANOEL!$P556 -> 23 | F4: =V_ISRAEL!$P508 -> 1 | G4: =V_CRIADORES!$P549 -> 3 | H4: =SUM(B4:G4) -> 31
A5: LIE - Ligação Intradomiciliar de Esgoto | B5: =M_TETEU!$R530 -> 0 | C5: =P_BAIXO!$R601 -> 0 | D5: =J_CARLOS!$R525 -> 0 | E5: =S_MANOEL!$R556 -> 27 | F5: =V_ISRAEL!$R508 -> 0 | G5: =V_CRIADORES!$R549 -> 0 | H5: =SUM(B5:G5) -> 27
A6: LA - Ligação de Água | B6: =M_TETEU!$H530 -> 3 | C6: =P_BAIXO!$H601 -> 2 | D6: =J_CARLOS!$H525 -> 6 | E6: =S_MANOEL!$H556 -> 172 | F6: =V_ISRAEL!$H508 -> 5 | G6: =V_CRIADORES!$H549 -> 3 | H6: =SUM(B6:G6) -> 191
A7: PRA - Prolongamento Rede de Água | B7: =M_TETEU!$M530 -> 61 | C7: =P_BAIXO!$M601 -> 84 | D7: =J_CARLOS!$M525 -> 0 | E7: =S_MANOEL!$M556 -> 1576.16 | F7: =V_ISRAEL!$M508 -> 60 | G7: =V_CRIADORES!$J549 -> 28 | H7: =SUM(B7:G7) -> 1809.16
A8: LIA - Ligação Intradomiciliar de Água | B8: =M_TETEU!$S530 -> 98 | C8: =P_BAIXO!$S601 -> 72 | D8: =J_CARLOS!$S525 -> 71 | E8: =S_MANOEL!$S556 -> 130 | F8: =V_ISRAEL!$S508 -> 2 | G8: =V_CRIADORES!$S549 -> 21 | H8: =SUM(B8:G8) -> 394
A9: IHM - Instalação de Hidrometro | B9: =M_TETEU!$T530 -> 30 | C9: =P_BAIXO!$T601 -> 0 | D9: =J_CARLOS!$T525 -> 5 | E9: =S_MANOEL!$T556 -> 0 | F9: =V_ISRAEL!$T508 -> 0 | G9: =V_CRIADORES!$T549 -> 16 | H9: =SUM(B9:G9) -> 51
A10: RHM - Reposição de Hidrometro | B10: =M_TETEU!$V530 -> 189 | C10: =P_BAIXO!$V601 -> 0 | D10: =J_CARLOS!$V525 -> 0 | E10: =S_MANOEL!$V556 -> 383 | F10: =V_ISRAEL!$V508 -> 0 | G10: =V_CRIADORES!$V549 -> 110 | H10: =SUM(B10:G10) -> 682
