Workbook
Name SegmentaçãodeDados_Núcleo: #N/A

Sheet GERAL
B2: Dia | C2: Dia Semana | D2: Mês | E2: Dia Útil | F2: Equipe | G2: Rua | H2: LA | I2: LE | J2: PRA | K2: PRE | L2: PV's | M2: LIE | N2: LIA | O2: IHM | P2: RHM | Q2: Núcleo
A3: =_xlfn.XLOOKUP(GERAL[[#This Row],[Dia]],U:U,T:T,"") | B3: 45962 | C3: sábado | D3: 45962 | E3: NÃO | Q3: Morro do Tetéu | R3: =_xlfn.XLOOKUP(GERAL[[#This Row],[Dia]],U:U,V:V,"") | T3: Semana 1 | U3: 46052 | V3: Prazo_30
A4: =_xlfn.XLOOKUP(GERAL[[#This Row],[Dia]],U:U,T:T,"") | B4: 45963 | C4: domingo | D4: 45963 | E4: NÃO | Q4: Morro do Tetéu | R4: =_xlfn.XLOOKUP(GERAL[[#This Row],[Dia]],U:U,V:V,"") | T4: Semana 1 | U4: 46053 | V4: Prazo_30
A5: =_xlfn.XLOOKUP(GERAL[[#This Row],[Dia]],U:U,T:T,"") | B5: 45964 | C5: segunda-feira | D5: 45964 | Q5: Morro do Tetéu | R5: =_xlfn.XLOOKUP(GERAL[[#This Row],[Dia]],U:U,V:V,"") | T5: Semana 1 | U5: 46054 | V5: Prazo_30
A6: =_xlfn.XLOOKUP(GERAL[[#This Row],[Dia]],U:U,T:T,"") | B6: 45965 | C6: terça-feira | D6: 45965 | Q6: Morro do Tetéu | R6: =_xlfn.XLOOKUP(GERAL[[#This Row],[Dia]],U:U,V:V,"") | T6: Semana 1 | U6: 46055 | V6: Prazo_30
A7: =_xlfn.XLOOKUP(GERAL[[#This Row],[Dia]],U:U,T:T,"") | B7: 45966 | C7: quarta-feira | D7: 45966 | Q7: Morro do Tetéu | R7: =_xlfn.XLOOKUP(GERAL[[#This Row],[Dia]],U:U,V:V,"") | T7: Semana 1 | U7: 46056 | V7: Prazo_30
A8: =_xlfn.XLOOKUP(GERAL[[#This Row],[Dia]],U:U,T:T,"") | B8: 45967 | C8: quinta-feira | D8: 45967 | Q8: Morro do Tetéu | R8: =_xlfn.XLOOKUP(GERAL[[#This Row],[Dia]],U:U,V:V,"") | T8: Semana 1 | U8: 46057 | V8: Prazo_30
A9: =_xlfn.XLOOKUP(GERAL[[#This Row],[Dia]],U:U,T:T,"") | B9: 45968 | C9: sexta-feira | D9: 45968 | Q9: Morro do Tetéu | R9: =_xlfn.XLOOKUP(GERAL[[#This Row],[Dia]],U:U,V:V,"") | T9: Semana 1 | U9: 46058 | V9: Prazo_30
A10: =_xlfn.XLOOKUP(GERAL[[#This Row],[Dia]],U:U,T:T,"") | B10: 45969 | C10: sábado | D10: 45969 | E10: NÃO | Q10: Morro do Tetéu | R10: =_xlfn.XLOOKUP(GERAL[[#This Row],[Dia]],U:U,V:V,"") | T10: Semana 1 | U10: 46059 | V10: Prazo_30
A11: =_xlfn.XLOOKUP(GERAL[[#This Row],[Dia]],U:U,T:T,"") | B11: 45970 | C11: domingo | D11: 45970 | E11: NÃO | Q11: Morro do Tetéu | R11: =_xlfn.XLOOKUP(GERAL[[#This Row],[Dia]],U:U,V:V,"") | T11: Semana 1 | U11: 46060 | V11: Prazo_30
A12: =_xlfn.XLOOKUP(GERAL[[#This Row],[Dia]],U:U,T:T,"") | B12: 45971 | C12: segunda-feira | D12: 45971 | Q12: Morro do Tetéu | R12: =_xlfn.XLOOKUP(GERAL[[#This Row],[Dia]],U:U,V:V,"") | T12: Semana 2 | U12: 46061 | V12: Prazo_30
A13: =_xlfn.XLOOKUP(GERAL[[#This Row],[Dia]],U:U,T:T,"") | B13: 45972 | C13: terça-feira | D13: 45972 | Q13: Morro do Tetéu | R13: =_xlfn.XLOOKUP(GERAL[[#This Row],[Dia]],U:U,V:V,"") | T13: Semana 2 | U13: 46062 | V13: Prazo_30
A14: =_xlfn.XLOOKUP(GERAL[[#This Row],[Dia]],U:U,T:T,"") | B14: 45973 | C14: quarta-feira | D14: 45973 | Q14: Morro do Tetéu | R14: =_xlfn.XLOOKUP(GERAL[[#This Row],[Dia]],U:U,V:V,"") | T14: Semana 2 | U14: 46063 | V14: Prazo_30
A15: =_xlfn.XLOOKUP(GERAL[[#This Row],[Dia]],U:U,T:T,"") | B15: 45974 | C15: quinta-feira | D15: 45974 | Q15: Morro do Tetéu | R15: =_xlfn.XLOOKUP(GERAL[[#This Row],[Dia]],U:U,V:V,"") | T15: Semana 2 | U15: 46064 | V15: Prazo_30
A16: =_xlfn.XLOOKUP(GERAL[[#This Row],[Dia]],U:U,T:T,"") | B16: 45975 | C16: sexta-feira | D16: 45975 | Q16: Morro do Tetéu | R16: =_xlfn.XLOOKUP(GERAL[[#This Row],[Dia]],U:U,V:V,"") | T16: Semana 2 | U16: 46065 | V16: Prazo_30
A17: =_xlfn.XLOOKUP(GERAL[[#This Row],[Dia]],U:U,T:T,"") | B17: 45976 | C17: sábado | D17: 45976 | E17: NÃO | Q17: Morro do Tetéu | R17: =_xlfn.XLOOKUP(GERAL[[#This Row],[Dia]],U:U,V:V,"") | T17: Semana 2 | U17: 46066 | V17: Prazo_30
A18: =_xlfn.XLOOKUP(GERAL[[#This Row],[Dia]],U:U,T:T,"") | B18: 45977 | C18: domingo | D18: 45977 | E18: NÃO | Q18: Morro do Tetéu | R18: =_xlfn.XLOOKUP(GERAL[[#This Row],[Dia]],U:U,V:V,"") | T18: Semana 2 | U18: 46067 | V18: Prazo_30
A19: =_xlfn.XLOOKUP(GERAL[[#This Row],[Dia]],U:U,T:T,"") | B19: 45978 | C19: segunda-feira | D19: 45978 | Q19: Morro do Tetéu | R19: =_xlfn.XLOOKUP(GERAL[[#This Row],[Dia]],U:U,V:V,"") | T19: Semana 3 | U19: 46068 | V19: Prazo_30
A20: =_xlfn.XLOOKUP(GERAL[[#This Row],[Dia]],U:U,T:T,"") | B20: 45979 | C20: terça-feira | D20: 45979 | Q20: Morro do Tetéu | R20: =_xlfn.XLOOKUP(GERAL[[#This Row],[Dia]],U:U,V:V,"") | T20: Semana 3 | U20: 46069 | V20: Prazo_30
A21: =_xlfn.XLOOKUP(GERAL[[#This Row],[Dia]],U:U,T:T,"") | B21: 45980 | C21: quarta-feira | D21: 45980 | Q21: Morro do Tetéu | R21: =_xlfn.XLOOKUP(GERAL[[#This Row],[Dia]],U:U,V:V,"") | T21: Semana 3 | U21: 46070 | V21: Prazo_30
A22: =_xlfn.XLOOKUP(GERAL[[#This Row],[Dia]],U:U,T:T,"") | B22: 45981 | C22: quinta-feira | D22: 45981 | Q22: Morro do Tetéu | R22: =_xlfn.XLOOKUP(GERAL[[#This Row],[Dia]],U:U,V:V,"") | T22: Semana 3 | U22: 46071 | V22: Prazo_30
A23: =_xlfn.XLOOKUP(GERAL[[#This Row],[Dia]],U:U,T:T,"") | B23: 45982 | C23: sexta-feira | D23: 45982 | Q23: Morro do Tetéu | R23: =_xlfn.XLOOKUP(GERAL[[#This Row],[Dia]],U:U,V:V,"") | T23: Semana 3 | U23: 46072 | V23: Prazo_30
A24: =_xlfn.XLOOKUP(GERAL[[#This Row],[Dia]],U:U,T:T,"") | B24: 45983 | C24: sábado | D24: 45983 | E24: NÃO | Q24: Morro do Tetéu | R24: =_xlfn.XLOOKUP(GERAL[[#This Row],[Dia]],U:U,V:V,"") | T24: Semana 3 | U24: 46073 | V24: Prazo_30
A25: =_xlfn.XLOOKUP(GERAL[[#This Row],[Dia]],U:U,T:T,"") | B25: 45984 | C25: domingo | D25: 45984 | E25: NÃO | Q25: Morro do Tetéu | R25: =_xlfn.XLOOKUP(GERAL[[#This Row],[Dia]],U:U,V:V,"") | T25: Semana 3 | U25: 46074 | V25: Prazo_30
A26: =_xlfn.XLOOKUP(GERAL[[#This Row],[Dia]],U:U,T:T,"") | B26: 45985 | C26: segunda-feira | D26: 45985 | Q26: Morro do Tetéu | R26: =_xlfn.XLOOKUP(GERAL[[#This Row],[Dia]],U:U,V:V,"") | T26: Semana 4 | U26: 46075 | V26: Prazo_30
A27: =_xlfn.XLOOKUP(GERAL[[#This Row],[Dia]],U:U,T:T,"") | B27: 45986 | C27: terça-feira | D27: 45986 | Q27: Morro do Tetéu | R27: =_xlfn.XLOOKUP(GERAL[[#This Row],[Dia]],U:U,V:V,"") | T27: Semana 4 | U27: 46076 | V27: Prazo_30
A28: =_xlfn.XLOOKUP(GERAL[[#This Row],[Dia]],U:U,T:T,"") | B28: 45987 | C28: quarta-feira | D28: 45987 | Q28: Morro do Tetéu | R28: =_xlfn.XLOOKUP(GERAL[[#This Row],[Dia]],U:U,V:V,"") | T28: Semana 4 | U28: 46077 | V28: Prazo_30
A29: =_xlfn.XLOOKUP(GERAL[[#This Row],[Dia]],U:U,T:T,"") | B29: 45988 | C29: quinta-feira | D29: 45988 | Q29: Morro do Tetéu | R29: =_xlfn.XLOOKUP(GERAL[[#This Row],[Dia]],U:U,V:V,"") | T29: Semana 4 | U29: 46078 | V29: Prazo_30
A30: =_xlfn.XLOOKUP(GERAL[[#This Row],[Dia]],U:U,T:T,"") | B30: 45989 | C30: sexta-feira | D30: 45989 | Q30: Morro do Tetéu | R30: =_xlfn.XLOOKUP(GERAL[[#This Row],[Dia]],U:U,V:V,"") | T30: Semana 4 | U30: 46079 | V30: Prazo_30
A31: =_xlfn.XLOOKUP(GERAL[[#This Row],[Dia]],U:U,T:T,"") | B31: 45990 | C31: sábado | D31: 45990 | E31: NÃO | Q31: Morro do Tetéu | R31: =_xlfn.XLOOKUP(GERAL[[#This Row],[Dia]],U:U,V:V,"") | T31: Semana 4 | U31: 46080 | V31: Prazo_30
A32: =_xlfn.XLOOKUP(GERAL[[#This Row],[Dia]],U:U,T:T,"") | B32: 45991 | C32: domingo | D32: 45991 | E32: NÃO | Q32: Morro do Tetéu | R32: =_xlfn.XLOOKUP(GERAL[[#This Row],[Dia]],U:U,V:V,"") | T32: Semana 4 | U32: 46081 | V32: Prazo_30
A33: =_xlfn.XLOOKUP(GERAL[[#This Row],[Dia]],U:U,T:T,"") | B33: 45992 | C33: segunda-feira | D33: 45992 | Q33: Morro do Tetéu | R33: =_xlfn.XLOOKUP(GERAL[[#This Row],[Dia]],U:U,V:V,"") | T33: Semana 5 | U33: 46082 | V33: Prazo_30
A34: =_xlfn.XLOOKUP(GERAL[[#This Row],[Dia]],U:U,T:T,"") | B34: 45993 | C34: terça-feira | D34: 45993 | Q34: Morro do Tetéu | R34: =_xlfn.XLOOKUP(GERAL[[#This Row],[Dia]],U:U,V:V,"") | T34: Semana 5 | U34: 46083 | V34: Prazo_30
A35: =_xlfn.XLOOKUP(GERAL[[#This Row],[Dia]],U:U,T:T,"") | B35: 45994 | C35: quarta-feira | D35: 45994 | Q35: Morro do Tetéu | R35: =_xlfn.XLOOKUP(GERAL[[#This Row],[Dia]],U:U,V:V,"") | T35: Semana 5 | U35: 46083 | V35: Prazo_30
A36: =_xlfn.XLOOKUP(GERAL[[#This Row],[Dia]],U:U,T:T,"") | B36: 45995 | C36: quinta-feira | D36: 45995 | Q36: Morro do Tetéu | R36: =_xlfn.XLOOKUP(GERAL[[#This Row],[Dia]],U:U,V:V,"") | T36: Semana 5 | U36: 46083 | V36: Prazo_30
A37: =_xlfn.XLOOKUP(GERAL[[#This Row],[Dia]],U:U,T:T,"") | B37: 45996 | C37: sexta-feira | D37: 45996 | Q37: Morro do Tetéu | R37: =_xlfn.XLOOKUP(GERAL[[#This Row],[Dia]],U:U,V:V,"") | T37: Semana 5 | U37: 46083 | V37: Prazo_30
A38: =_xlfn.XLOOKUP(GERAL[[#This Row],[Dia]],U:U,T:T,"") | B38: 45997 | C38: sábado | D38: 45997 | E38: NÃO | Q38: Morro do Tetéu | R38: =_xlfn.XLOOKUP(GERAL[[#This Row],[Dia]],U:U,V:V,"") | T38: Semana 5 | U38: 46083 | V38: Prazo_30
A39: =_xlfn.XLOOKUP(GERAL[[#This Row],[Dia]],U:U,T:T,"") | B39: 45998 | C39: domingo | D39: 45998 | E39: NÃO | Q39: Morro do Tetéu | R39: =_xlfn.XLOOKUP(GERAL[[#This Row],[Dia]],U:U,V:V,"") | T39: Semana 5 | U39: 46083 | V39: Prazo_30
A40: =_xlfn.XLOOKUP(GERAL[[#This Row],[Dia]],U:U,T:T,"") | B40: 45999 | C40: segunda-feira | D40: 45999 | Q40: Morro do Tetéu | R40: =_xlfn.XLOOKUP(GERAL[[#This Row],[Dia]],U:U,V:V,"") | T40: Semana 6 | U40: 46083 | V40: Prazo_30
A41: =_xlfn.XLOOKUP(GERAL[[#This Row],[Dia]],U:U,T:T,"") | B41: 46000 | C41: terça-feira | D41: 46000 | Q41: Morro do Tetéu | R41: =_xlfn.XLOOKUP(GERAL[[#This Row],[Dia]],U:U,V:V,"") | T41: Semana 6 | U41: 46084 | V41: Prazo_30
A42: =_xlfn.XLOOKUP(GERAL[[#This Row],[Dia]],U:U,T:T,"") | B42: 46001 | C42: quarta-feira | D42: 46001 | Q42: Morro do Tetéu | R42: =_xlfn.XLOOKUP(GERAL[[#This Row],[Dia]],U:U,V:V,"") | T42: Semana 6 | U42: 46085 | V42: Prazo_30
A43: =_xlfn.XLOOKUP(GERAL[[#This Row],[Dia]],U:U,T:T,"") | B43: 46002 | C43: quinta-feira | D43: 46002 | Q43: Morro do Tetéu | R43: =_xlfn.XLOOKUP(GERAL[[#This Row],[Dia]],U:U,V:V,"") | T43: Semana 6 | U43: 46086 | V43: Prazo_30
A44: =_xlfn.XLOOKUP(GERAL[[#This Row],[Dia]],U:U,T:T,"") | B44: 46003 | C44: sexta-feira | D44: 46003 | Q44: Morro do Tetéu | R44: =_xlfn.XLOOKUP(GERAL[[#This Row],[Dia]],U:U,V:V,"") | T44: Semana 6 | U44: 46087 | V44: Prazo_30
A45: =_xlfn.XLOOKUP(GERAL[[#This Row],[Dia]],U:U,T:T,"") | B45: 46004 | C45: sábado | D45: 46004 | E45: NÃO | Q45: Morro do Tetéu | R45: =_xlfn.XLOOKUP(GERAL[[#This Row],[Dia]],U:U,V:V,"") | T45: Semana 6 | U45: 46088 | V45: Prazo_30
A46: =_xlfn.XLOOKUP(GERAL[[#This Row],[Dia]],U:U,T:T,"") | B46: 46005 | C46: domingo | D46: 46005 | E46: NÃO | Q46: Morro do Tetéu | R46: =_xlfn.XLOOKUP(GERAL[[#This Row],[Dia]],U:U,V:V,"") | T46: Semana 6 | U46: 46089 | V46: Prazo_30
A47: =_xlfn.XLOOKUP(GERAL[[#This Row],[Dia]],U:U,T:T,"") | B47: 46006 | C47: segunda-feira | D47: 46006 | Q47: Morro do Tetéu | R47: =_xlfn.XLOOKUP(GERAL[[#This Row],[Dia]],U:U,V:V,"") | T47: Semana 7 | U47: 46090 | V47: Prazo_30
A48: =_xlfn.XLOOKUP(GERAL[[#This Row],[Dia]],U:U,T:T,"") | B48: 46007 | C48: terça-feira | D48: 46007 | Q48: Morro do Tetéu | R48: =_xlfn.XLOOKUP(GERAL[[#This Row],[Dia]],U:U,V:V,"") | T48: Semana 7 | U48: 46091 | V48: Prazo_30
A49: =_xlfn.XLOOKUP(GERAL[[#This Row],[Dia]],U:U,T:T,"") | B49: 46008 | C49: quarta-feira | D49: 46008 | Q49: Morro do Tetéu | R49: =_xlfn.XLOOKUP(GERAL[[#This Row],[Dia]],U:U,V:V,"") | T49: Semana 7 | U49: 46092 | V49: Prazo_30
A50: =_xlfn.XLOOKUP(GERAL[[#This Row],[Dia]],U:U,T:T,"") | B50: 46009 | C50: quinta-feira | D50: 46009 | Q50: Morro do Tetéu | R50: =_xlfn.XLOOKUP(GERAL[[#This Row],[Dia]],U:U,V:V,"") | T50: Semana 7 | U50: 46093 | V50: Prazo_30
A51: =_xlfn.XLOOKUP(GERAL[[#This Row],[Dia]],U:U,T:T,"") | B51: 46010 | C51: sexta-feira | D51: 46010 | Q51: Morro do Tetéu | R51: =_xlfn.XLOOKUP(GERAL[[#This Row],[Dia]],U:U,V:V,"") | T51: Semana 7 | U51: 46094 | V51: Prazo_30
A52: =_xlfn.XLOOKUP(GERAL[[#This Row],[Dia]],U:U,T:T,"") | B52: 46011 | C52: sábado | D52: 46011 | E52: NÃO | Q52: Morro do Tetéu | R52: =_xlfn.XLOOKUP(GERAL[[#This Row],[Dia]],U:U,V:V,"") | T52: Semana 7 | U52: 46095 | V52: Prazo_30
A53: =_xlfn.XLOOKUP(GERAL[[#This Row],[Dia]],U:U,T:T,"") | B53: 46012 | C53: domingo | D53: 46012 | E53: NÃO | Q53: Morro do Tetéu | R53: =_xlfn.XLOOKUP(GERAL[[#This Row],[Dia]],U:U,V:V,"") | T53: Semana 7 | U53: 46096 | V53: Prazo_30
A54: =_xlfn.XLOOKUP(GERAL[[#This Row],[Dia]],U:U,T:T,"") | B54: 46013 | C54: segunda-feira | D54: 46013 | Q54: Morro do Tetéu | R54: =_xlfn.XLOOKUP(GERAL[[#This Row],[Dia]],U:U,V:V,"") | T54: Semana 8 | U54: 46097 | V54: Prazo_30
A55: =_xlfn.XLOOKUP(GERAL[[#This Row],[Dia]],U:U,T:T,"") | B55: 46014 | C55: terça-feira | D55: 46014 | Q55: Morro do Tetéu | R55: =_xlfn.XLOOKUP(GERAL[[#This Row],[Dia]],U:U,V:V,"") | T55: Semana 8 | U55: 46098 | V55: Prazo_30
A56: =_xlfn.XLOOKUP(GERAL[[#This Row],[Dia]],U:U,T:T,"") | B56: 46015 | C56: quarta-feira | D56: 46015 | Q56: Morro do Tetéu | R56: =_xlfn.XLOOKUP(GERAL[[#This Row],[Dia]],U:U,V:V,"") | T56: Semana 8 | U56: 46099 | V56: Prazo_30
A57: =_xlfn.XLOOKUP(GERAL[[#This Row],[Dia]],U:U,T:T,"") | B57: 46016 | C57: quinta-feira | D57: 46016 | Q57: Morro do Tetéu | R57: =_xlfn.XLOOKUP(GERAL[[#This Row],[Dia]],U:U,V:V,"") | T57: Semana 8 | U57: 46100 | V57: Prazo_30
A58: =_xlfn.XLOOKUP(GERAL[[#This Row],[Dia]],U:U,T:T,"") | B58: 46017 | C58: sexta-feira | D58: 46017 | Q58: Morro do Tetéu | R58: =_xlfn.XLOOKUP(GERAL[[#This Row],[Dia]],U:U,V:V,"") | T58: Semana 8 | U58: 46101 | V58: Prazo_30
A59: =_xlfn.XLOOKUP(GERAL[[#This Row],[Dia]],U:U,T:T,"") | B59: 46018 | C59: sábado | D59: 46018 | E59: NÃO | Q59: Morro do Tetéu | R59: =_xlfn.XLOOKUP(GERAL[[#This Row],[Dia]],U:U,V:V,"") | T59: Semana 8 | U59: 46102 | V59: Prazo_30
A60: =_xlfn.XLOOKUP(GERAL[[#This Row],[Dia]],U:U,T:T,"") | B60: 46019 | C60: domingo | D60: 46019 | E60: NÃO | Q60: Morro do Tetéu | R60: =_xlfn.XLOOKUP(GERAL[[#This Row],[Dia]],U:U,V:V,"") | T60: Semana 8 | U60: 46103 | V60: Prazo_30
A61: =_xlfn.XLOOKUP(GERAL[[#This Row],[Dia]],U:U,T:T,"") | B61: 46020 | C61: segunda-feira | D61: 46020 | Q61: Morro do Tetéu | R61: =_xlfn.XLOOKUP(GERAL[[#This Row],[Dia]],U:U,V:V,"") | T61: Semana 9 | U61: 46104 | V61: Prazo_30
A62: =_xlfn.XLOOKUP(GERAL[[#This Row],[Dia]],U:U,T:T,"") | B62: 46021 | C62: terça-feira | D62: 46021 | Q62: Morro do Tetéu | R62: =_xlfn.XLOOKUP(GERAL[[#This Row],[Dia]],U:U,V:V,"") | T62: Semana 9 | U62: 46105 | V62: Prazo_30
A63: =_xlfn.XLOOKUP(GERAL[[#This Row],[Dia]],U:U,T:T,"") | B63: 46022 | C63: quarta-feira | D63: 46022 | Q63: Morro do Tetéu | R63: =_xlfn.XLOOKUP(GERAL[[#This Row],[Dia]],U:U,V:V,"") | T63: Semana 9 | U63: 46106 | V63: Prazo_30
A64: =_xlfn.XLOOKUP(GERAL[[#This Row],[Dia]],U:U,T:T,"") | B64: 46023 | C64: quinta-feira | D64: 46023 | Q64: Morro do Tetéu | R64: =_xlfn.XLOOKUP(GERAL[[#This Row],[Dia]],U:U,V:V,"") | T64: Semana 9 | U64: 46107 | V64: Prazo_30
A65: =_xlfn.XLOOKUP(GERAL[[#This Row],[Dia]],U:U,T:T,"") | B65: 46024 | C65: sexta-feira | D65: 46024 | Q65: Morro do Tetéu | R65: =_xlfn.XLOOKUP(GERAL[[#This Row],[Dia]],U:U,V:V,"") | T65: Semana 9 | U65: 46108 | V65: Prazo_30
A66: =_xlfn.XLOOKUP(GERAL[[#This Row],[Dia]],U:U,T:T,"") | B66: 46025 | C66: sábado | D66: 46025 | E66: NÃO | Q66: Morro do Tetéu | R66: =_xlfn.XLOOKUP(GERAL[[#This Row],[Dia]],U:U,V:V,"") | T66: Semana 9 | U66: 46109 | V66: Prazo_30
A67: =_xlfn.XLOOKUP(GERAL[[#This Row],[Dia]],U:U,T:T,"") | B67: 46026 | C67: domingo | D67: 46026 | E67: NÃO | Q67: Morro do Tetéu | R67: =_xlfn.XLOOKUP(GERAL[[#This Row],[Dia]],U:U,V:V,"") | T67: Semana 9 | U67: 46110 | V67: Prazo_30
A68: =_xlfn.XLOOKUP(GERAL[[#This Row],[Dia]],U:U,T:T,"") | B68: 46027 | C68: segunda-feira | D68: 46027 | Q68: Morro do Tetéu | R68: =_xlfn.XLOOKUP(GERAL[[#This Row],[Dia]],U:U,V:V,"") | T68: Semana 10 | U68: 46111 | V68: Prazo_30
A69: =_xlfn.XLOOKUP(GERAL[[#This Row],[Dia]],U:U,T:T,"") | B69: 46028 | C69: terça-feira | D69: 46028 | Q69: Morro do Tetéu | R69: =_xlfn.XLOOKUP(GERAL[[#This Row],[Dia]],U:U,V:V,"") | T69: Semana 10 | U69: 46112 | V69: Prazo_30
A70: =_xlfn.XLOOKUP(GERAL[[#This Row],[Dia]],U:U,T:T,"") | B70: 46029 | C70: quarta-feira | D70: 46029 | Q70: Morro do Tetéu | R70: =_xlfn.XLOOKUP(GERAL[[#This Row],[Dia]],U:U,V:V,"") | T70: Semana 10 | U70: 46113 | V70: Prazo_30
A71: =_xlfn.XLOOKUP(GERAL[[#This Row],[Dia]],U:U,T:T,"") | B71: 46030 | C71: quinta-feira | D71: 46030 | Q71: Morro do Tetéu | R71: =_xlfn.XLOOKUP(GERAL[[#This Row],[Dia]],U:U,V:V,"") | T71: Semana 10 | U71: 46114 | V71: Prazo_30
A72: =_xlfn.XLOOKUP(GERAL[[#This Row],[Dia]],U:U,T:T,"") | B72: 46031 | C72: sexta-feira | D72: 46031 | E72: SIM | F72: ∑ Equipe até 28/02 - MT | G72: Diversas até 28/02 - MT | H72: 6 | I72: 6 | K72: 57 | O72: 17 | Q72: Morro do Tetéu | R72: =_xlfn.XLOOKUP(GERAL[[#This Row],[Dia]],U:U,V:V,"") | T72: Semana 10 | U72: 46115 | V72: Prazo_30
A73: =_xlfn.XLOOKUP(GERAL[[#This Row],[Dia]],U:U,T:T,"") | B73: 46032 | C73: sábado | D73: 46032 | E73: SIM | F73: ∑ Equipe até 28/02 - MT | G73: Diversas até 28/02 - MT | H73: 5 | J73: 20 | K73: 57 | O73: 23 | Q73: Morro do Tetéu | R73: =_xlfn.XLOOKUP(GERAL[[#This Row],[Dia]],U:U,V:V,"") | T73: Semana 10 | U73: 46116 | V73: Prazo_30
A74: =_xlfn.XLOOKUP(GERAL[[#This Row],[Dia]],U:U,T:T,"") | B74: 46033 | C74: domingo | D74: 46033 | E74: NÃO | Q74: Morro do Tetéu | R74: =_xlfn.XLOOKUP(GERAL[[#This Row],[Dia]],U:U,V:V,"") | T74: Semana 10 | U74: 46117 | V74: Prazo_30
A75: =_xlfn.XLOOKUP(GERAL[[#This Row],[Dia]],U:U,T:T,"") | B75: 46034 | C75: segunda-feira | D75: 46034 | E75: SIM | F75: ∑ Equipe até 28/02 - MT | G75: Diversas até 28/02 - MT | H75: 6 | I75: 13 | J75: 3 | K75: 44 | O75: 28 | Q75: Morro do Tetéu | R75: =_xlfn.XLOOKUP(GERAL[[#This Row],[Dia]],U:U,V:V,"") | T75: Semana 11 | U75: 46118 | V75: Prazo_30
A76: =_xlfn.XLOOKUP(GERAL[[#This Row],[Dia]],U:U,T:T,"") | B76: 46035 | C76: terça-feira | D76: 46035 | E76: SIM | F76: ∑ Equipe até 28/02 - MT | G76: Diversas até 28/02 - MT | H76: 6 | I76: 15 | J76: 22 | K76: 35 | Q76: Morro do Tetéu | R76: =_xlfn.XLOOKUP(GERAL[[#This Row],[Dia]],U:U,V:V,"") | T76: Semana 11 | U76: 46119 | V76: Prazo_30
A77: =_xlfn.XLOOKUP(GERAL[[#This Row],[Dia]],U:U,T:T,"") | B77: 46036 | C77: quarta-feira | D77: 46036 | E77: SIM | F77: ∑ Equipe até 28/02 - MT | G77: Diversas até 28/02 - MT | H77: 5 | I77: 8 | K77: 37 | Q77: Morro do Tetéu | R77: =_xlfn.XLOOKUP(GERAL[[#This Row],[Dia]],U:U,V:V,"") | T77: Semana 11 | U77: 46120 | V77: Prazo_30
A78: =_xlfn.XLOOKUP(GERAL[[#This Row],[Dia]],U:U,T:T,"") | B78: 46037 | C78: quinta-feira | D78: 46037 | E78: SIM | F78: ∑ Equipe até 28/02 - MT | G78: Diversas até 28/02 - MT | H78: 11 | I78: 11 | J78: 51 | K78: 45 | O78: 1 | Q78: Morro do Tetéu | R78: =_xlfn.XLOOKUP(GERAL[[#This Row],[Dia]],U:U,V:V,"") | T78: Semana 11 | U78: 46121 | V78: Prazo_30
A79: =_xlfn.XLOOKUP(GERAL[[#This Row],[Dia]],U:U,T:T,"") | B79: 46038 | C79: sexta-feira | D79: 46038 | E79: SIM | F79: ∑ Equipe até 28/02 - MT | G79: Diversas até 28/02 - MT | H79: 8 | I79: 2 | J79: 29 | K79: 46 | Q79: Morro do Tetéu | R79: =_xlfn.XLOOKUP(GERAL[[#This Row],[Dia]],U:U,V:V,"") | T79: Semana 11 | U79: 46122 | V79: Prazo_30
A80: =_xlfn.XLOOKUP(GERAL[[#This Row],[Dia]],U:U,T:T,"") | B80: 46039 | C80: sábado | D80: 46039 | E80: SIM | F80: ∑ Equipe até 28/02 - MT | G80: Diversas até 28/02 - MT | H80: 9 | Q80: Morro do Tetéu | R80: =_xlfn.XLOOKUP(GERAL[[#This Row],[Dia]],U:U,V:V,"") | T80: Semana 11 | U80: 46123 | V80: Prazo_30
A81: =_xlfn.XLOOKUP(GERAL[[#This Row],[Dia]],U:U,T:T,"") | B81: 46040 | C81: domingo | D81: 46040 | E81: NÃO | Q81: Morro do Tetéu | R81: =_xlfn.XLOOKUP(GERAL[[#This Row],[Dia]],U:U,V:V,"") | T81: Semana 11 | U81: 46124 | V81: Prazo_30
A82: =_xlfn.XLOOKUP(GERAL[[#This Row],[Dia]],U:U,T:T,"") | B82: 46041 | C82: segunda-feira | D82: 46041 | E82: SIM | F82: ∑ Equipe até 28/02 - MT | G82: Diversas até 28/02 - MT | H82: 7 | I82: 3 | K82: 8 | Q82: Morro do Tetéu | R82: =_xlfn.XLOOKUP(GERAL[[#This Row],[Dia]],U:U,V:V,"") | T82: Semana 12 | U82: 46125 | V82: Prazo_30
A83: =_xlfn.XLOOKUP(GERAL[[#This Row],[Dia]],U:U,T:T,"") | B83: 46042 | C83: terça-feira | D83: 46042 | E83: SIM | F83: ∑ Equipe até 28/02 - MT | G83: Diversas até 28/02 - MT | H83: 4 | I83: 10 | J83: 8 | K83: 18 | Q83: Morro do Tetéu | R83: =_xlfn.XLOOKUP(GERAL[[#This Row],[Dia]],U:U,V:V,"") | T83: Semana 12 | U83: 46126 | V83: Prazo_30
A84: =_xlfn.XLOOKUP(GERAL[[#This Row],[Dia]],U:U,T:T,"") | B84: 46043 | C84: quarta-feira | D84: 46043 | E84: SIM | F84: ∑ Equipe até 28/02 - MT | G84: Diversas até 28/02 - MT | H84: 3 | I84: 7 | K84: 3 | N84: 1 | Q84: Morro do Tetéu | R84: =_xlfn.XLOOKUP(GERAL[[#This Row],[Dia]],U:U,V:V,"") | T84: Semana 12 | U84: 46127 | V84: Prazo_30
A85: =_xlfn.XLOOKUP(GERAL[[#This Row],[Dia]],U:U,T:T,"") | B85: 46044 | C85: quinta-feira | D85: 46044 | E85: SIM | F85: ∑ Equipe até 28/02 - MT | G85: Diversas até 28/02 - MT | H85: 3 | I85: 9 | K85: 17.1 | N85: 5 | Q85: Morro do Tetéu | R85: =_xlfn.XLOOKUP(GERAL[[#This Row],[Dia]],U:U,V:V,"") | T85: Semana 12 | U85: 46128 | V85: Prazo_30
A86: =_xlfn.XLOOKUP(GERAL[[#This Row],[Dia]],U:U,T:T,"") | B86: 46045 | C86: sexta-feira | D86: 46045 | E86: SIM | F86: ∑ Equipe até 28/02 - MT | G86: Diversas até 28/02 - MT | H86: 8 | I86: 11 | J86: 49 | K86: 18 | N86: 4 | Q86: Morro do Tetéu | R86: =_xlfn.XLOOKUP(GERAL[[#This Row],[Dia]],U:U,V:V,"") | T86: Semana 12 | U86: 46129 | V86: Prazo_30
A87: =_xlfn.XLOOKUP(GERAL[[#This Row],[Dia]],U:U,T:T,"") | B87: 46046 | C87: sábado | D87: 46046 | E87: NÃO | Q87: Morro do Tetéu | R87: =_xlfn.XLOOKUP(GERAL[[#This Row],[Dia]],U:U,V:V,"") | T87: Semana 12 | U87: 46130 | V87: Prazo_30
A88: =_xlfn.XLOOKUP(GERAL[[#This Row],[Dia]],U:U,T:T,"") | B88: 46047 | C88: domingo | D88: 46047 | E88: NÃO | Q88: Morro do Tetéu | R88: =_xlfn.XLOOKUP(GERAL[[#This Row],[Dia]],U:U,V:V,"") | T88: Semana 12 | U88: 46131 | V88: Prazo_30
A89: =_xlfn.XLOOKUP(GERAL[[#This Row],[Dia]],U:U,T:T,"") | B89: 46048 | C89: segunda-feira | D89: 46048 | E89: NÃO | Q89: Morro do Tetéu | R89: =_xlfn.XLOOKUP(GERAL[[#This Row],[Dia]],U:U,V:V,"") | T89: Semana 13 | U89: 46132 | V89: Prazo_30
A90: =_xlfn.XLOOKUP(GERAL[[#This Row],[Dia]],U:U,T:T,"") | B90: 46049 | C90: terça-feira | D90: 46049 | E90: SIM | F90: ∑ Equipe até 28/02 - MT | G90: Diversas até 28/02 - MT | H90: 3 | J90: 9 | K90: 18 | O90: 11 | Q90: Morro do Tetéu | R90: =_xlfn.XLOOKUP(GERAL[[#This Row],[Dia]],U:U,V:V,"") | T90: Semana 13 | U90: 46133 | V90: Prazo_30
A91: =_xlfn.XLOOKUP(GERAL[[#This Row],[Dia]],U:U,T:T,"") | B91: 46050 | C91: quarta-feira | D91: 46050 | E91: SIM | F91: ∑ Equipe até 28/02 - MT | G91: Diversas até 28/02 - MT | J91: 18 | K91: 43 | L91: 3 | O91: 8 | Q91: Morro do Tetéu | R91: =_xlfn.XLOOKUP(GERAL[[#This Row],[Dia]],U:U,V:V,"") | T91: Semana 13 | U91: 46134 | V91: Prazo_30
A92: =_xlfn.XLOOKUP(GERAL[[#This Row],[Dia]],U:U,T:T,"") | B92: 46051 | C92: quinta-feira | D92: 46051 | E92: SIM | F92: ∑ Equipe até 28/02 - MT | G92: Diversas até 28/02 - MT | H92: 11 | I92: 8 | J92: 8 | K92: 22 | L92: 4 | Q92: Morro do Tetéu | R92: =_xlfn.XLOOKUP(GERAL[[#This Row],[Dia]],U:U,V:V,"") | T92: Semana 13 | U92: 46135 | V92: Prazo_30
A93: =_xlfn.XLOOKUP(GERAL[[#This Row],[Dia]],U:U,T:T,"") -> Semana 1 | B93: 46052 | C93: sexta-feira | D93: 46052 | E93: SIM | F93: ∑ Equipe até 28/02 - MT | G93: Diversas até 28/02 - MT | H93: 4 | I93: 5 | J93: 18 | K93: 30 | L93: 1 | N93: 17 | Q93: Morro do Tetéu | R93: =_xlfn.XLOOKUP(GERAL[[#This Row],[Dia]],U:U,V:V,"") -> Prazo_30 | T93: Semana 13 | U93: 46136 | V93: Prazo_30
A94: =_xlfn.XLOOKUP(GERAL[[#This Row],[Dia]],U:U,T:T,"") -> Semana 1 | B94: 46053 | C94: sábado | D94: 46053 | E94: SIM | F94: ∑ Equipe até 28/02 - MT | G94: Diversas até 28/02 - MT | H94: 16 | J94: 3 | O94: 1 | Q94: Morro do Tetéu | R94: =_xlfn.XLOOKUP(GERAL[[#This Row],[Dia]],U:U,V:V,"") -> Prazo_30 | T94: Semana 13 | U94: 46137 | V94: Prazo_30
A95: =_xlfn.XLOOKUP(GERAL[[#This Row],[Dia]],U:U,T:T,"") -> Semana 1 | B95: 46054 | C95: domingo | D95: 46054 | E95: NÃO | Q95: Morro do Tetéu | R95: =_xlfn.XLOOKUP(GERAL[[#This Row],[Dia]],U:U,V:V,"") -> Prazo_30 | T95: Semana 13 | U95: 46138 | V95: Prazo_30
A96: =_xlfn.XLOOKUP(GERAL[[#This Row],[Dia]],U:U,T:T,"") -> Semana 1 | B96: 46055 | C96: segunda-feira | D96: 46055 | E96: SIM | F96: ∑ Equipe até 28/02 - MT | G96: Diversas até 28/02 - MT | J96: 63 | K96: 8 | N96: 6 | Q96: Morro do Tetéu | R96: =_xlfn.XLOOKUP(GERAL[[#This Row],[Dia]],U:U,V:V,"") -> Prazo_30 | T96: Semana 14 | U96: 46139 | V96: Prazo_30
A97: =_xlfn.XLOOKUP(GERAL[[#This Row],[Dia]],U:U,T:T,"") -> Semana 1 | B97: 46056 | C97: terça-feira | D97: 46056 | E97: SIM | F97: ∑ Equipe até 28/02 - MT | G97: Diversas até 28/02 - MT | H97: 2 | I97: 3 | J97: 13 | K97: 15 | M97: 9 | O97: 4 | Q97: Morro do Tetéu | R97: =_xlfn.XLOOKUP(GERAL[[#This Row],[Dia]],U:U,V:V,"") -> Prazo_30 | T97: Semana 14 | U97: 46140 | V97: Prazo_30
A98: =_xlfn.XLOOKUP(GERAL[[#This Row],[Dia]],U:U,T:T,"") -> Semana 1 | B98: 46057 | C98: quarta-feira | D98: 46057 | E98: SIM | F98: ∑ Equipe até 28/02 - MT | G98: Diversas até 28/02 - MT | J98: 45 | L98: 2 | N98: 1 | Q98: Morro do Tetéu | R98: =_xlfn.XLOOKUP(GERAL[[#This Row],[Dia]],U:U,V:V,"") -> Prazo_30 | T98: Semana 14 | U98: 46141 | V98: Prazo_30
A99: =_xlfn.XLOOKUP(GERAL[[#This Row],[Dia]],U:U,T:T,"") -> Semana 1 | B99: 46058 | C99: quinta-feira | D99: 46058 | E99: SIM | F99: ∑ Equipe até 28/02 - MT | G99: Diversas até 28/02 - MT | N99: 19 | O99: 5 | Q99: Morro do Tetéu | R99: =_xlfn.XLOOKUP(GERAL[[#This Row],[Dia]],U:U,V:V,"") -> Prazo_30 | T99: Semana 14 | U99: 46142 | V99: Prazo_30
A100: =_xlfn.XLOOKUP(GERAL[[#This Row],[Dia]],U:U,T:T,"") -> Semana 1 | B100: 46059 | C100: sexta-feira | D100: 46059 | E100: SIM | F100: ∑ Equipe até 28/02 - MT | G100: Diversas até 28/02 - MT | H100: 4 | I100: 6 | L100: 2 | N100: 8 | O100: 17 | Q100: Morro do Tetéu | R100: =_xlfn.XLOOKUP(GERAL[[#This Row],[Dia]],U:U,V:V,"") -> Prazo_30 | T100: Semana 14 | U100: 46143 | V100: Prazo_30
A101: =_xlfn.XLOOKUP(GERAL[[#This Row],[Dia]],U:U,T:T,"") -> Semana 1 | B101: 46060 | C101: sábado | D101: 46060 | E101: SIM | F101: ∑ Equipe até 28/02 - MT | G101: Diversas até 28/02 - MT | H101: 7 | J101: 25 | O101: 5 | Q101: Morro do Tetéu | R101: =_xlfn.XLOOKUP(GERAL[[#This Row],[Dia]],U:U,V:V,"") -> Prazo_30 | T101: Semana 14 | U101: 46144 | V101: Prazo_30
...

Sheet PROD_EQUIPE
S2: Informar período
E3: SE LIGA NA REDE - SANTOS
E4: PRODUÇÃO POR EQUIPE
Q7: DE | R7: ATÉ
P8: PERÍODO | Q8: 46052 | R8: =TODAY()-1 -> 46133
B10: RUA | C10: DIAS ÚTEIS | D10: LA | E10: LE | F10: PRA | G10: PRE | H10: PV's | I10: LIE | J10: LIA | K10: IHM | L10: RHM | M10: Ind. Prod. LA | N10: Ind Prod LE | O10: Ind Prod PRA | P10: Ind Prod PRE | Q10: IND. PROD REDE | R10: IND. PROD LIG
B11: ∑ Equipe até 28/02 - MT | C11: =COUNTIFS(GERAL[Dia Útil],"SIM",GERAL[Equipe],PROD_EQUIPE!B11,GERAL[Dia],">=" &PROD_EQUIPE!$Q$8,GERAL[Dia],"<=" &PROD_EQUIPE!$R$8) -> 21 | D11: =SUMIFS(GERAL[LA],GERAL[Equipe],PROD_EQUIPE!B11,GERAL[Dia],">=" &PROD_EQUIPE!$Q$8,GERAL[Dia],"<=" &PROD_EQUIPE!$R$8) -> 70 | E11: =SUMIFS(GERAL[LE],GERAL[Equipe],PROD_EQUIPE!B11,GERAL[Dia],">=" &PROD_EQUIPE!$Q$8,GERAL[Dia],"<=" &PROD_EQUIPE!$R$8) -> 82 | F11: =SUMIFS(GERAL[PRA],GERAL[Equipe],PROD_EQUIPE!B11,GERAL[Dia],">=" &PROD_EQUIPE!$Q$8,GERAL[Dia],"<=" &PROD_EQUIPE!$R$8) -> 555.1 | G11: =SUMIFS(GERAL[PRE],GERAL[Equipe],PROD_EQUIPE!B11,GERAL[Dia],">=" &PROD_EQUIPE!$Q$8,GERAL[Dia],"<=" &PROD_EQUIPE!$R$8) -> 142 | H11: =SUMIFS(GERAL[PV''s],GERAL[Equipe],PROD_EQUIPE!B11,GERAL[Dia],">=" &PROD_EQUIPE!$Q$8,GERAL[Dia],"<=" &PROD_EQUIPE!$R$8) -> 7 | I11: =SUMIFS(GERAL[LIE],GERAL[Equipe],PROD_EQUIPE!B11,GERAL[Dia],">=" &PROD_EQUIPE!$Q$8,GERAL[Dia],"<=" &PROD_EQUIPE!$R$8) -> 9 | J11: =SUMIFS(GERAL[LIA],GERAL[Equipe],PROD_EQUIPE!B11,GERAL[Dia],">=" &PROD_EQUIPE!$Q$8,GERAL[Dia],"<=" &PROD_EQUIPE!$R$8) -> 97 | K11: =SUMIFS(GERAL[IHM],GERAL[Equipe],PROD_EQUIPE!B11,GERAL[Dia],">=" &PROD_EQUIPE!$Q$8,GERAL[Dia],"<=" &PROD_EQUIPE!$R$8) -> 59 | L11: =SUMIFS(GERAL[RHM],GERAL[Equipe],PROD_EQUIPE!B11,GERAL[Dia],">=" &PROD_EQUIPE!$Q$8,GERAL[Dia],"<=" &PROD_EQUIPE!$R$8) -> 0 | M11: =IFERROR(D11/C11,"") -> 3.3333333 | N11: =IFERROR(E11/C11,"") -> 3.9047619 | O11: =IFERROR(F11/C11,"") -> 26.433333 | P11: =IFERROR(G11/C11,"") -> 6.7619048 | Q11: =IFERROR(SUM(F11:G11)/C11,"") -> 33.195238 | R11: =IFERROR(SUM(D11:E11)/C11,"") -> 7.2380952
B12: JOÃO | C12: =COUNTIFS(GERAL[Dia Útil],"SIM",GERAL[Equipe],PROD_EQUIPE!B12,GERAL[Dia],">=" &PROD_EQUIPE!$Q$8,GERAL[Dia],"<=" &PROD_EQUIPE!$R$8) -> 18 | D12: =SUMIFS(GERAL[LA],GERAL[Equipe],PROD_EQUIPE!B12,GERAL[Dia],">=" &PROD_EQUIPE!$Q$8,GERAL[Dia],"<=" &PROD_EQUIPE!$R$8) -> 44 | E12: =SUMIFS(GERAL[LE],GERAL[Equipe],PROD_EQUIPE!B12,GERAL[Dia],">=" &PROD_EQUIPE!$Q$8,GERAL[Dia],"<=" &PROD_EQUIPE!$R$8) -> 0 | F12: =SUMIFS(GERAL[PRA],GERAL[Equipe],PROD_EQUIPE!B12,GERAL[Dia],">=" &PROD_EQUIPE!$Q$8,GERAL[Dia],"<=" &PROD_EQUIPE!$R$8) -> 400 | G12: =SUMIFS(GERAL[PRE],GERAL[Equipe],PROD_EQUIPE!B12,GERAL[Dia],">=" &PROD_EQUIPE!$Q$8,GERAL[Dia],"<=" &PROD_EQUIPE!$R$8) -> 103 | H12: =SUMIFS(GERAL[PV''s],GERAL[Equipe],PROD_EQUIPE!B12,GERAL[Dia],">=" &PROD_EQUIPE!$Q$8,GERAL[Dia],"<=" &PROD_EQUIPE!$R$8) -> 4 | I12: =SUMIFS(GERAL[LIE],GERAL[Equipe],PROD_EQUIPE!B12,GERAL[Dia],">=" &PROD_EQUIPE!$Q$8,GERAL[Dia],"<=" &PROD_EQUIPE!$R$8) -> 0 | J12: =SUMIFS(GERAL[LIA],GERAL[Equipe],PROD_EQUIPE!B12,GERAL[Dia],">=" &PROD_EQUIPE!$Q$8,GERAL[Dia],"<=" &PROD_EQUIPE!$R$8) -> 7 | K12: =SUMIFS(GERAL[IHM],GERAL[Equipe],PROD_EQUIPE!B12,GERAL[Dia],">=" &PROD_EQUIPE!$Q$8,GERAL[Dia],"<=" &PROD_EQUIPE!$R$8) -> 0 | L12: =SUMIFS(GERAL[RHM],GERAL[Equipe],PROD_EQUIPE!B12,GERAL[Dia],">=" &PROD_EQUIPE!$Q$8,GERAL[Dia],"<=" &PROD_EQUIPE!$R$8) -> 0 | M12: =IFERROR(D12/C12,"") -> 2.4444444 | N12: =IFERROR(E12/C12,"") -> 0 | O12: =IFERROR(F12/C12,"") -> 22.222222 | P12: =IFERROR(G12/C12,"") -> 5.7222222 | Q12: =IFERROR(SUM(F12:G12)/C12,"") -> 27.944444 | R12: =IFERROR(SUM(D12:E12)/C12,"") -> 2.4444444
B13: PITBULL | C13: =COUNTIFS(GERAL[Dia Útil],"SIM",GERAL[Equipe],PROD_EQUIPE!B13,GERAL[Dia],">=" &PROD_EQUIPE!$Q$8,GERAL[Dia],"<=" &PROD_EQUIPE!$R$8) -> 23 | D13: =SUMIFS(GERAL[LA],GERAL[Equipe],PROD_EQUIPE!B13,GERAL[Dia],">=" &PROD_EQUIPE!$Q$8,GERAL[Dia],"<=" &PROD_EQUIPE!$R$8) -> 14 | E13: =SUMIFS(GERAL[LE],GERAL[Equipe],PROD_EQUIPE!B13,GERAL[Dia],">=" &PROD_EQUIPE!$Q$8,GERAL[Dia],"<=" &PROD_EQUIPE!$R$8) -> 40 | F13: =SUMIFS(GERAL[PRA],GERAL[Equipe],PROD_EQUIPE!B13,GERAL[Dia],">=" &PROD_EQUIPE!$Q$8,GERAL[Dia],"<=" &PROD_EQUIPE!$R$8) -> 121 | G13: =SUMIFS(GERAL[PRE],GERAL[Equipe],PROD_EQUIPE!B13,GERAL[Dia],">=" &PROD_EQUIPE!$Q$8,GERAL[Dia],"<=" &PROD_EQUIPE!$R$8) -> 172.4 | H13: =SUMIFS(GERAL[PV''s],GERAL[Equipe],PROD_EQUIPE!B13,GERAL[Dia],">=" &PROD_EQUIPE!$Q$8,GERAL[Dia],"<=" &PROD_EQUIPE!$R$8) -> 1 | I13: =SUMIFS(GERAL[LIE],GERAL[Equipe],PROD_EQUIPE!B13,GERAL[Dia],">=" &PROD_EQUIPE!$Q$8,GERAL[Dia],"<=" &PROD_EQUIPE!$R$8) -> 0 | J13: =SUMIFS(GERAL[LIA],GERAL[Equipe],PROD_EQUIPE!B13,GERAL[Dia],">=" &PROD_EQUIPE!$Q$8,GERAL[Dia],"<=" &PROD_EQUIPE!$R$8) -> 21 | K13: =SUMIFS(GERAL[IHM],GERAL[Equipe],PROD_EQUIPE!B13,GERAL[Dia],">=" &PROD_EQUIPE!$Q$8,GERAL[Dia],"<=" &PROD_EQUIPE!$R$8) -> 17 | L13: =SUMIFS(GERAL[RHM],GERAL[Equipe],PROD_EQUIPE!B13,GERAL[Dia],">=" &PROD_EQUIPE!$Q$8,GERAL[Dia],"<=" &PROD_EQUIPE!$R$8) -> 0 | M13: =IFERROR(D13/C13,"") -> 0.60869565 | N13: =IFERROR(E13/C13,"") -> 1.7391304 | O13: =IFERROR(F13/C13,"") -> 5.2608696 | P13: =IFERROR(G13/C13,"") -> 7.4956522 | Q13: =IFERROR(SUM(F13:G13)/C13,"") -> 12.756522 | R13: =IFERROR(SUM(D13:E13)/C13,"") -> 2.3478261
B14: TIM MAIA | C14: =COUNTIFS(GERAL[Dia Útil],"SIM",GERAL[Equipe],PROD_EQUIPE!B14,GERAL[Dia],">=" &PROD_EQUIPE!$Q$8,GERAL[Dia],"<=" &PROD_EQUIPE!$R$8) -> 8 | D14: =SUMIFS(GERAL[LA],GERAL[Equipe],PROD_EQUIPE!B14,GERAL[Dia],">=" &PROD_EQUIPE!$Q$8,GERAL[Dia],"<=" &PROD_EQUIPE!$R$8) -> 0 | E14: =SUMIFS(GERAL[LE],GERAL[Equipe],PROD_EQUIPE!B14,GERAL[Dia],">=" &PROD_EQUIPE!$Q$8,GERAL[Dia],"<=" &PROD_EQUIPE!$R$8) -> 0 | F14: =SUMIFS(GERAL[PRA],GERAL[Equipe],PROD_EQUIPE!B14,GERAL[Dia],">=" &PROD_EQUIPE!$Q$8,GERAL[Dia],"<=" &PROD_EQUIPE!$R$8) -> 0 | G14: =SUMIFS(GERAL[PRE],GERAL[Equipe],PROD_EQUIPE!B14,GERAL[Dia],">=" &PROD_EQUIPE!$Q$8,GERAL[Dia],"<=" &PROD_EQUIPE!$R$8) -> 0 | H14: =SUMIFS(GERAL[PV''s],GERAL[Equipe],PROD_EQUIPE!B14,GERAL[Dia],">=" &PROD_EQUIPE!$Q$8,GERAL[Dia],"<=" &PROD_EQUIPE!$R$8) -> 0 | I14: =SUMIFS(GERAL[LIE],GERAL[Equipe],PROD_EQUIPE!B14,GERAL[Dia],">=" &PROD_EQUIPE!$Q$8,GERAL[Dia],"<=" &PROD_EQUIPE!$R$8) -> 0 | J14: =SUMIFS(GERAL[LIA],GERAL[Equipe],PROD_EQUIPE!B14,GERAL[Dia],">=" &PROD_EQUIPE!$Q$8,GERAL[Dia],"<=" &PROD_EQUIPE!$R$8) -> 42 | K14: =SUMIFS(GERAL[IHM],GERAL[Equipe],PROD_EQUIPE!B14,GERAL[Dia],">=" &PROD_EQUIPE!$Q$8,GERAL[Dia],"<=" &PROD_EQUIPE!$R$8) -> 0 | L14: =SUMIFS(GERAL[RHM],GERAL[Equipe],PROD_EQUIPE!B14,GERAL[Dia],">=" &PROD_EQUIPE!$Q$8,GERAL[Dia],"<=" &PROD_EQUIPE!$R$8) -> 0 | M14: =IFERROR(D14/C14,"") -> 0 | N14: =IFERROR(E14/C14,"") -> 0 | O14: =IFERROR(F14/C14,"") -> 0 | P14: =IFERROR(G14/C14,"") -> 0 | Q14: =IFERROR(SUM(F14:G14)/C14,"") -> 0 | R14: =IFERROR(SUM(D14:E14)/C14,"") -> 0
B15: ZULU | C15: =COUNTIFS(GERAL[Dia Útil],"SIM",GERAL[Equipe],PROD_EQUIPE!B15,GERAL[Dia],">=" &PROD_EQUIPE!$Q$8,GERAL[Dia],"<=" &PROD_EQUIPE!$R$8) -> 29 | D15: =SUMIFS(GERAL[LA],GERAL[Equipe],PROD_EQUIPE!B15,GERAL[Dia],">=" &PROD_EQUIPE!$Q$8,GERAL[Dia],"<=" &PROD_EQUIPE!$R$8) -> 48 | E15: =SUMIFS(GERAL[LE],GERAL[Equipe],PROD_EQUIPE!B15,GERAL[Dia],">=" &PROD_EQUIPE!$Q$8,GERAL[Dia],"<=" &PROD_EQUIPE!$R$8) -> 18 | F15: =SUMIFS(GERAL[PRA],GERAL[Equipe],PROD_EQUIPE!B15,GERAL[Dia],">=" &PROD_EQUIPE!$Q$8,GERAL[Dia],"<=" &PROD_EQUIPE!$R$8) -> 268 | G15: =SUMIFS(GERAL[PRE],GERAL[Equipe],PROD_EQUIPE!B15,GERAL[Dia],">=" &PROD_EQUIPE!$Q$8,GERAL[Dia],"<=" &PROD_EQUIPE!$R$8) -> 27 | H15: =SUMIFS(GERAL[PV''s],GERAL[Equipe],PROD_EQUIPE!B15,GERAL[Dia],">=" &PROD_EQUIPE!$Q$8,GERAL[Dia],"<=" &PROD_EQUIPE!$R$8) -> 0 | I15: =SUMIFS(GERAL[LIE],GERAL[Equipe],PROD_EQUIPE!B15,GERAL[Dia],">=" &PROD_EQUIPE!$Q$8,GERAL[Dia],"<=" &PROD_EQUIPE!$R$8) -> 2 | J15: =SUMIFS(GERAL[LIA],GERAL[Equipe],PROD_EQUIPE!B15,GERAL[Dia],">=" &PROD_EQUIPE!$Q$8,GERAL[Dia],"<=" &PROD_EQUIPE!$R$8) -> 32 | K15: =SUMIFS(GERAL[IHM],GERAL[Equipe],PROD_EQUIPE!B15,GERAL[Dia],">=" &PROD_EQUIPE!$Q$8,GERAL[Dia],"<=" &PROD_EQUIPE!$R$8) -> 31 | L15: =SUMIFS(GERAL[RHM],GERAL[Equipe],PROD_EQUIPE!B15,GERAL[Dia],">=" &PROD_EQUIPE!$Q$8,GERAL[Dia],"<=" &PROD_EQUIPE!$R$8) -> 0 | M15: =IFERROR(D15/C15,"") -> 1.6551724 | N15: =IFERROR(E15/C15,"") -> 0.62068966 | O15: =IFERROR(F15/C15,"") -> 9.2413793 | P15: =IFERROR(G15/C15,"") -> 0.93103448 | Q15: =IFERROR(SUM(F15:G15)/C15,"") -> 10.172414 | R15: =IFERROR(SUM(D15:E15)/C15,"") -> 2.2758621
B16: (vazio) | C16: =COUNTIFS(GERAL[Dia Útil],"SIM",GERAL[Equipe],PROD_EQUIPE!B16,GERAL[Dia],">=" &PROD_EQUIPE!$Q$8,GERAL[Dia],"<=" &PROD_EQUIPE!$R$8) -> 0 | D16: =SUMIFS(GERAL[LA],GERAL[Equipe],PROD_EQUIPE!B16,GERAL[Dia],">=" &PROD_EQUIPE!$Q$8,GERAL[Dia],"<=" &PROD_EQUIPE!$R$8) -> 0 | E16: =SUMIFS(GERAL[LE],GERAL[Equipe],PROD_EQUIPE!B16,GERAL[Dia],">=" &PROD_EQUIPE!$Q$8,GERAL[Dia],"<=" &PROD_EQUIPE!$R$8) -> 0 | F16: =SUMIFS(GERAL[PRA],GERAL[Equipe],PROD_EQUIPE!B16,GERAL[Dia],">=" &PROD_EQUIPE!$Q$8,GERAL[Dia],"<=" &PROD_EQUIPE!$R$8) -> 0 | G16: =SUMIFS(GERAL[PRE],GERAL[Equipe],PROD_EQUIPE!B16,GERAL[Dia],">=" &PROD_EQUIPE!$Q$8,GERAL[Dia],"<=" &PROD_EQUIPE!$R$8) -> 0 | H16: =SUMIFS(GERAL[PV''s],GERAL[Equipe],PROD_EQUIPE!B16,GERAL[Dia],">=" &PROD_EQUIPE!$Q$8,GERAL[Dia],"<=" &PROD_EQUIPE!$R$8) -> 0 | I16: =SUMIFS(GERAL[LIE],GERAL[Equipe],PROD_EQUIPE!B16,GERAL[Dia],">=" &PROD_EQUIPE!$Q$8,GERAL[Dia],"<=" &PROD_EQUIPE!$R$8) -> 0 | J16: =SUMIFS(GERAL[LIA],GERAL[Equipe],PROD_EQUIPE!B16,GERAL[Dia],">=" &PROD_EQUIPE!$Q$8,GERAL[Dia],"<=" &PROD_EQUIPE!$R$8) -> 0 | K16: =SUMIFS(GERAL[IHM],GERAL[Equipe],PROD_EQUIPE!B16,GERAL[Dia],">=" &PROD_EQUIPE!$Q$8,GERAL[Dia],"<=" &PROD_EQUIPE!$R$8) -> 0 | L16: =SUMIFS(GERAL[RHM],GERAL[Equipe],PROD_EQUIPE!B16,GERAL[Dia],">=" &PROD_EQUIPE!$Q$8,GERAL[Dia],"<=" &PROD_EQUIPE!$R$8) -> 0 | M16: =IFERROR(D16/C16,"") | N16: =IFERROR(E16/C16,"") | O16: =IFERROR(F16/C16,"") | P16: =IFERROR(G16/C16,"") | Q16: =IFERROR(SUM(F16:G16)/C16,"") | R16: =IFERROR(SUM(D16:E16)/C16,"")
C17: =COUNTIFS(GERAL[Dia Útil],"SIM",GERAL[Equipe],PROD_EQUIPE!B17,GERAL[Dia],">=" &PROD_EQUIPE!$Q$8,GERAL[Dia],"<=" &PROD_EQUIPE!$R$8) -> 0 | D17: =SUMIFS(GERAL[LA],GERAL[Equipe],PROD_EQUIPE!B17,GERAL[Dia],">=" &PROD_EQUIPE!$Q$8,GERAL[Dia],"<=" &PROD_EQUIPE!$R$8) -> 0 | E17: =SUMIFS(GERAL[LE],GERAL[Equipe],PROD_EQUIPE!B17,GERAL[Dia],">=" &PROD_EQUIPE!$Q$8,GERAL[Dia],"<=" &PROD_EQUIPE!$R$8) -> 0 | F17: =SUMIFS(GERAL[PRA],GERAL[Equipe],PROD_EQUIPE!B17,GERAL[Dia],">=" &PROD_EQUIPE!$Q$8,GERAL[Dia],"<=" &PROD_EQUIPE!$R$8) -> 0 | G17: =SUMIFS(GERAL[PRE],GERAL[Equipe],PROD_EQUIPE!B17,GERAL[Dia],">=" &PROD_EQUIPE!$Q$8,GERAL[Dia],"<=" &PROD_EQUIPE!$R$8) -> 0 | H17: =SUMIFS(GERAL[PV''s],GERAL[Equipe],PROD_EQUIPE!B17,GERAL[Dia],">=" &PROD_EQUIPE!$Q$8,GERAL[Dia],"<=" &PROD_EQUIPE!$R$8) -> 0 | I17: =SUMIFS(GERAL[LIE],GERAL[Equipe],PROD_EQUIPE!B17,GERAL[Dia],">=" &PROD_EQUIPE!$Q$8,GERAL[Dia],"<=" &PROD_EQUIPE!$R$8) -> 0 | J17: =SUMIFS(GERAL[LIA],GERAL[Equipe],PROD_EQUIPE!B17,GERAL[Dia],">=" &PROD_EQUIPE!$Q$8,GERAL[Dia],"<=" &PROD_EQUIPE!$R$8) -> 0 | K17: =SUMIFS(GERAL[IHM],GERAL[Equipe],PROD_EQUIPE!B17,GERAL[Dia],">=" &PROD_EQUIPE!$Q$8,GERAL[Dia],"<=" &PROD_EQUIPE!$R$8) -> 0 | L17: =SUMIFS(GERAL[RHM],GERAL[Equipe],PROD_EQUIPE!B17,GERAL[Dia],">=" &PROD_EQUIPE!$Q$8,GERAL[Dia],"<=" &PROD_EQUIPE!$R$8) -> 0 | M17: =IFERROR(D17/C17,"") | N17: =IFERROR(E17/C17,"") | O17: =IFERROR(F17/C17,"") | P17: =IFERROR(G17/C17,"") | Q17: =IFERROR(SUM(F17:G17)/C17,"") | R17: =IFERROR(SUM(D17:E17)/C17,"")
C18: =COUNTIFS(GERAL[Dia Útil],"SIM",GERAL[Equipe],PROD_EQUIPE!B18,GERAL[Dia],">=" &PROD_EQUIPE!$Q$8,GERAL[Dia],"<=" &PROD_EQUIPE!$R$8) -> 0 | D18: =SUMIFS(GERAL[LA],GERAL[Equipe],PROD_EQUIPE!B18,GERAL[Dia],">=" &PROD_EQUIPE!$Q$8,GERAL[Dia],"<=" &PROD_EQUIPE!$R$8) -> 0 | E18: =SUMIFS(GERAL[LE],GERAL[Equipe],PROD_EQUIPE!B18,GERAL[Dia],">=" &PROD_EQUIPE!$Q$8,GERAL[Dia],"<=" &PROD_EQUIPE!$R$8) -> 0 | F18: =SUMIFS(GERAL[PRA],GERAL[Equipe],PROD_EQUIPE!B18,GERAL[Dia],">=" &PROD_EQUIPE!$Q$8,GERAL[Dia],"<=" &PROD_EQUIPE!$R$8) -> 0 | G18: =SUMIFS(GERAL[PRE],GERAL[Equipe],PROD_EQUIPE!B18,GERAL[Dia],">=" &PROD_EQUIPE!$Q$8,GERAL[Dia],"<=" &PROD_EQUIPE!$R$8) -> 0 | H18: =SUMIFS(GERAL[PV''s],GERAL[Equipe],PROD_EQUIPE!B18,GERAL[Dia],">=" &PROD_EQUIPE!$Q$8,GERAL[Dia],"<=" &PROD_EQUIPE!$R$8) -> 0 | I18: =SUMIFS(GERAL[LIE],GERAL[Equipe],PROD_EQUIPE!B18,GERAL[Dia],">=" &PROD_EQUIPE!$Q$8,GERAL[Dia],"<=" &PROD_EQUIPE!$R$8) -> 0 | J18: =SUMIFS(GERAL[LIA],GERAL[Equipe],PROD_EQUIPE!B18,GERAL[Dia],">=" &PROD_EQUIPE!$Q$8,GERAL[Dia],"<=" &PROD_EQUIPE!$R$8) -> 0 | K18: =SUMIFS(GERAL[IHM],GERAL[Equipe],PROD_EQUIPE!B18,GERAL[Dia],">=" &PROD_EQUIPE!$Q$8,GERAL[Dia],"<=" &PROD_EQUIPE!$R$8) -> 0 | L18: =SUMIFS(GERAL[RHM],GERAL[Equipe],PROD_EQUIPE!B18,GERAL[Dia],">=" &PROD_EQUIPE!$Q$8,GERAL[Dia],"<=" &PROD_EQUIPE!$R$8) -> 0 | M18: =IFERROR(D18/C18,"") | N18: =IFERROR(E18/C18,"") | O18: =IFERROR(F18/C18,"") | P18: =IFERROR(G18/C18,"") | Q18: =IFERROR(SUM(F18:G18)/C18,"") | R18: =IFERROR(SUM(D18:E18)/C18,"")
C19: =COUNTIFS(GERAL[Dia Útil],"SIM",GERAL[Equipe],PROD_EQUIPE!B19,GERAL[Dia],">=" &PROD_EQUIPE!$Q$8,GERAL[Dia],"<=" &PROD_EQUIPE!$R$8) -> 0 | D19: =SUMIFS(GERAL[LA],GERAL[Equipe],PROD_EQUIPE!B19,GERAL[Dia],">=" &PROD_EQUIPE!$Q$8,GERAL[Dia],"<=" &PROD_EQUIPE!$R$8) -> 0 | E19: =SUMIFS(GERAL[LE],GERAL[Equipe],PROD_EQUIPE!B19,GERAL[Dia],">=" &PROD_EQUIPE!$Q$8,GERAL[Dia],"<=" &PROD_EQUIPE!$R$8) -> 0 | F19: =SUMIFS(GERAL[PRA],GERAL[Equipe],PROD_EQUIPE!B19,GERAL[Dia],">=" &PROD_EQUIPE!$Q$8,GERAL[Dia],"<=" &PROD_EQUIPE!$R$8) -> 0 | G19: =SUMIFS(GERAL[PRE],GERAL[Equipe],PROD_EQUIPE!B19,GERAL[Dia],">=" &PROD_EQUIPE!$Q$8,GERAL[Dia],"<=" &PROD_EQUIPE!$R$8) -> 0 | H19: =SUMIFS(GERAL[PV''s],GERAL[Equipe],PROD_EQUIPE!B19,GERAL[Dia],">=" &PROD_EQUIPE!$Q$8,GERAL[Dia],"<=" &PROD_EQUIPE!$R$8) -> 0 | I19: =SUMIFS(GERAL[LIE],GERAL[Equipe],PROD_EQUIPE!B19,GERAL[Dia],">=" &PROD_EQUIPE!$Q$8,GERAL[Dia],"<=" &PROD_EQUIPE!$R$8) -> 0 | J19: =SUMIFS(GERAL[LIA],GERAL[Equipe],PROD_EQUIPE!B19,GERAL[Dia],">=" &PROD_EQUIPE!$Q$8,GERAL[Dia],"<=" &PROD_EQUIPE!$R$8) -> 0 | K19: =SUMIFS(GERAL[IHM],GERAL[Equipe],PROD_EQUIPE!B19,GERAL[Dia],">=" &PROD_EQUIPE!$Q$8,GERAL[Dia],"<=" &PROD_EQUIPE!$R$8) -> 0 | L19: =SUMIFS(GERAL[RHM],GERAL[Equipe],PROD_EQUIPE!B19,GERAL[Dia],">=" &PROD_EQUIPE!$Q$8,GERAL[Dia],"<=" &PROD_EQUIPE!$R$8) -> 0 | M19: =IFERROR(D19/C19,"") | N19: =IFERROR(E19/C19,"") | O19: =IFERROR(F19/C19,"") | P19: =IFERROR(G19/C19,"") | Q19: =IFERROR(SUM(F19:G19)/C19,"") | R19: =IFERROR(SUM(D19:E19)/C19,"")
C20: =COUNTIFS(GERAL[Dia Útil],"SIM",GERAL[Equipe],PROD_EQUIPE!B20,GERAL[Dia],">=" &PROD_EQUIPE!$Q$8,GERAL[Dia],"<=" &PROD_EQUIPE!$R$8) -> 0 | D20: =SUMIFS(GERAL[LA],GERAL[Equipe],PROD_EQUIPE!B20,GERAL[Dia],">=" &PROD_EQUIPE!$Q$8,GERAL[Dia],"<=" &PROD_EQUIPE!$R$8) -> 0 | E20: =SUMIFS(GERAL[LE],GERAL[Equipe],PROD_EQUIPE!B20,GERAL[Dia],">=" &PROD_EQUIPE!$Q$8,GERAL[Dia],"<=" &PROD_EQUIPE!$R$8) -> 0 | F20: =SUMIFS(GERAL[PRA],GERAL[Equipe],PROD_EQUIPE!B20,GERAL[Dia],">=" &PROD_EQUIPE!$Q$8,GERAL[Dia],"<=" &PROD_EQUIPE!$R$8) -> 0 | G20: =SUMIFS(GERAL[PRE],GERAL[Equipe],PROD_EQUIPE!B20,GERAL[Dia],">=" &PROD_EQUIPE!$Q$8,GERAL[Dia],"<=" &PROD_EQUIPE!$R$8) -> 0 | H20: =SUMIFS(GERAL[PV''s],GERAL[Equipe],PROD_EQUIPE!B20,GERAL[Dia],">=" &PROD_EQUIPE!$Q$8,GERAL[Dia],"<=" &PROD_EQUIPE!$R$8) -> 0 | I20: =SUMIFS(GERAL[LIE],GERAL[Equipe],PROD_EQUIPE!B20,GERAL[Dia],">=" &PROD_EQUIPE!$Q$8,GERAL[Dia],"<=" &PROD_EQUIPE!$R$8) -> 0 | J20: =SUMIFS(GERAL[LIA],GERAL[Equipe],PROD_EQUIPE!B20,GERAL[Dia],">=" &PROD_EQUIPE!$Q$8,GERAL[Dia],"<=" &PROD_EQUIPE!$R$8) -> 0 | K20: =SUMIFS(GERAL[IHM],GERAL[Equipe],PROD_EQUIPE!B20,GERAL[Dia],">=" &PROD_EQUIPE!$Q$8,GERAL[Dia],"<=" &PROD_EQUIPE!$R$8) -> 0 | L20: =SUMIFS(GERAL[RHM],GERAL[Equipe],PROD_EQUIPE!B20,GERAL[Dia],">=" &PROD_EQUIPE!$Q$8,GERAL[Dia],"<=" &PROD_EQUIPE!$R$8) -> 0 | M20: =IFERROR(D20/C20,"") | N20: =IFERROR(E20/C20,"") | O20: =IFERROR(F20/C20,"") | P20: =IFERROR(G20/C20,"") | Q20: =IFERROR(SUM(F20:G20)/C20,"") | R20: =IFERROR(SUM(D20:E20)/C20,"")
C21: =COUNTIFS(GERAL[Dia Útil],"SIM",GERAL[Equipe],PROD_EQUIPE!B21,GERAL[Dia],">=" &PROD_EQUIPE!$Q$8,GERAL[Dia],"<=" &PROD_EQUIPE!$R$8) -> 0 | D21: =SUMIFS(GERAL[LA],GERAL[Equipe],PROD_EQUIPE!B21,GERAL[Dia],">=" &PROD_EQUIPE!$Q$8,GERAL[Dia],"<=" &PROD_EQUIPE!$R$8) -> 0 | E21: =SUMIFS(GERAL[LE],GERAL[Equipe],PROD_EQUIPE!B21,GERAL[Dia],">=" &PROD_EQUIPE!$Q$8,GERAL[Dia],"<=" &PROD_EQUIPE!$R$8) -> 0 | F21: =SUMIFS(GERAL[PRA],GERAL[Equipe],PROD_EQUIPE!B21,GERAL[Dia],">=" &PROD_EQUIPE!$Q$8,GERAL[Dia],"<=" &PROD_EQUIPE!$R$8) -> 0 | G21: =SUMIFS(GERAL[PRE],GERAL[Equipe],PROD_EQUIPE!B21,GERAL[Dia],">=" &PROD_EQUIPE!$Q$8,GERAL[Dia],"<=" &PROD_EQUIPE!$R$8) -> 0 | H21: =SUMIFS(GERAL[PV''s],GERAL[Equipe],PROD_EQUIPE!B21,GERAL[Dia],">=" &PROD_EQUIPE!$Q$8,GERAL[Dia],"<=" &PROD_EQUIPE!$R$8) -> 0 | I21: =SUMIFS(GERAL[LIE],GERAL[Equipe],PROD_EQUIPE!B21,GERAL[Dia],">=" &PROD_EQUIPE!$Q$8,GERAL[Dia],"<=" &PROD_EQUIPE!$R$8) -> 0 | J21: =SUMIFS(GERAL[LIA],GERAL[Equipe],PROD_EQUIPE!B21,GERAL[Dia],">=" &PROD_EQUIPE!$Q$8,GERAL[Dia],"<=" &PROD_EQUIPE!$R$8) -> 0 | K21: =SUMIFS(GERAL[IHM],GERAL[Equipe],PROD_EQUIPE!B21,GERAL[Dia],">=" &PROD_EQUIPE!$Q$8,GERAL[Dia],"<=" &PROD_EQUIPE!$R$8) -> 0 | L21: =SUMIFS(GERAL[RHM],GERAL[Equipe],PROD_EQUIPE!B21,GERAL[Dia],">=" &PROD_EQUIPE!$Q$8,GERAL[Dia],"<=" &PROD_EQUIPE!$R$8) -> 0 | M21: =IFERROR(D21/C21,"") | N21: =IFERROR(E21/C21,"") | O21: =IFERROR(F21/C21,"") | P21: =IFERROR(G21/C21,"") | Q21: =IFERROR(SUM(F21:G21)/C21,"") | R21: =IFERROR(SUM(D21:E21)/C21,"")
C22: =COUNTIFS(GERAL[Dia Útil],"SIM",GERAL[Equipe],PROD_EQUIPE!B22,GERAL[Dia],">=" &PROD_EQUIPE!$Q$8,GERAL[Dia],"<=" &PROD_EQUIPE!$R$8) -> 0 | D22: =SUMIFS(GERAL[LA],GERAL[Equipe],PROD_EQUIPE!B22,GERAL[Dia],">=" &PROD_EQUIPE!$Q$8,GERAL[Dia],"<=" &PROD_EQUIPE!$R$8) -> 0 | E22: =SUMIFS(GERAL[LE],GERAL[Equipe],PROD_EQUIPE!B22,GERAL[Dia],">=" &PROD_EQUIPE!$Q$8,GERAL[Dia],"<=" &PROD_EQUIPE!$R$8) -> 0 | F22: =SUMIFS(GERAL[PRA],GERAL[Equipe],PROD_EQUIPE!B22,GERAL[Dia],">=" &PROD_EQUIPE!$Q$8,GERAL[Dia],"<=" &PROD_EQUIPE!$R$8) -> 0 | G22: =SUMIFS(GERAL[PRE],GERAL[Equipe],PROD_EQUIPE!B22,GERAL[Dia],">=" &PROD_EQUIPE!$Q$8,GERAL[Dia],"<=" &PROD_EQUIPE!$R$8) -> 0 | H22: =SUMIFS(GERAL[PV''s],GERAL[Equipe],PROD_EQUIPE!B22,GERAL[Dia],">=" &PROD_EQUIPE!$Q$8,GERAL[Dia],"<=" &PROD_EQUIPE!$R$8) -> 0 | I22: =SUMIFS(GERAL[LIE],GERAL[Equipe],PROD_EQUIPE!B22,GERAL[Dia],">=" &PROD_EQUIPE!$Q$8,GERAL[Dia],"<=" &PROD_EQUIPE!$R$8) -> 0 | J22: =SUMIFS(GERAL[LIA],GERAL[Equipe],PROD_EQUIPE!B22,GERAL[Dia],">=" &PROD_EQUIPE!$Q$8,GERAL[Dia],"<=" &PROD_EQUIPE!$R$8) -> 0 | K22: =SUMIFS(GERAL[IHM],GERAL[Equipe],PROD_EQUIPE!B22,GERAL[Dia],">=" &PROD_EQUIPE!$Q$8,GERAL[Dia],"<=" &PROD_EQUIPE!$R$8) -> 0 | L22: =SUMIFS(GERAL[RHM],GERAL[Equipe],PROD_EQUIPE!B22,GERAL[Dia],">=" &PROD_EQUIPE!$Q$8,GERAL[Dia],"<=" &PROD_EQUIPE!$R$8) -> 0 | M22: =IFERROR(D22/C22,"") | N22: =IFERROR(E22/C22,"") | O22: =IFERROR(F22/C22,"") | P22: =IFERROR(G22/C22,"") | Q22: =IFERROR(SUM(F22:G22)/C22,"") | R22: =IFERROR(SUM(D22:E22)/C22,"")
C23: =COUNTIFS(GERAL[Dia Útil],"SIM",GERAL[Equipe],PROD_EQUIPE!B23,GERAL[Dia],">=" &PROD_EQUIPE!$Q$8,GERAL[Dia],"<=" &PROD_EQUIPE!$R$8) -> 0 | D23: =SUMIFS(GERAL[LA],GERAL[Equipe],PROD_EQUIPE!B23,GERAL[Dia],">=" &PROD_EQUIPE!$Q$8,GERAL[Dia],"<=" &PROD_EQUIPE!$R$8) -> 0 | E23: =SUMIFS(GERAL[LE],GERAL[Equipe],PROD_EQUIPE!B23,GERAL[Dia],">=" &PROD_EQUIPE!$Q$8,GERAL[Dia],"<=" &PROD_EQUIPE!$R$8) -> 0 | F23: =SUMIFS(GERAL[PRA],GERAL[Equipe],PROD_EQUIPE!B23,GERAL[Dia],">=" &PROD_EQUIPE!$Q$8,GERAL[Dia],"<=" &PROD_EQUIPE!$R$8) -> 0 | G23: =SUMIFS(GERAL[PRE],GERAL[Equipe],PROD_EQUIPE!B23,GERAL[Dia],">=" &PROD_EQUIPE!$Q$8,GERAL[Dia],"<=" &PROD_EQUIPE!$R$8) -> 0 | H23: =SUMIFS(GERAL[PV''s],GERAL[Equipe],PROD_EQUIPE!B23,GERAL[Dia],">=" &PROD_EQUIPE!$Q$8,GERAL[Dia],"<=" &PROD_EQUIPE!$R$8) -> 0 | I23: =SUMIFS(GERAL[LIE],GERAL[Equipe],PROD_EQUIPE!B23,GERAL[Dia],">=" &PROD_EQUIPE!$Q$8,GERAL[Dia],"<=" &PROD_EQUIPE!$R$8) -> 0 | J23: =SUMIFS(GERAL[LIA],GERAL[Equipe],PROD_EQUIPE!B23,GERAL[Dia],">=" &PROD_EQUIPE!$Q$8,GERAL[Dia],"<=" &PROD_EQUIPE!$R$8) -> 0 | K23: =SUMIFS(GERAL[IHM],GERAL[Equipe],PROD_EQUIPE!B23,GERAL[Dia],">=" &PROD_EQUIPE!$Q$8,GERAL[Dia],"<=" &PROD_EQUIPE!$R$8) -> 0 | L23: =SUMIFS(GERAL[RHM],GERAL[Equipe],PROD_EQUIPE!B23,GERAL[Dia],">=" &PROD_EQUIPE!$Q$8,GERAL[Dia],"<=" &PROD_EQUIPE!$R$8) -> 0 | M23: =IFERROR(D23/C23,"") | N23: =IFERROR(E23/C23,"") | O23: =IFERROR(F23/C23,"") | P23: =IFERROR(G23/C23,"") | Q23: =IFERROR(SUM(F23:G23)/C23,"") | R23: =IFERROR(SUM(D23:E23)/C23,"")
C24: =COUNTIFS(GERAL[Dia Útil],"SIM",GERAL[Equipe],PROD_EQUIPE!B24,GERAL[Dia],">=" &PROD_EQUIPE!$Q$8,GERAL[Dia],"<=" &PROD_EQUIPE!$R$8) -> 0 | D24: =SUMIFS(GERAL[LA],GERAL[Equipe],PROD_EQUIPE!B24,GERAL[Dia],">=" &PROD_EQUIPE!$Q$8,GERAL[Dia],"<=" &PROD_EQUIPE!$R$8) -> 0 | E24: =SUMIFS(GERAL[LE],GERAL[Equipe],PROD_EQUIPE!B24,GERAL[Dia],">=" &PROD_EQUIPE!$Q$8,GERAL[Dia],"<=" &PROD_EQUIPE!$R$8) -> 0 | F24: =SUMIFS(GERAL[PRA],GERAL[Equipe],PROD_EQUIPE!B24,GERAL[Dia],">=" &PROD_EQUIPE!$Q$8,GERAL[Dia],"<=" &PROD_EQUIPE!$R$8) -> 0 | G24: =SUMIFS(GERAL[PRE],GERAL[Equipe],PROD_EQUIPE!B24,GERAL[Dia],">=" &PROD_EQUIPE!$Q$8,GERAL[Dia],"<=" &PROD_EQUIPE!$R$8) -> 0 | H24: =SUMIFS(GERAL[PV''s],GERAL[Equipe],PROD_EQUIPE!B24,GERAL[Dia],">=" &PROD_EQUIPE!$Q$8,GERAL[Dia],"<=" &PROD_EQUIPE!$R$8) -> 0 | I24: =SUMIFS(GERAL[LIE],GERAL[Equipe],PROD_EQUIPE!B24,GERAL[Dia],">=" &PROD_EQUIPE!$Q$8,GERAL[Dia],"<=" &PROD_EQUIPE!$R$8) -> 0 | J24: =SUMIFS(GERAL[LIA],GERAL[Equipe],PROD_EQUIPE!B24,GERAL[Dia],">=" &PROD_EQUIPE!$Q$8,GERAL[Dia],"<=" &PROD_EQUIPE!$R$8) -> 0 | K24: =SUMIFS(GERAL[IHM],GERAL[Equipe],PROD_EQUIPE!B24,GERAL[Dia],">=" &PROD_EQUIPE!$Q$8,GERAL[Dia],"<=" &PROD_EQUIPE!$R$8) -> 0 | L24: =SUMIFS(GERAL[RHM],GERAL[Equipe],PROD_EQUIPE!B24,GERAL[Dia],">=" &PROD_EQUIPE!$Q$8,GERAL[Dia],"<=" &PROD_EQUIPE!$R$8) -> 0 | M24: =IFERROR(D24/C24,"") | N24: =IFERROR(E24/C24,"") | O24: =IFERROR(F24/C24,"") | P24: =IFERROR(G24/C24,"") | Q24: =IFERROR(SUM(F24:G24)/C24,"") | R24: =IFERROR(SUM(D24:E24)/C24,"")
C25: =COUNTIFS(GERAL[Dia Útil],"SIM",GERAL[Equipe],PROD_EQUIPE!B25,GERAL[Dia],">=" &PROD_EQUIPE!$Q$8,GERAL[Dia],"<=" &PROD_EQUIPE!$R$8) -> 0 | D25: =SUMIFS(GERAL[LA],GERAL[Equipe],PROD_EQUIPE!B25,GERAL[Dia],">=" &PROD_EQUIPE!$Q$8,GERAL[Dia],"<=" &PROD_EQUIPE!$R$8) -> 0 | E25: =SUMIFS(GERAL[LE],GERAL[Equipe],PROD_EQUIPE!B25,GERAL[Dia],">=" &PROD_EQUIPE!$Q$8,GERAL[Dia],"<=" &PROD_EQUIPE!$R$8) -> 0 | F25: =SUMIFS(GERAL[PRA],GERAL[Equipe],PROD_EQUIPE!B25,GERAL[Dia],">=" &PROD_EQUIPE!$Q$8,GERAL[Dia],"<=" &PROD_EQUIPE!$R$8) -> 0 | G25: =SUMIFS(GERAL[PRE],GERAL[Equipe],PROD_EQUIPE!B25,GERAL[Dia],">=" &PROD_EQUIPE!$Q$8,GERAL[Dia],"<=" &PROD_EQUIPE!$R$8) -> 0 | H25: =SUMIFS(GERAL[PV''s],GERAL[Equipe],PROD_EQUIPE!B25,GERAL[Dia],">=" &PROD_EQUIPE!$Q$8,GERAL[Dia],"<=" &PROD_EQUIPE!$R$8) -> 0 | I25: =SUMIFS(GERAL[LIE],GERAL[Equipe],PROD_EQUIPE!B25,GERAL[Dia],">=" &PROD_EQUIPE!$Q$8,GERAL[Dia],"<=" &PROD_EQUIPE!$R$8) -> 0 | J25: =SUMIFS(GERAL[LIA],GERAL[Equipe],PROD_EQUIPE!B25,GERAL[Dia],">=" &PROD_EQUIPE!$Q$8,GERAL[Dia],"<=" &PROD_EQUIPE!$R$8) -> 0 | K25: =SUMIFS(GERAL[IHM],GERAL[Equipe],PROD_EQUIPE!B25,GERAL[Dia],">=" &PROD_EQUIPE!$Q$8,GERAL[Dia],"<=" &PROD_EQUIPE!$R$8) -> 0 | L25: =SUMIFS(GERAL[RHM],GERAL[Equipe],PROD_EQUIPE!B25,GERAL[Dia],">=" &PROD_EQUIPE!$Q$8,GERAL[Dia],"<=" &PROD_EQUIPE!$R$8) -> 0 | M25: =IFERROR(D25/C25,"") | N25: =IFERROR(E25/C25,"") | O25: =IFERROR(F25/C25,"") | P25: =IFERROR(G25/C25,"") | Q25: =IFERROR(SUM(F25:G25)/C25,"") | R25: =IFERROR(SUM(D25:E25)/C25,"")
C26: =COUNTIFS(GERAL[Dia Útil],"SIM",GERAL[Equipe],PROD_EQUIPE!B26,GERAL[Dia],">=" &PROD_EQUIPE!$Q$8,GERAL[Dia],"<=" &PROD_EQUIPE!$R$8) -> 0 | D26: =SUMIFS(GERAL[LA],GERAL[Equipe],PROD_EQUIPE!B26,GERAL[Dia],">=" &PROD_EQUIPE!$Q$8,GERAL[Dia],"<=" &PROD_EQUIPE!$R$8) -> 0 | E26: =SUMIFS(GERAL[LE],GERAL[Equipe],PROD_EQUIPE!B26,GERAL[Dia],">=" &PROD_EQUIPE!$Q$8,GERAL[Dia],"<=" &PROD_EQUIPE!$R$8) -> 0 | F26: =SUMIFS(GERAL[PRA],GERAL[Equipe],PROD_EQUIPE!B26,GERAL[Dia],">=" &PROD_EQUIPE!$Q$8,GERAL[Dia],"<=" &PROD_EQUIPE!$R$8) -> 0 | G26: =SUMIFS(GERAL[PRE],GERAL[Equipe],PROD_EQUIPE!B26,GERAL[Dia],">=" &PROD_EQUIPE!$Q$8,GERAL[Dia],"<=" &PROD_EQUIPE!$R$8) -> 0 | H26: =SUMIFS(GERAL[PV''s],GERAL[Equipe],PROD_EQUIPE!B26,GERAL[Dia],">=" &PROD_EQUIPE!$Q$8,GERAL[Dia],"<=" &PROD_EQUIPE!$R$8) -> 0 | I26: =SUMIFS(GERAL[LIE],GERAL[Equipe],PROD_EQUIPE!B26,GERAL[Dia],">=" &PROD_EQUIPE!$Q$8,GERAL[Dia],"<=" &PROD_EQUIPE!$R$8) -> 0 | J26: =SUMIFS(GERAL[LIA],GERAL[Equipe],PROD_EQUIPE!B26,GERAL[Dia],">=" &PROD_EQUIPE!$Q$8,GERAL[Dia],"<=" &PROD_EQUIPE!$R$8) -> 0 | K26: =SUMIFS(GERAL[IHM],GERAL[Equipe],PROD_EQUIPE!B26,GERAL[Dia],">=" &PROD_EQUIPE!$Q$8,GERAL[Dia],"<=" &PROD_EQUIPE!$R$8) -> 0 | L26: =SUMIFS(GERAL[RHM],GERAL[Equipe],PROD_EQUIPE!B26,GERAL[Dia],">=" &PROD_EQUIPE!$Q$8,GERAL[Dia],"<=" &PROD_EQUIPE!$R$8) -> 0 | M26: =IFERROR(D26/C26,"") | N26: =IFERROR(E26/C26,"") | O26: =IFERROR(F26/C26,"") | P26: =IFERROR(G26/C26,"") | Q26: =IFERROR(SUM(F26:G26)/C26,"") | R26: =IFERROR(SUM(D26:E26)/C26,"")
C27: =COUNTIFS(GERAL[Dia Útil],"SIM",GERAL[Equipe],PROD_EQUIPE!B27,GERAL[Dia],">=" &PROD_EQUIPE!$Q$8,GERAL[Dia],"<=" &PROD_EQUIPE!$R$8) -> 0 | D27: =SUMIFS(GERAL[LA],GERAL[Equipe],PROD_EQUIPE!B27,GERAL[Dia],">=" &PROD_EQUIPE!$Q$8,GERAL[Dia],"<=" &PROD_EQUIPE!$R$8) -> 0 | E27: =SUMIFS(GERAL[LE],GERAL[Equipe],PROD_EQUIPE!B27,GERAL[Dia],">=" &PROD_EQUIPE!$Q$8,GERAL[Dia],"<=" &PROD_EQUIPE!$R$8) -> 0 | F27: =SUMIFS(GERAL[PRA],GERAL[Equipe],PROD_EQUIPE!B27,GERAL[Dia],">=" &PROD_EQUIPE!$Q$8,GERAL[Dia],"<=" &PROD_EQUIPE!$R$8) -> 0 | G27: =SUMIFS(GERAL[PRE],GERAL[Equipe],PROD_EQUIPE!B27,GERAL[Dia],">=" &PROD_EQUIPE!$Q$8,GERAL[Dia],"<=" &PROD_EQUIPE!$R$8) -> 0 | H27: =SUMIFS(GERAL[PV''s],GERAL[Equipe],PROD_EQUIPE!B27,GERAL[Dia],">=" &PROD_EQUIPE!$Q$8,GERAL[Dia],"<=" &PROD_EQUIPE!$R$8) -> 0 | I27: =SUMIFS(GERAL[LIE],GERAL[Equipe],PROD_EQUIPE!B27,GERAL[Dia],">=" &PROD_EQUIPE!$Q$8,GERAL[Dia],"<=" &PROD_EQUIPE!$R$8) -> 0 | J27: =SUMIFS(GERAL[LIA],GERAL[Equipe],PROD_EQUIPE!B27,GERAL[Dia],">=" &PROD_EQUIPE!$Q$8,GERAL[Dia],"<=" &PROD_EQUIPE!$R$8) -> 0 | K27: =SUMIFS(GERAL[IHM],GERAL[Equipe],PROD_EQUIPE!B27,GERAL[Dia],">=" &PROD_EQUIPE!$Q$8,GERAL[Dia],"<=" &PROD_EQUIPE!$R$8) -> 0 | L27: =SUMIFS(GERAL[RHM],GERAL[Equipe],PROD_EQUIPE!B27,GERAL[Dia],">=" &PROD_EQUIPE!$Q$8,GERAL[Dia],"<=" &PROD_EQUIPE!$R$8) -> 0 | M27: =IFERROR(D27/C27,"") | N27: =IFERROR(E27/C27,"") | O27: =IFERROR(F27/C27,"") | P27: =IFERROR(G27/C27,"") | Q27: =IFERROR(SUM(F27:G27)/C27,"") | R27: =IFERROR(SUM(D27:E27)/C27,"")
C28: =COUNTIFS(GERAL[Dia Útil],"SIM",GERAL[Equipe],PROD_EQUIPE!B28,GERAL[Dia],">=" &PROD_EQUIPE!$Q$8,GERAL[Dia],"<=" &PROD_EQUIPE!$R$8) -> 0 | D28: =SUMIFS(GERAL[LA],GERAL[Equipe],PROD_EQUIPE!B28,GERAL[Dia],">=" &PROD_EQUIPE!$Q$8,GERAL[Dia],"<=" &PROD_EQUIPE!$R$8) -> 0 | E28: =SUMIFS(GERAL[LE],GERAL[Equipe],PROD_EQUIPE!B28,GERAL[Dia],">=" &PROD_EQUIPE!$Q$8,GERAL[Dia],"<=" &PROD_EQUIPE!$R$8) -> 0 | F28: =SUMIFS(GERAL[PRA],GERAL[Equipe],PROD_EQUIPE!B28,GERAL[Dia],">=" &PROD_EQUIPE!$Q$8,GERAL[Dia],"<=" &PROD_EQUIPE!$R$8) -> 0 | G28: =SUMIFS(GERAL[PRE],GERAL[Equipe],PROD_EQUIPE!B28,GERAL[Dia],">=" &PROD_EQUIPE!$Q$8,GERAL[Dia],"<=" &PROD_EQUIPE!$R$8) -> 0 | H28: =SUMIFS(GERAL[PV''s],GERAL[Equipe],PROD_EQUIPE!B28,GERAL[Dia],">=" &PROD_EQUIPE!$Q$8,GERAL[Dia],"<=" &PROD_EQUIPE!$R$8) -> 0 | I28: =SUMIFS(GERAL[LIE],GERAL[Equipe],PROD_EQUIPE!B28,GERAL[Dia],">=" &PROD_EQUIPE!$Q$8,GERAL[Dia],"<=" &PROD_EQUIPE!$R$8) -> 0 | J28: =SUMIFS(GERAL[LIA],GERAL[Equipe],PROD_EQUIPE!B28,GERAL[Dia],">=" &PROD_EQUIPE!$Q$8,GERAL[Dia],"<=" &PROD_EQUIPE!$R$8) -> 0 | K28: =SUMIFS(GERAL[IHM],GERAL[Equipe],PROD_EQUIPE!B28,GERAL[Dia],">=" &PROD_EQUIPE!$Q$8,GERAL[Dia],"<=" &PROD_EQUIPE!$R$8) -> 0 | L28: =SUMIFS(GERAL[RHM],GERAL[Equipe],PROD_EQUIPE!B28,GERAL[Dia],">=" &PROD_EQUIPE!$Q$8,GERAL[Dia],"<=" &PROD_EQUIPE!$R$8) -> 0 | M28: =IFERROR(D28/C28,"") | N28: =IFERROR(E28/C28,"") | O28: =IFERROR(F28/C28,"") | P28: =IFERROR(G28/C28,"") | Q28: =IFERROR(SUM(F28:G28)/C28,"") | R28: =IFERROR(SUM(D28:E28)/C28,"")
... C31: =COUNTIFS(GERAL[Dia Útil],"SIM",GERAL[Equipe],PROD_EQUIPE!B31,GERAL[Dia],">=" &PROD_EQUIPE!$Q$8,GERAL[Dia],"<=" &PROD_EQUIPE!$R$8) -> 0 | D31: =SUMIFS(GERAL[LA],GERAL[Equipe],PROD_EQUIPE!B31,GERAL[Dia],">=" &PROD_EQUIPE!$Q$8,GERAL[Dia],"<=" &PROD_EQUIPE!$R$8) -> 0 | E31: =SUMIFS(GERAL[LE],GERAL[Equipe],PROD_EQUIPE!B31,GERAL[Dia],">=" &PROD_EQUIPE!$Q$8,GERAL[Dia],"<=" &PROD_EQUIPE!$R$8) -> 0 | F31: =SUMIFS(GERAL[PRA],GERAL[Equipe],PROD_EQUIPE!B31,GERAL[Dia],">=" &PROD_EQUIPE!$Q$8,GERAL[Dia],"<=" &PROD_EQUIPE!$R$8) -> 0 | G31: =SUMIFS(GERAL[PRE],GERAL[Equipe],PROD_EQUIPE!B31,GERAL[Dia],">=" &PROD_EQUIPE!$Q$8,GERAL[Dia],"<=" &PROD_EQUIPE!$R$8) -> 0 | H31: =SUMIFS(GERAL[PV''s],GERAL[Equipe],PROD_EQUIPE!B31,GERAL[Dia],">=" &PROD_EQUIPE!$Q$8,GERAL[Dia],"<=" &PROD_EQUIPE!$R$8) -> 0 | I31: =SUMIFS(GERAL[LIE],GERAL[Equipe],PROD_EQUIPE!B31,GERAL[Dia],">=" &PROD_EQUIPE!$Q$8,GERAL[Dia],"<=" &PROD_EQUIPE!$R$8) -> 0 | J31: =SUMIFS(GERAL[LIA],GERAL[Equipe],PROD_EQUIPE!B31,GERAL[Dia],">=" &PROD_EQUIPE!$Q$8,GERAL[Dia],"<=" &PROD_EQUIPE!$R$8) -> 0 | K31: =SUMIFS(GERAL[IHM],GERAL[Equipe],PROD_EQUIPE!B31,GERAL[Dia],">=" &PROD_EQUIPE!$Q$8,GERAL[Dia],"<=" &PROD_EQUIPE!$R$8) -> 0 | L31: =SUMIFS(GERAL[RHM],GERAL[Equipe],PROD_EQUIPE!B31,GERAL[Dia],">=" &PROD_EQUIPE!$Q$8,GERAL[Dia],"<=" &PROD_EQUIPE!$R$8) -> 0 | M31: =IFERROR(D31/C31,"") | N31: =IFERROR(E31/C31,"") | O31: =IFERROR(F31/C31,"") | P31: =IFERROR(G31/C31,"") | Q31: =IFERROR(SUM(F31:G31)/C31,"") | R31: =IFERROR(SUM(D31:E31)/C31,"")
C32: =SUM(C11:C31) -> 99 | D32: =SUM(D11:D31) -> 176 | E32: =SUM(E11:E31) -> 140 | F32: =SUM(F11:F31) -> 1344.1 | G32: =SUM(G11:G31) -> 444.4 | H32: =SUM(H11:H31) -> 12 | I32: =SUM(I11:I31) -> 11 | J32: =SUM(J11:J31) -> 199 | ... L32: =SUM(L11:L31) -> 0
J34: PRODUTIVIDADE MÉDIA | M34: =IFERROR(AVERAGE(M11:M31),"") -> 1.6083292 | N34: =IFERROR(AVERAGE(N11:N31),"") -> 1.2529164 | O34: =IFERROR(AVERAGE(O11:O31),"") -> 12.631561 | P34: =IFERROR(AVERAGE(P11:P31),"") -> 4.1821627 | Q34: =IFERROR(AVERAGE(Q11:Q31),"") -> 16.813724 | R34: =IFERROR(AVERAGE(R11:R31),"") -> 2.8612456
J35: MÉDIA INTERNA | M35: {=IFERROR(TRIMMEAN(IF(M11:M31>0.01,M11:M31),40%),"")} -> 2.0104115 | N35: {=IFERROR(TRIMMEAN(IF(N11:N31>0.01,N11:N31),40%),"")} -> 2.088194 | O35: {=IFERROR(TRIMMEAN(IF(O11:O31>0.01,O11:O31),40%),"")} -> 15.789451 | P35: {=IFERROR(TRIMMEAN(IF(P11:P31>0.01,P11:P31),40%),"")} -> 5.2277034 | Q35: {=IFERROR(TRIMMEAN(IF(Q11:Q31>0.01,Q11:Q31),40%),"")} -> 21.017155 | R35: {=IFERROR(TRIMMEAN(IF(R11:R31>0.01,R11:R31),40%),"")} -> 3.576557

Sheet PROD_NÚCLEO
S2: Informar período
E3: SE LIGA NA REDE - SANTOS
E4: PRODUÇÃO POR NÚCLEO - RUA
Q7: DE | R7: ATÉ
P8: PERÍODO | Q8: 46052 | R8: =TODAY()-1 -> 46133
B10: RUA | C10: DIAS ÚTEIS | D10: LA | E10: LE | F10: PRA | G10: PRE | H10: PV's | I10: LIE | J10: LIA | K10: IHM | L10: RHM | M10: Ind. Prod. LA | N10: Ind Prod LE | O10: Ind Prod PRA | P10: Ind Prod PRE | Q10: IND. PROD REDE | R10: IND. PROD LIG
B11: BECO 3 | C11: =COUNTIFS(GERAL[Dia Útil],"SIM",GERAL[Rua],B11,GERAL[Dia],">=" &$Q$8,GERAL[Dia],"<=" &$R$8) -> 5 | D11: =SUMIFS(GERAL[LA],GERAL[Rua],B11,GERAL[Dia],">=" &$Q$8,GERAL[Dia],"<=" &$R$8) -> 11 | E11: =SUMIFS(GERAL[LE],GERAL[Rua],B11,GERAL[Dia],">=" &$Q$8,GERAL[Dia],"<=" &$R$8) -> 12 | F11: =SUMIFS(GERAL[PRA],GERAL[Rua],B11,GERAL[Dia],">=" &$Q$8,GERAL[Dia],"<=" &$R$8) -> 0 | G11: =SUMIFS(GERAL[PRE],GERAL[Rua],B11,GERAL[Dia],">=" &$Q$8,GERAL[Dia],"<=" &$R$8) -> 0 | H11: =SUMIFS(GERAL[PV''s],GERAL[Rua],B11,GERAL[Dia],">=" &$Q$8,GERAL[Dia],"<=" &$R$8) -> 0 | I11: =SUMIFS(GERAL[LIE],GERAL[Rua],B11,GERAL[Dia],">=" &$Q$8,GERAL[Dia],"<=" &$R$8) -> 0 | J11: =SUMIFS(GERAL[LIA],GERAL[Rua],B11,GERAL[Dia],">=" &$Q$8,GERAL[Dia],"<=" &$R$8) -> 0 | K11: =SUMIFS(GERAL[IHM],GERAL[Rua],B11,GERAL[Dia],">=" &$Q$8,GERAL[Dia],"<=" &$R$8) -> 15 | L11: =SUMIFS(GERAL[RHM],GERAL[Rua],B11,GERAL[Dia],">=" &$Q$8,GERAL[Dia],"<=" &$R$8) -> 0 | M11: =IFERROR(D11/C11,"") -> 2.2 | N11: =IFERROR(E11/C11,"") -> 2.4 | O11: =IFERROR(F11/C11,"") -> 0 | P11: =IFERROR(G11/C11,"") -> 0 | Q11: =IFERROR(SUM(F11:G11)/C11,"") -> 0 | R11: =IFERROR(SUM(D11:E11)/C11,"") -> 4.6
B12: BECO 3 | C12: =COUNTIFS(GERAL[Dia Útil],"SIM",GERAL[Rua],B12,GERAL[Dia],">=" &$Q$8,GERAL[Dia],"<=" &$R$8) -> 1 | D12: =SUMIFS(GERAL[LA],GERAL[Rua],B12,GERAL[Dia],">=" &$Q$8,GERAL[Dia],"<=" &$R$8) -> 0 | E12: =SUMIFS(GERAL[LE],GERAL[Rua],B12,GERAL[Dia],">=" &$Q$8,GERAL[Dia],"<=" &$R$8) -> 0 | F12: =SUMIFS(GERAL[PRA],GERAL[Rua],B12,GERAL[Dia],">=" &$Q$8,GERAL[Dia],"<=" &$R$8) -> 30 | G12: =SUMIFS(GERAL[PRE],GERAL[Rua],B12,GERAL[Dia],">=" &$Q$8,GERAL[Dia],"<=" &$R$8) -> 0 | H12: =SUMIFS(GERAL[PV''s],GERAL[Rua],B12,GERAL[Dia],">=" &$Q$8,GERAL[Dia],"<=" &$R$8) -> 0 | I12: =SUMIFS(GERAL[LIE],GERAL[Rua],B12,GERAL[Dia],">=" &$Q$8,GERAL[Dia],"<=" &$R$8) -> 0 | J12: =SUMIFS(GERAL[LIA],GERAL[Rua],B12,GERAL[Dia],">=" &$Q$8,GERAL[Dia],"<=" &$R$8) -> 0 | K12: =SUMIFS(GERAL[IHM],GERAL[Rua],B12,GERAL[Dia],">=" &$Q$8,GERAL[Dia],"<=" &$R$8) -> 0 | L12: =SUMIFS(GERAL[RHM],GERAL[Rua],B12,GERAL[Dia],">=" &$Q$8,GERAL[Dia],"<=" &$R$8) -> 0 | M12: =IFERROR(D12/C12,"") -> 0 | N12: =IFERROR(E12/C12,"") -> 0 | O12: =IFERROR(F12/C12,"") -> 30 | P12: =IFERROR(G12/C12,"") -> 0 | Q12: =IFERROR(SUM(F12:G12)/C12,"") -> 30 | R12: =IFERROR(SUM(D12:E12)/C12,"") -> 0
B13: BECO 62 | C13: =COUNTIFS(GERAL[Dia Útil],"SIM",GERAL[Rua],B13,GERAL[Dia],">=" &$Q$8,GERAL[Dia],"<=" &$R$8) -> 1 | D13: =SUMIFS(GERAL[LA],GERAL[Rua],B13,GERAL[Dia],">=" &$Q$8,GERAL[Dia],"<=" &$R$8) -> 0 | E13: =SUMIFS(GERAL[LE],GERAL[Rua],B13,GERAL[Dia],">=" &$Q$8,GERAL[Dia],"<=" &$R$8) -> 0 | F13: =SUMIFS(GERAL[PRA],GERAL[Rua],B13,GERAL[Dia],">=" &$Q$8,GERAL[Dia],"<=" &$R$8) -> 0 | G13: =SUMIFS(GERAL[PRE],GERAL[Rua],B13,GERAL[Dia],">=" &$Q$8,GERAL[Dia],"<=" &$R$8) -> 0 | H13: =SUMIFS(GERAL[PV''s],GERAL[Rua],B13,GERAL[Dia],">=" &$Q$8,GERAL[Dia],"<=" &$R$8) -> 0 | I13: =SUMIFS(GERAL[LIE],GERAL[Rua],B13,GERAL[Dia],">=" &$Q$8,GERAL[Dia],"<=" &$R$8) -> 0 | J13: =SUMIFS(GERAL[LIA],GERAL[Rua],B13,GERAL[Dia],">=" &$Q$8,GERAL[Dia],"<=" &$R$8) -> 0 | K13: =SUMIFS(GERAL[IHM],GERAL[Rua],B13,GERAL[Dia],">=" &$Q$8,GERAL[Dia],"<=" &$R$8) -> 10 | L13: =SUMIFS(GERAL[RHM],GERAL[Rua],B13,GERAL[Dia],">=" &$Q$8,GERAL[Dia],"<=" &$R$8) -> 0 | M13: =IFERROR(D13/C13,"") -> 0 | N13: =IFERROR(E13/C13,"") -> 0 | O13: =IFERROR(F13/C13,"") -> 0 | P13: =IFERROR(G13/C13,"") -> 0 | Q13: =IFERROR(SUM(F13:G13)/C13,"") -> 0 | R13: =IFERROR(SUM(D13:E13)/C13,"") -> 0
B14: BECO 72 | C14: =COUNTIFS(GERAL[Dia Útil],"SIM",GERAL[Rua],B14,GERAL[Dia],">=" &$Q$8,GERAL[Dia],"<=" &$R$8) -> 1 | D14: =SUMIFS(GERAL[LA],GERAL[Rua],B14,GERAL[Dia],">=" &$Q$8,GERAL[Dia],"<=" &$R$8) -> 0 | E14: =SUMIFS(GERAL[LE],GERAL[Rua],B14,GERAL[Dia],">=" &$Q$8,GERAL[Dia],"<=" &$R$8) -> 0 | F14: =SUMIFS(GERAL[PRA],GERAL[Rua],B14,GERAL[Dia],">=" &$Q$8,GERAL[Dia],"<=" &$R$8) -> 0 | G14: =SUMIFS(GERAL[PRE],GERAL[Rua],B14,GERAL[Dia],">=" &$Q$8,GERAL[Dia],"<=" &$R$8) -> 0 | H14: =SUMIFS(GERAL[PV''s],GERAL[Rua],B14,GERAL[Dia],">=" &$Q$8,GERAL[Dia],"<=" &$R$8) -> 0 | I14: =SUMIFS(GERAL[LIE],GERAL[Rua],B14,GERAL[Dia],">=" &$Q$8,GERAL[Dia],"<=" &$R$8) -> 0 | J14: =SUMIFS(GERAL[LIA],GERAL[Rua],B14,GERAL[Dia],">=" &$Q$8,GERAL[Dia],"<=" &$R$8) -> 0 | K14: =SUMIFS(GERAL[IHM],GERAL[Rua],B14,GERAL[Dia],">=" &$Q$8,GERAL[Dia],"<=" &$R$8) -> 4 | L14: =SUMIFS(GERAL[RHM],GERAL[Rua],B14,GERAL[Dia],">=" &$Q$8,GERAL[Dia],"<=" &$R$8) -> 0 | M14: =IFERROR(D14/C14,"") -> 0 | N14: =IFERROR(E14/C14,"") -> 0 | O14: =IFERROR(F14/C14,"") -> 0 | P14: =IFERROR(G14/C14,"") -> 0 | Q14: =IFERROR(SUM(F14:G14)/C14,"") -> 0 | R14: =IFERROR(SUM(D14:E14)/C14,"") -> 0
B15: BECO DO MOACIR | C15: =COUNTIFS(GERAL[Dia Útil],"SIM",GERAL[Rua],B15,GERAL[Dia],">=" &$Q$8,GERAL[Dia],"<=" &$R$8) -> 2 | D15: =SUMIFS(GERAL[LA],GERAL[Rua],B15,GERAL[Dia],">=" &$Q$8,GERAL[Dia],"<=" &$R$8) -> 0 | E15: =SUMIFS(GERAL[LE],GERAL[Rua],B15,GERAL[Dia],">=" &$Q$8,GERAL[Dia],"<=" &$R$8) -> 0 | F15: =SUMIFS(GERAL[PRA],GERAL[Rua],B15,GERAL[Dia],">=" &$Q$8,GERAL[Dia],"<=" &$R$8) -> 0 | G15: =SUMIFS(GERAL[PRE],GERAL[Rua],B15,GERAL[Dia],">=" &$Q$8,GERAL[Dia],"<=" &$R$8) -> 0 | H15: =SUMIFS(GERAL[PV''s],GERAL[Rua],B15,GERAL[Dia],">=" &$Q$8,GERAL[Dia],"<=" &$R$8) -> 0 | I15: =SUMIFS(GERAL[LIE],GERAL[Rua],B15,GERAL[Dia],">=" &$Q$8,GERAL[Dia],"<=" &$R$8) -> 0 | J15: =SUMIFS(GERAL[LIA],GERAL[Rua],B15,GERAL[Dia],">=" &$Q$8,GERAL[Dia],"<=" &$R$8) -> 4 | K15: =SUMIFS(GERAL[IHM],GERAL[Rua],B15,GERAL[Dia],">=" &$Q$8,GERAL[Dia],"<=" &$R$8) -> 1 | L15: =SUMIFS(GERAL[RHM],GERAL[Rua],B15,GERAL[Dia],">=" &$Q$8,GERAL[Dia],"<=" &$R$8) -> 0 | M15: =IFERROR(D15/C15,"") -> 0 | N15: =IFERROR(E15/C15,"") -> 0 | O15: =IFERROR(F15/C15,"") -> 0 | P15: =IFERROR(G15/C15,"") -> 0 | Q15: =IFERROR(SUM(F15:G15)/C15,"") -> 0 | R15: =IFERROR(SUM(D15:E15)/C15,"") -> 0
B16: BEIRA RIO | C16: =COUNTIFS(GERAL[Dia Útil],"SIM",GERAL[Rua],B16,GERAL[Dia],">=" &$Q$8,GERAL[Dia],"<=" &$R$8) -> 2 | D16: =SUMIFS(GERAL[LA],GERAL[Rua],B16,GERAL[Dia],">=" &$Q$8,GERAL[Dia],"<=" &$R$8) -> 0 | E16: =SUMIFS(GERAL[LE],GERAL[Rua],B16,GERAL[Dia],">=" &$Q$8,GERAL[Dia],"<=" &$R$8) -> 0 | F16: =SUMIFS(GERAL[PRA],GERAL[Rua],B16,GERAL[Dia],">=" &$Q$8,GERAL[Dia],"<=" &$R$8) -> 0 | G16: =SUMIFS(GERAL[PRE],GERAL[Rua],B16,GERAL[Dia],">=" &$Q$8,GERAL[Dia],"<=" &$R$8) -> 13 | H16: =SUMIFS(GERAL[PV''s],GERAL[Rua],B16,GERAL[Dia],">=" &$Q$8,GERAL[Dia],"<=" &$R$8) -> 3 | I16: =SUMIFS(GERAL[LIE],GERAL[Rua],B16,GERAL[Dia],">=" &$Q$8,GERAL[Dia],"<=" &$R$8) -> 0 | J16: =SUMIFS(GERAL[LIA],GERAL[Rua],B16,GERAL[Dia],">=" &$Q$8,GERAL[Dia],"<=" &$R$8) -> 0 | K16: =SUMIFS(GERAL[IHM],GERAL[Rua],B16,GERAL[Dia],">=" &$Q$8,GERAL[Dia],"<=" &$R$8) -> 0 | L16: =SUMIFS(GERAL[RHM],GERAL[Rua],B16,GERAL[Dia],">=" &$Q$8,GERAL[Dia],"<=" &$R$8) -> 0 | M16: =IFERROR(D16/C16,"") -> 0 | N16: =IFERROR(E16/C16,"") -> 0 | O16: =IFERROR(F16/C16,"") -> 0 | P16: =IFERROR(G16/C16,"") -> 6.5 | Q16: =IFERROR(SUM(F16:G16)/C16,"") -> 6.5 | R16: =IFERROR(SUM(D16:E16)/C16,"") -> 0
B17: CAMINHO DA ESPERANÇA | C17: =COUNTIFS(GERAL[Dia Útil],"SIM",GERAL[Rua],B17,GERAL[Dia],">=" &$Q$8,GERAL[Dia],"<=" &$R$8) -> 13 | D17: =SUMIFS(GERAL[LA],GERAL[Rua],B17,GERAL[Dia],">=" &$Q$8,GERAL[Dia],"<=" &$R$8) -> 1 | E17: =SUMIFS(GERAL[LE],GERAL[Rua],B17,GERAL[Dia],">=" &$Q$8,GERAL[Dia],"<=" &$R$8) -> 26 | F17: =SUMIFS(GERAL[PRA],GERAL[Rua],B17,GERAL[Dia],">=" &$Q$8,GERAL[Dia],"<=" &$R$8) -> 0 | G17: =SUMIFS(GERAL[PRE],GERAL[Rua],B17,GERAL[Dia],">=" &$Q$8,GERAL[Dia],"<=" &$R$8) -> 92.4 | H17: =SUMIFS(GERAL[PV''s],GERAL[Rua],B17,GERAL[Dia],">=" &$Q$8,GERAL[Dia],"<=" &$R$8) -> 1 | I17: =SUMIFS(GERAL[LIE],GERAL[Rua],B17,GERAL[Dia],">=" &$Q$8,GERAL[Dia],"<=" &$R$8) -> 0 | J17: =SUMIFS(GERAL[LIA],GERAL[Rua],B17,GERAL[Dia],">=" &$Q$8,GERAL[Dia],"<=" &$R$8) -> 22 | K17: =SUMIFS(GERAL[IHM],GERAL[Rua],B17,GERAL[Dia],">=" &$Q$8,GERAL[Dia],"<=" &$R$8) -> 0 | L17: =SUMIFS(GERAL[RHM],GERAL[Rua],B17,GERAL[Dia],">=" &$Q$8,GERAL[Dia],"<=" &$R$8) -> 0 | M17: =IFERROR(D17/C17,"") -> 0.076923077 | N17: =IFERROR(E17/C17,"") -> 2 | O17: =IFERROR(F17/C17,"") -> 0 | P17: =IFERROR(G17/C17,"") -> 7.1076923 | Q17: =IFERROR(SUM(F17:G17)/C17,"") -> 7.1076923 | R17: =IFERROR(SUM(D17:E17)/C17,"") -> 2.0769231
B18: CAMINHO PARTICULAR SÃO JORGE | C18: =COUNTIFS(GERAL[Dia Útil],"SIM",GERAL[Rua],B18,GERAL[Dia],">=" &$Q$8,GERAL[Dia],"<=" &$R$8) -> 7 | D18: =SUMIFS(GERAL[LA],GERAL[Rua],B18,GERAL[Dia],">=" &$Q$8,GERAL[Dia],"<=" &$R$8) -> 6 | E18: =SUMIFS(GERAL[LE],GERAL[Rua],B18,GERAL[Dia],">=" &$Q$8,GERAL[Dia],"<=" &$R$8) -> 8 | F18: =SUMIFS(GERAL[PRA],GERAL[Rua],B18,GERAL[Dia],">=" &$Q$8,GERAL[Dia],"<=" &$R$8) -> 95 | G18: =SUMIFS(GERAL[PRE],GERAL[Rua],B18,GERAL[Dia],">=" &$Q$8,GERAL[Dia],"<=" &$R$8) -> 68 | H18: =SUMIFS(GERAL[PV''s],GERAL[Rua],B18,GERAL[Dia],">=" &$Q$8,GERAL[Dia],"<=" &$R$8) -> 1 | I18: =SUMIFS(GERAL[LIE],GERAL[Rua],B18,GERAL[Dia],">=" &$Q$8,GERAL[Dia],"<=" &$R$8) -> 0 | J18: =SUMIFS(GERAL[LIA],GERAL[Rua],B18,GERAL[Dia],">=" &$Q$8,GERAL[Dia],"<=" &$R$8) -> 0 | K18: =SUMIFS(GERAL[IHM],GERAL[Rua],B18,GERAL[Dia],">=" &$Q$8,GERAL[Dia],"<=" &$R$8) -> 0 | L18: =SUMIFS(GERAL[RHM],GERAL[Rua],B18,GERAL[Dia],">=" &$Q$8,GERAL[Dia],"<=" &$R$8) -> 0 | M18: =IFERROR(D18/C18,"") -> 0.85714286 | N18: =IFERROR(E18/C18,"") -> 1.1428571 | O18: =IFERROR(F18/C18,"") -> 13.571429 | P18: =IFERROR(G18/C18,"") -> 9.7142857 | Q18: =IFERROR(SUM(F18:G18)/C18,"") -> 23.285714 | R18: =IFERROR(SUM(D18:E18)/C18,"") -> 2
B19: CHUVA | C19: =COUNTIFS(GERAL[Dia Útil],"SIM",GERAL[Rua],B19,GERAL[Dia],">=" &$Q$8,GERAL[Dia],"<=" &$R$8) -> 0 | D19: =SUMIFS(GERAL[LA],GERAL[Rua],B19,GERAL[Dia],">=" &$Q$8,GERAL[Dia],"<=" &$R$8) -> 0 | E19: =SUMIFS(GERAL[LE],GERAL[Rua],B19,GERAL[Dia],">=" &$Q$8,GERAL[Dia],"<=" &$R$8) -> 0 | F19: =SUMIFS(GERAL[PRA],GERAL[Rua],B19,GERAL[Dia],">=" &$Q$8,GERAL[Dia],"<=" &$R$8) -> 0 | G19: =SUMIFS(GERAL[PRE],GERAL[Rua],B19,GERAL[Dia],">=" &$Q$8,GERAL[Dia],"<=" &$R$8) -> 0 | H19: =SUMIFS(GERAL[PV''s],GERAL[Rua],B19,GERAL[Dia],">=" &$Q$8,GERAL[Dia],"<=" &$R$8) -> 0 | I19: =SUMIFS(GERAL[LIE],GERAL[Rua],B19,GERAL[Dia],">=" &$Q$8,GERAL[Dia],"<=" &$R$8) -> 0 | J19: =SUMIFS(GERAL[LIA],GERAL[Rua],B19,GERAL[Dia],">=" &$Q$8,GERAL[Dia],"<=" &$R$8) -> 0 | K19: =SUMIFS(GERAL[IHM],GERAL[Rua],B19,GERAL[Dia],">=" &$Q$8,GERAL[Dia],"<=" &$R$8) -> 0 | L19: =SUMIFS(GERAL[RHM],GERAL[Rua],B19,GERAL[Dia],">=" &$Q$8,GERAL[Dia],"<=" &$R$8) -> 0 | M19: =IFERROR(D19/C19,"") | N19: =IFERROR(E19/C19,"") | O19: =IFERROR(F19/C19,"") | P19: =IFERROR(G19/C19,"") | Q19: =IFERROR(SUM(F19:G19)/C19,"") | R19: =IFERROR(SUM(D19:E19)/C19,"")
B20: Diversas até 28/02 - MT | C20: =COUNTIFS(GERAL[Dia Útil],"SIM",GERAL[Rua],B20,GERAL[Dia],">=" &$Q$8,GERAL[Dia],"<=" &$R$8) -> 21 | D20: =SUMIFS(GERAL[LA],GERAL[Rua],B20,GERAL[Dia],">=" &$Q$8,GERAL[Dia],"<=" &$R$8) -> 70 | E20: =SUMIFS(GERAL[LE],GERAL[Rua],B20,GERAL[Dia],">=" &$Q$8,GERAL[Dia],"<=" &$R$8) -> 82 | F20: =SUMIFS(GERAL[PRA],GERAL[Rua],B20,GERAL[Dia],">=" &$Q$8,GERAL[Dia],"<=" &$R$8) -> 555.1 | G20: =SUMIFS(GERAL[PRE],GERAL[Rua],B20,GERAL[Dia],">=" &$Q$8,GERAL[Dia],"<=" &$R$8) -> 142 | H20: =SUMIFS(GERAL[PV''s],GERAL[Rua],B20,GERAL[Dia],">=" &$Q$8,GERAL[Dia],"<=" &$R$8) -> 7 | I20: =SUMIFS(GERAL[LIE],GERAL[Rua],B20,GERAL[Dia],">=" &$Q$8,GERAL[Dia],"<=" &$R$8) -> 9 | J20: =SUMIFS(GERAL[LIA],GERAL[Rua],B20,GERAL[Dia],">=" &$Q$8,GERAL[Dia],"<=" &$R$8) -> 97 | K20: =SUMIFS(GERAL[IHM],GERAL[Rua],B20,GERAL[Dia],">=" &$Q$8,GERAL[Dia],"<=" &$R$8) -> 59 | L20: =SUMIFS(GERAL[RHM],GERAL[Rua],B20,GERAL[Dia],">=" &$Q$8,GERAL[Dia],"<=" &$R$8) -> 0 | M20: =IFERROR(D20/C20,"") -> 3.3333333 | N20: =IFERROR(E20/C20,"") -> 3.9047619 | O20: =IFERROR(F20/C20,"") -> 26.433333 | P20: =IFERROR(G20/C20,"") -> 6.7619048 | Q20: =IFERROR(SUM(F20:G20)/C20,"") -> 33.195238 | R20: =IFERROR(SUM(D20:E20)/C20,"") -> 7.2380952
B21: RUA DAS PEDRAS | C21: =COUNTIFS(GERAL[Dia Útil],"SIM",GERAL[Rua],B21,GERAL[Dia],">=" &$Q$8,GERAL[Dia],"<=" &$R$8) -> 3 | D21: =SUMIFS(GERAL[LA],GERAL[Rua],B21,GERAL[Dia],">=" &$Q$8,GERAL[Dia],"<=" &$R$8) -> 9 | E21: =SUMIFS(GERAL[LE],GERAL[Rua],B21,GERAL[Dia],">=" &$Q$8,GERAL[Dia],"<=" &$R$8) -> 1 | F21: =SUMIFS(GERAL[PRA],GERAL[Rua],B21,GERAL[Dia],">=" &$Q$8,GERAL[Dia],"<=" &$R$8) -> 15 | G21: =SUMIFS(GERAL[PRE],GERAL[Rua],B21,GERAL[Dia],">=" &$Q$8,GERAL[Dia],"<=" &$R$8) -> 0 | H21: =SUMIFS(GERAL[PV''s],GERAL[Rua],B21,GERAL[Dia],">=" &$Q$8,GERAL[Dia],"<=" &$R$8) -> 0 | I21: =SUMIFS(GERAL[LIE],GERAL[Rua],B21,GERAL[Dia],">=" &$Q$8,GERAL[Dia],"<=" &$R$8) -> 0 | J21: =SUMIFS(GERAL[LIA],GERAL[Rua],B21,GERAL[Dia],">=" &$Q$8,GERAL[Dia],"<=" &$R$8) -> 1 | K21: =SUMIFS(GERAL[IHM],GERAL[Rua],B21,GERAL[Dia],">=" &$Q$8,GERAL[Dia],"<=" &$R$8) -> 1 | L21: =SUMIFS(GERAL[RHM],GERAL[Rua],B21,GERAL[Dia],">=" &$Q$8,GERAL[Dia],"<=" &$R$8) -> 0 | M21: =IFERROR(D21/C21,"") -> 3 | N21: =IFERROR(E21/C21,"") -> 0.33333333 | O21: =IFERROR(F21/C21,"") -> 5 | P21: =IFERROR(G21/C21,"") -> 0 | Q21: =IFERROR(SUM(F21:G21)/C21,"") -> 5 | R21: =IFERROR(SUM(D21:E21)/C21,"") -> 3.3333333
B22: RUA DAS PEDRAS | C22: =COUNTIFS(GERAL[Dia Útil],"SIM",GERAL[Rua],B22,GERAL[Dia],">=" &$Q$8,GERAL[Dia],"<=" &$R$8) -> 8 | D22: =SUMIFS(GERAL[LA],GERAL[Rua],B22,GERAL[Dia],">=" &$Q$8,GERAL[Dia],"<=" &$R$8) -> 20 | E22: =SUMIFS(GERAL[LE],GERAL[Rua],B22,GERAL[Dia],">=" &$Q$8,GERAL[Dia],"<=" &$R$8) -> 10 | F22: =SUMIFS(GERAL[PRA],GERAL[Rua],B22,GERAL[Dia],">=" &$Q$8,GERAL[Dia],"<=" &$R$8) -> 25 | G22: =SUMIFS(GERAL[PRE],GERAL[Rua],B22,GERAL[Dia],">=" &$Q$8,GERAL[Dia],"<=" &$R$8) -> 18 | H22: =SUMIFS(GERAL[PV''s],GERAL[Rua],B22,GERAL[Dia],">=" &$Q$8,GERAL[Dia],"<=" &$R$8) -> 0 | I22: =SUMIFS(GERAL[LIE],GERAL[Rua],B22,GERAL[Dia],">=" &$Q$8,GERAL[Dia],"<=" &$R$8) -> 2 | J22: =SUMIFS(GERAL[LIA],GERAL[Rua],B22,GERAL[Dia],">=" &$Q$8,GERAL[Dia],"<=" &$R$8) -> 14 | K22: =SUMIFS(GERAL[IHM],GERAL[Rua],B22,GERAL[Dia],">=" &$Q$8,GERAL[Dia],"<=" &$R$8) -> 4 | L22: =SUMIFS(GERAL[RHM],GERAL[Rua],B22,GERAL[Dia],">=" &$Q$8,GERAL[Dia],"<=" &$R$8) -> 0 | M22: =IFERROR(D22/C22,"") -> 2.5 | N22: =IFERROR(E22/C22,"") -> 1.25 | O22: =IFERROR(F22/C22,"") -> 3.125 | P22: =IFERROR(G22/C22,"") -> 2.25 | Q22: =IFERROR(SUM(F22:G22)/C22,"") -> 5.375 | R22: =IFERROR(SUM(D22:E22)/C22,"") -> 3.75
... B32: (vazio) | C32: =COUNTIFS(GERAL[Dia Útil],"SIM",GERAL[Rua],B32,GERAL[Dia],">=" &$Q$8,GERAL[Dia],"<=" &$R$8) -> 0 | D32: =SUMIFS(GERAL[LA],GERAL[Rua],B32,GERAL[Dia],">=" &$Q$8,GERAL[Dia],"<=" &$R$8) -> 0 | E32: =SUMIFS(GERAL[LE],GERAL[Rua],B32,GERAL[Dia],">=" &$Q$8,GERAL[Dia],"<=" &$R$8) -> 0 | F32: =SUMIFS(GERAL[PRA],GERAL[Rua],B32,GERAL[Dia],">=" &$Q$8,GERAL[Dia],"<=" &$R$8) -> 0 | G32: =SUMIFS(GERAL[PRE],GERAL[Rua],B32,GERAL[Dia],">=" &$Q$8,GERAL[Dia],"<=" &$R$8) -> 0 | H32: =SUMIFS(GERAL[PV''s],GERAL[Rua],B32,GERAL[Dia],">=" &$Q$8,GERAL[Dia],"<=" &$R$8) -> 0 | I32: =SUMIFS(GERAL[LIE],GERAL[Rua],B32,GERAL[Dia],">=" &$Q$8,GERAL[Dia],"<=" &$R$8) -> 0 | J32: =SUMIFS(GERAL[LIA],GERAL[Rua],B32,GERAL[Dia],">=" &$Q$8,GERAL[Dia],"<=" &$R$8) -> 0 | K32: =SUMIFS(GERAL[IHM],GERAL[Rua],B32,GERAL[Dia],">=" &$Q$8,GERAL[Dia],"<=" &$R$8) -> 0 | L32: =SUMIFS(GERAL[RHM],GERAL[Rua],B32,GERAL[Dia],">=" &$Q$8,GERAL[Dia],"<=" &$R$8) -> 0 | M32: =IFERROR(D32/C32,"") | N32: =IFERROR(E32/C32,"") | O32: =IFERROR(F32/C32,"") | P32: =IFERROR(G32/C32,"") | Q32: =IFERROR(SUM(F32:G32)/C32,"") | R32: =IFERROR(SUM(D32:E32)/C32,"")
C33: =COUNTIFS(GERAL[Dia Útil],"SIM",GERAL[Rua],B33,GERAL[Dia],">=" &$Q$8,GERAL[Dia],"<=" &$R$8) -> 0 | D33: =SUMIFS(GERAL[LA],GERAL[Rua],B33,GERAL[Dia],">=" &$Q$8,GERAL[Dia],"<=" &$R$8) -> 0 | E33: =SUMIFS(GERAL[LE],GERAL[Rua],B33,GERAL[Dia],">=" &$Q$8,GERAL[Dia],"<=" &$R$8) -> 0 | F33: =SUMIFS(GERAL[PRA],GERAL[Rua],B33,GERAL[Dia],">=" &$Q$8,GERAL[Dia],"<=" &$R$8) -> 0 | G33: =SUMIFS(GERAL[PRE],GERAL[Rua],B33,GERAL[Dia],">=" &$Q$8,GERAL[Dia],"<=" &$R$8) -> 0 | H33: =SUMIFS(GERAL[PV''s],GERAL[Rua],B33,GERAL[Dia],">=" &$Q$8,GERAL[Dia],"<=" &$R$8) -> 0 | I33: =SUMIFS(GERAL[LIE],GERAL[Rua],B33,GERAL[Dia],">=" &$Q$8,GERAL[Dia],"<=" &$R$8) -> 0 | J33: =SUMIFS(GERAL[LIA],GERAL[Rua],B33,GERAL[Dia],">=" &$Q$8,GERAL[Dia],"<=" &$R$8) -> 0 | K33: =SUMIFS(GERAL[IHM],GERAL[Rua],B33,GERAL[Dia],">=" &$Q$8,GERAL[Dia],"<=" &$R$8) -> 0 | L33: =SUMIFS(GERAL[RHM],GERAL[Rua],B33,GERAL[Dia],">=" &$Q$8,GERAL[Dia],"<=" &$R$8) -> 0 | M33: =IFERROR(D33/C33,"") | N33: =IFERROR(E33/C33,"") | O33: =IFERROR(F33/C33,"") | P33: =IFERROR(G33/C33,"") | Q33: =IFERROR(SUM(F33:G33)/C33,"") | R33: =IFERROR(SUM(D33:E33)/C33,"")
C34: =COUNTIFS(GERAL[Dia Útil],"SIM",GERAL[Rua],B34,GERAL[Dia],">=" &$Q$8,GERAL[Dia],"<=" &$R$8) -> 0 | D34: =SUMIFS(GERAL[LA],GERAL[Rua],B34,GERAL[Dia],">=" &$Q$8,GERAL[Dia],"<=" &$R$8) -> 0 | E34: =SUMIFS(GERAL[LE],GERAL[Rua],B34,GERAL[Dia],">=" &$Q$8,GERAL[Dia],"<=" &$R$8) -> 0 | F34: =SUMIFS(GERAL[PRA],GERAL[Rua],B34,GERAL[Dia],">=" &$Q$8,GERAL[Dia],"<=" &$R$8) -> 0 | G34: =SUMIFS(GERAL[PRE],GERAL[Rua],B34,GERAL[Dia],">=" &$Q$8,GERAL[Dia],"<=" &$R$8) -> 0 | H34: =SUMIFS(GERAL[PV''s],GERAL[Rua],B34,GERAL[Dia],">=" &$Q$8,GERAL[Dia],"<=" &$R$8) -> 0 | I34: =SUMIFS(GERAL[LIE],GERAL[Rua],B34,GERAL[Dia],">=" &$Q$8,GERAL[Dia],"<=" &$R$8) -> 0 | J34: =SUMIFS(GERAL[LIA],GERAL[Rua],B34,GERAL[Dia],">=" &$Q$8,GERAL[Dia],"<=" &$R$8) -> 0 | K34: =SUMIFS(GERAL[IHM],GERAL[Rua],B34,GERAL[Dia],">=" &$Q$8,GERAL[Dia],"<=" &$R$8) -> 0 | L34: =SUMIFS(GERAL[RHM],GERAL[Rua],B34,GERAL[Dia],">=" &$Q$8,GERAL[Dia],"<=" &$R$8) -> 0 | M34: =IFERROR(D34/C34,"") | N34: =IFERROR(E34/C34,"") | O34: =IFERROR(F34/C34,"") | P34: =IFERROR(G34/C34,"") | Q34: =IFERROR(SUM(F34:G34)/C34,"") | R34: =IFERROR(SUM(D34:E34)/C34,"")
C35: =COUNTIFS(GERAL[Dia Útil],"SIM",GERAL[Rua],B35,GERAL[Dia],">=" &$Q$8,GERAL[Dia],"<=" &$R$8) -> 0 | D35: =SUMIFS(GERAL[LA],GERAL[Rua],B35,GERAL[Dia],">=" &$Q$8,GERAL[Dia],"<=" &$R$8) -> 0 | E35: =SUMIFS(GERAL[LE],GERAL[Rua],B35,GERAL[Dia],">=" &$Q$8,GERAL[Dia],"<=" &$R$8) -> 0 | F35: =SUMIFS(GERAL[PRA],GERAL[Rua],B35,GERAL[Dia],">=" &$Q$8,GERAL[Dia],"<=" &$R$8) -> 0 | G35: =SUMIFS(GERAL[PRE],GERAL[Rua],B35,GERAL[Dia],">=" &$Q$8,GERAL[Dia],"<=" &$R$8) -> 0 | H35: =SUMIFS(GERAL[PV''s],GERAL[Rua],B35,GERAL[Dia],">=" &$Q$8,GERAL[Dia],"<=" &$R$8) -> 0 | I35: =SUMIFS(GERAL[LIE],GERAL[Rua],B35,GERAL[Dia],">=" &$Q$8,GERAL[Dia],"<=" &$R$8) -> 0 | J35: =SUMIFS(GERAL[LIA],GERAL[Rua],B35,GERAL[Dia],">=" &$Q$8,GERAL[Dia],"<=" &$R$8) -> 0 | K35: =SUMIFS(GERAL[IHM],GERAL[Rua],B35,GERAL[Dia],">=" &$Q$8,GERAL[Dia],"<=" &$R$8) -> 0 | L35: =SUMIFS(GERAL[RHM],GERAL[Rua],B35,GERAL[Dia],">=" &$Q$8,GERAL[Dia],"<=" &$R$8) -> 0 | M35: =IFERROR(D35/C35,"") | N35: =IFERROR(E35/C35,"") | O35: =IFERROR(F35/C35,"") | P35: =IFERROR(G35/C35,"") | Q35: =IFERROR(SUM(F35:G35)/C35,"") | R35: =IFERROR(SUM(D35:E35)/C35,"")
C36: =COUNTIFS(GERAL[Dia Útil],"SIM",GERAL[Rua],B36,GERAL[Dia],">=" &$Q$8,GERAL[Dia],"<=" &$R$8) -> 0 | D36: =SUMIFS(GERAL[LA],GERAL[Rua],B36,GERAL[Dia],">=" &$Q$8,GERAL[Dia],"<=" &$R$8) -> 0 | E36: =SUMIFS(GERAL[LE],GERAL[Rua],B36,GERAL[Dia],">=" &$Q$8,GERAL[Dia],"<=" &$R$8) -> 0 | F36: =SUMIFS(GERAL[PRA],GERAL[Rua],B36,GERAL[Dia],">=" &$Q$8,GERAL[Dia],"<=" &$R$8) -> 0 | G36: =SUMIFS(GERAL[PRE],GERAL[Rua],B36,GERAL[Dia],">=" &$Q$8,GERAL[Dia],"<=" &$R$8) -> 0 | H36: =SUMIFS(GERAL[PV''s],GERAL[Rua],B36,GERAL[Dia],">=" &$Q$8,GERAL[Dia],"<=" &$R$8) -> 0 | I36: =SUMIFS(GERAL[LIE],GERAL[Rua],B36,GERAL[Dia],">=" &$Q$8,GERAL[Dia],"<=" &$R$8) -> 0 | J36: =SUMIFS(GERAL[LIA],GERAL[Rua],B36,GERAL[Dia],">=" &$Q$8,GERAL[Dia],"<=" &$R$8) -> 0 | K36: =SUMIFS(GERAL[IHM],GERAL[Rua],B36,GERAL[Dia],">=" &$Q$8,GERAL[Dia],"<=" &$R$8) -> 0 | L36: =SUMIFS(GERAL[RHM],GERAL[Rua],B36,GERAL[Dia],">=" &$Q$8,GERAL[Dia],"<=" &$R$8) -> 0 | M36: =IFERROR(D36/C36,"") | N36: =IFERROR(E36/C36,"") | O36: =IFERROR(F36/C36,"") | P36: =IFERROR(G36/C36,"") | Q36: =IFERROR(SUM(F36:G36)/C36,"") | R36: =IFERROR(SUM(D36:E36)/C36,"")
C37: =COUNTIFS(GERAL[Dia Útil],"SIM",GERAL[Rua],B37,GERAL[Dia],">=" &$Q$8,GERAL[Dia],"<=" &$R$8) -> 0 | D37: =SUMIFS(GERAL[LA],GERAL[Rua],B37,GERAL[Dia],">=" &$Q$8,GERAL[Dia],"<=" &$R$8) -> 0 | E37: =SUMIFS(GERAL[LE],GERAL[Rua],B37,GERAL[Dia],">=" &$Q$8,GERAL[Dia],"<=" &$R$8) -> 0 | F37: =SUMIFS(GERAL[PRA],GERAL[Rua],B37,GERAL[Dia],">=" &$Q$8,GERAL[Dia],"<=" &$R$8) -> 0 | G37: =SUMIFS(GERAL[PRE],GERAL[Rua],B37,GERAL[Dia],">=" &$Q$8,GERAL[Dia],"<=" &$R$8) -> 0 | H37: =SUMIFS(GERAL[PV''s],GERAL[Rua],B37,GERAL[Dia],">=" &$Q$8,GERAL[Dia],"<=" &$R$8) -> 0 | I37: =SUMIFS(GERAL[LIE],GERAL[Rua],B37,GERAL[Dia],">=" &$Q$8,GERAL[Dia],"<=" &$R$8) -> 0 | J37: =SUMIFS(GERAL[LIA],GERAL[Rua],B37,GERAL[Dia],">=" &$Q$8,GERAL[Dia],"<=" &$R$8) -> 0 | K37: =SUMIFS(GERAL[IHM],GERAL[Rua],B37,GERAL[Dia],">=" &$Q$8,GERAL[Dia],"<=" &$R$8) -> 0 | L37: =SUMIFS(GERAL[RHM],GERAL[Rua],B37,GERAL[Dia],">=" &$Q$8,GERAL[Dia],"<=" &$R$8) -> 0 | M37: =IFERROR(D37/C37,"") | N37: =IFERROR(E37/C37,"") | O37: =IFERROR(F37/C37,"") | P37: =IFERROR(G37/C37,"") | Q37: =IFERROR(SUM(F37:G37)/C37,"") | R37: =IFERROR(SUM(D37:E37)/C37,"")
C38: =COUNTIFS(GERAL[Dia Útil],"SIM",GERAL[Rua],B38,GERAL[Dia],">=" &$Q$8,GERAL[Dia],"<=" &$R$8) -> 0 | D38: =SUMIFS(GERAL[LA],GERAL[Rua],B38,GERAL[Dia],">=" &$Q$8,GERAL[Dia],"<=" &$R$8) -> 0 | E38: =SUMIFS(GERAL[LE],GERAL[Rua],B38,GERAL[Dia],">=" &$Q$8,GERAL[Dia],"<=" &$R$8) -> 0 | F38: =SUMIFS(GERAL[PRA],GERAL[Rua],B38,GERAL[Dia],">=" &$Q$8,GERAL[Dia],"<=" &$R$8) -> 0 | G38: =SUMIFS(GERAL[PRE],GERAL[Rua],B38,GERAL[Dia],">=" &$Q$8,GERAL[Dia],"<=" &$R$8) -> 0 | H38: =SUMIFS(GERAL[PV''s],GERAL[Rua],B38,GERAL[Dia],">=" &$Q$8,GERAL[Dia],"<=" &$R$8) -> 0 | I38: =SUMIFS(GERAL[LIE],GERAL[Rua],B38,GERAL[Dia],">=" &$Q$8,GERAL[Dia],"<=" &$R$8) -> 0 | J38: =SUMIFS(GERAL[LIA],GERAL[Rua],B38,GERAL[Dia],">=" &$Q$8,GERAL[Dia],"<=" &$R$8) -> 0 | K38: =SUMIFS(GERAL[IHM],GERAL[Rua],B38,GERAL[Dia],">=" &$Q$8,GERAL[Dia],"<=" &$R$8) -> 0 | L38: =SUMIFS(GERAL[RHM],GERAL[Rua],B38,GERAL[Dia],">=" &$Q$8,GERAL[Dia],"<=" &$R$8) -> 0 | M38: =IFERROR(D38/C38,"") | N38: =IFERROR(E38/C38,"") | O38: =IFERROR(F38/C38,"") | P38: =IFERROR(G38/C38,"") | Q38: =IFERROR(SUM(F38:G38)/C38,"") | R38: =IFERROR(SUM(D38:E38)/C38,"")
C39: =COUNTIFS(GERAL[Dia Útil],"SIM",GERAL[Rua],B39,GERAL[Dia],">=" &$Q$8,GERAL[Dia],"<=" &$R$8) -> 0 | D39: =SUMIFS(GERAL[LA],GERAL[Rua],B39,GERAL[Dia],">=" &$Q$8,GERAL[Dia],"<=" &$R$8) -> 0 | E39: =SUMIFS(GERAL[LE],GERAL[Rua],B39,GERAL[Dia],">=" &$Q$8,GERAL[Dia],"<=" &$R$8) -> 0 | F39: =SUMIFS(GERAL[PRA],GERAL[Rua],B39,GERAL[Dia],">=" &$Q$8,GERAL[Dia],"<=" &$R$8) -> 0 | G39: =SUMIFS(GERAL[PRE],GERAL[Rua],B39,GERAL[Dia],">=" &$Q$8,GERAL[Dia],"<=" &$R$8) -> 0 | H39: =SUMIFS(GERAL[PV''s],GERAL[Rua],B39,GERAL[Dia],">=" &$Q$8,GERAL[Dia],"<=" &$R$8) -> 0 | I39: =SUMIFS(GERAL[LIE],GERAL[Rua],B39,GERAL[Dia],">=" &$Q$8,GERAL[Dia],"<=" &$R$8) -> 0 | J39: =SUMIFS(GERAL[LIA],GERAL[Rua],B39,GERAL[Dia],">=" &$Q$8,GERAL[Dia],"<=" &$R$8) -> 0 | K39: =SUMIFS(GERAL[IHM],GERAL[Rua],B39,GERAL[Dia],">=" &$Q$8,GERAL[Dia],"<=" &$R$8) -> 0 | L39: =SUMIFS(GERAL[RHM],GERAL[Rua],B39,GERAL[Dia],">=" &$Q$8,GERAL[Dia],"<=" &$R$8) -> 0 | M39: =IFERROR(D39/C39,"") | N39: =IFERROR(E39/C39,"") | O39: =IFERROR(F39/C39,"") | P39: =IFERROR(G39/C39,"") | Q39: =IFERROR(SUM(F39:G39)/C39,"") | R39: =IFERROR(SUM(D39:E39)/C39,"")
C40: =COUNTIFS(GERAL[Dia Útil],"SIM",GERAL[Rua],B40,GERAL[Dia],">=" &$Q$8,GERAL[Dia],"<=" &$R$8) -> 0 | D40: =SUMIFS(GERAL[LA],GERAL[Rua],B40,GERAL[Dia],">=" &$Q$8,GERAL[Dia],"<=" &$R$8) -> 0 | E40: =SUMIFS(GERAL[LE],GERAL[Rua],B40,GERAL[Dia],">=" &$Q$8,GERAL[Dia],"<=" &$R$8) -> 0 | F40: =SUMIFS(GERAL[PRA],GERAL[Rua],B40,GERAL[Dia],">=" &$Q$8,GERAL[Dia],"<=" &$R$8) -> 0 | G40: =SUMIFS(GERAL[PRE],GERAL[Rua],B40,GERAL[Dia],">=" &$Q$8,GERAL[Dia],"<=" &$R$8) -> 0 | H40: =SUMIFS(GERAL[PV''s],GERAL[Rua],B40,GERAL[Dia],">=" &$Q$8,GERAL[Dia],"<=" &$R$8) -> 0 | I40: =SUMIFS(GERAL[LIE],GERAL[Rua],B40,GERAL[Dia],">=" &$Q$8,GERAL[Dia],"<=" &$R$8) -> 0 | J40: =SUMIFS(GERAL[LIA],GERAL[Rua],B40,GERAL[Dia],">=" &$Q$8,GERAL[Dia],"<=" &$R$8) -> 0 | K40: =SUMIFS(GERAL[IHM],GERAL[Rua],B40,GERAL[Dia],">=" &$Q$8,GERAL[Dia],"<=" &$R$8) -> 0 | L40: =SUMIFS(GERAL[RHM],GERAL[Rua],B40,GERAL[Dia],">=" &$Q$8,GERAL[Dia],"<=" &$R$8) -> 0 | M40: =IFERROR(D40/C40,"") | N40: =IFERROR(E40/C40,"") | O40: =IFERROR(F40/C40,"") | P40: =IFERROR(G40/C40,"") | Q40: =IFERROR(SUM(F40:G40)/C40,"") | R40: =IFERROR(SUM(D40:E40)/C40,"")
C41: =COUNTIFS(GERAL[Dia Útil],"SIM",GERAL[Rua],B41,GERAL[Dia],">=" &$Q$8,GERAL[Dia],"<=" &$R$8) -> 0 | D41: =SUMIFS(GERAL[LA],GERAL[Rua],B41,GERAL[Dia],">=" &$Q$8,GERAL[Dia],"<=" &$R$8) -> 0 | E41: =SUMIFS(GERAL[LE],GERAL[Rua],B41,GERAL[Dia],">=" &$Q$8,GERAL[Dia],"<=" &$R$8) -> 0 | F41: =SUMIFS(GERAL[PRA],GERAL[Rua],B41,GERAL[Dia],">=" &$Q$8,GERAL[Dia],"<=" &$R$8) -> 0 | G41: =SUMIFS(GERAL[PRE],GERAL[Rua],B41,GERAL[Dia],">=" &$Q$8,GERAL[Dia],"<=" &$R$8) -> 0 | H41: =SUMIFS(GERAL[PV''s],GERAL[Rua],B41,GERAL[Dia],">=" &$Q$8,GERAL[Dia],"<=" &$R$8) -> 0 | I41: =SUMIFS(GERAL[LIE],GERAL[Rua],B41,GERAL[Dia],">=" &$Q$8,GERAL[Dia],"<=" &$R$8) -> 0 | J41: =SUMIFS(GERAL[LIA],GERAL[Rua],B41,GERAL[Dia],">=" &$Q$8,GERAL[Dia],"<=" &$R$8) -> 0 | K41: =SUMIFS(GERAL[IHM],GERAL[Rua],B41,GERAL[Dia],">=" &$Q$8,GERAL[Dia],"<=" &$R$8) -> 0 | L41: =SUMIFS(GERAL[RHM],GERAL[Rua],B41,GERAL[Dia],">=" &$Q$8,GERAL[Dia],"<=" &$R$8) -> 0 | M41: =IFERROR(D41/C41,"") | N41: =IFERROR(E41/C41,"") | O41: =IFERROR(F41/C41,"") | P41: =IFERROR(G41/C41,"") | Q41: =IFERROR(SUM(F41:G41)/C41,"") | R41: =IFERROR(SUM(D41:E41)/C41,"")
C42: =COUNTIFS(GERAL[Dia Útil],"SIM",GERAL[Rua],B42,GERAL[Dia],">=" &$Q$8,GERAL[Dia],"<=" &$R$8) -> 0 | D42: =SUMIFS(GERAL[LA],GERAL[Rua],B42,GERAL[Dia],">=" &$Q$8,GERAL[Dia],"<=" &$R$8) -> 0 | E42: =SUMIFS(GERAL[LE],GERAL[Rua],B42,GERAL[Dia],">=" &$Q$8,GERAL[Dia],"<=" &$R$8) -> 0 | F42: =SUMIFS(GERAL[PRA],GERAL[Rua],B42,GERAL[Dia],">=" &$Q$8,GERAL[Dia],"<=" &$R$8) -> 0 | G42: =SUMIFS(GERAL[PRE],GERAL[Rua],B42,GERAL[Dia],">=" &$Q$8,GERAL[Dia],"<=" &$R$8) -> 0 | H42: =SUMIFS(GERAL[PV''s],GERAL[Rua],B42,GERAL[Dia],">=" &$Q$8,GERAL[Dia],"<=" &$R$8) -> 0 | I42: =SUMIFS(GERAL[LIE],GERAL[Rua],B42,GERAL[Dia],">=" &$Q$8,GERAL[Dia],"<=" &$R$8) -> 0 | J42: =SUMIFS(GERAL[LIA],GERAL[Rua],B42,GERAL[Dia],">=" &$Q$8,GERAL[Dia],"<=" &$R$8) -> 0 | K42: =SUMIFS(GERAL[IHM],GERAL[Rua],B42,GERAL[Dia],">=" &$Q$8,GERAL[Dia],"<=" &$R$8) -> 0 | L42: =SUMIFS(GERAL[RHM],GERAL[Rua],B42,GERAL[Dia],">=" &$Q$8,GERAL[Dia],"<=" &$R$8) -> 0 | M42: =IFERROR(D42/C42,"") | N42: =IFERROR(E42/C42,"") | O42: =IFERROR(F42/C42,"") | P42: =IFERROR(G42/C42,"") | Q42: =IFERROR(SUM(F42:G42)/C42,"") | R42: =IFERROR(SUM(D42:E42)/C42,"")
C43: =COUNTIFS(GERAL[Dia Útil],"SIM",GERAL[Rua],B43,GERAL[Dia],">=" &$Q$8,GERAL[Dia],"<=" &$R$8) -> 0 | D43: =SUMIFS(GERAL[LA],GERAL[Rua],B43,GERAL[Dia],">=" &$Q$8,GERAL[Dia],"<=" &$R$8) -> 0 | E43: =SUMIFS(GERAL[LE],GERAL[Rua],B43,GERAL[Dia],">=" &$Q$8,GERAL[Dia],"<=" &$R$8) -> 0 | F43: =SUMIFS(GERAL[PRA],GERAL[Rua],B43,GERAL[Dia],">=" &$Q$8,GERAL[Dia],"<=" &$R$8) -> 0 | G43: =SUMIFS(GERAL[PRE],GERAL[Rua],B43,GERAL[Dia],">=" &$Q$8,GERAL[Dia],"<=" &$R$8) -> 0 | H43: =SUMIFS(GERAL[PV''s],GERAL[Rua],B43,GERAL[Dia],">=" &$Q$8,GERAL[Dia],"<=" &$R$8) -> 0 | I43: =SUMIFS(GERAL[LIE],GERAL[Rua],B43,GERAL[Dia],">=" &$Q$8,GERAL[Dia],"<=" &$R$8) -> 0 | J43: =SUMIFS(GERAL[LIA],GERAL[Rua],B43,GERAL[Dia],">=" &$Q$8,GERAL[Dia],"<=" &$R$8) -> 0 | K43: =SUMIFS(GERAL[IHM],GERAL[Rua],B43,GERAL[Dia],">=" &$Q$8,GERAL[Dia],"<=" &$R$8) -> 0 | L43: =SUMIFS(GERAL[RHM],GERAL[Rua],B43,GERAL[Dia],">=" &$Q$8,GERAL[Dia],"<=" &$R$8) -> 0 | M43: =IFERROR(D43/C43,"") | N43: =IFERROR(E43/C43,"") | O43: =IFERROR(F43/C43,"") | P43: =IFERROR(G43/C43,"") | Q43: =IFERROR(SUM(F43:G43)/C43,"") | R43: =IFERROR(SUM(D43:E43)/C43,"")
C44: =SUM(C11:C43) -> 88 | D44: =SUM(D11:D43) -> 150 | E44: =SUM(E11:E43) -> 144 | F44: =SUM(F11:F43) -> 989.1 | G44: =SUM(G11:G43) -> 354.4 | H44: =SUM(H11:H43) -> 12 | I44: =SUM(I11:I43) -> 11 | J44: =SUM(J11:J43) -> 192 | ... L44: =SUM(L11:L43) -> 0
J46: PRODUTIVIDADE MÉDIA | M46: =IFERROR(AVERAGE(M11:M43),"") -> 0.82336996 | N46: =IFERROR(AVERAGE(N11:N43),"") -> 0.72654762 | O46: =IFERROR(AVERAGE(O11:O43),"") -> 6.3714881 | P46: =IFERROR(AVERAGE(P11:P43),"") -> 2.3666941 | Q46: =IFERROR(AVERAGE(Q11:Q43),"") -> 8.7381822 | R46: =IFERROR(AVERAGE(R11:R43),"") -> 1.5499176
J47: MÉDIA INTERNA | M47: {=IFERROR(TRIMMEAN(IF(M11:M43>0.01,M11:M43),40%),"")} -> 1.8653061 | N47: {=IFERROR(TRIMMEAN(IF(N11:N43>0.01,N11:N43),40%),"")} -> 1.7154762 | O47: {=IFERROR(TRIMMEAN(IF(O11:O43>0.01,O11:O43),40%),"")} -> 15.71746 | P47: {=IFERROR(TRIMMEAN(IF(P11:P43>0.01,P11:P43),40%),"")} -> 7.0739194 | Q47: {=IFERROR(TRIMMEAN(IF(Q11:Q43>0.01,Q11:Q43),40%),"")} -> 12.649176 | R47: {=IFERROR(TRIMMEAN(IF(R11:R43>0.01,R11:R43),40%),"")} -> 2.7767094

Sheet PROD_META_30D
E3: SE LIGA NA REDE - SANTOS
E4: PRODUÇÃO - META DOS 30 DIAS | AG4: Data Atual: | AI4: Dia da Semana: | AM4: Semana:
AG5: =TODAY() -> 46134 | AI5: {=_xlfn.IFS( WEEKDAY(AG5,2)=1,"SEGUNDA", WEEKDAY(AG5,2)=2,"TERÇA", WEEKDAY(AG5,2)=3,"QUARTA", WEEKDAY(AG5,2)=4,"QUINTA", WEEKDAY(AG5,2)=5,"SEXTA", WEEKDAY(AG5,2)=6,"SÁBADO", WEEKDAY(AG5,2)=7,"DOMINGO" )} -> QUARTA | AM5: =_xlfn.XLOOKUP(AG5,GERAL!B:B,GERAL!A:A) -> Semana 13
AH6: Data: | AI6: {=_xlfn.IFS(AI5="SEGUNDA",AG5,AI5="TERÇA",AG5-1,AI5="QUARTA",AG5-2,AI5="QUINTA",AG5-3,AI5="SEXTA",AG5-4,AI5="SÁBADO",AG5-5,AI5="DOMINGO",AG5-6)} -> 46132 | AK6: {=_xlfn.IFS(AI5="SEGUNDA",0,AI5="TERÇA",AG5,AI5="QUARTA",AG5-1,AI5="QUINTA",AG5-2,AI5="SEXTA",AG5-3,AI5="SÁBADO",AG5-4,AI5="DOMINGO",AG5-5)} -> 46133 | AM6: {=_xlfn.IFS(AI5="SEGUNDA",0,AI5="TERÇA",0,AI5="QUARTA",AG5,AI5="QUINTA",AG5-1,AI5="SEXTA",AG5-2,AI5="SÁBADO",AG5-3,AI5="DOMINGO",AG5-4)} -> 46134 | AO6: {=_xlfn.IFS(AI5="SEGUNDA",0,AI5="TERÇA",0,AI5="QUARTA",0,AI5="QUINTA",AG5,AI5="SEXTA",AG5-1,AI5="SÁBADO",AG5-2,AI5="DOMINGO",AG5-3)} -> 0 | AQ6: {=_xlfn.IFS(AI5="SEGUNDA",0,AI5="TERÇA",0,AI5="QUARTA",0,AI5="QUINTA",0,AI5="SEXTA",AG5,AI5="SÁBADO",AG5-1,AI5="DOMINGO",AG5-2)} -> 0 | AS6: {=_xlfn.IFS(AI5="SEGUNDA",0,AI5="TERÇA",0,AI5="QUARTA",0,AI5="QUINTA",0,AI5="SEXTA",0,AI5="SÁBADO",AG5,AI5="DOMINGO",AG5-1)} -> 0
B7: NÚCLEO | C7: NO MÊS - ATÉ A DATA | I7: FEVEREIRO | W7: RESUMO SEMANAL | AG7: SEMANA CORRENTE | AU7: SEMANA ANTERIOR
C8: DESVIO PREV x REALIZ. | E8: PREVISTO | G8: REALIZADO | I8: ACUM SEMANA 1 | K8: ACUM SEMANA 2 | M8: ACUM SEMANA 3 | O8: ACUM SEMANA 4 | Q8: ACUM SEMANA 5 | S8: ACUM SEMANA 6 | U8: ACUM SEMANA 7 | W8: ACUM SEMANA | Y8: DESVIO SEM. | AA8: META MÊS | AC8: %Rede | AD8: %Lig | AE8: META SEMANA | AG8: META DIÁRIA | AI8: SEGUNDA | AK8: TERÇA | AM8: QUARTA | AO8: QUINTA | AQ8: SEXTA | AS8: SÁBADO | AU8: META DIÁRIA | AW8: SEGUNDA | AY8: TERÇA | BA8: QUARTA | BC8: QUINTA | BE8: SEXTA | BG8: SÁBADO
C9: REDE | D9: LIG | E9: REDE | F9: LIG | G9: REDE | H9: LIG | I9: REDE | J9: LIG | K9: REDE | L9: LIG | M9: REDE | N9: LIG | O9: REDE | P9: LIG | Q9: REDE | R9: LIG | S9: REDE | T9: LIG | U9: REDE | V9: LIG | W9: REDE | X9: LIG | Y9: REDE | Z9: LIG | AA9: REDE | AB9: LIG | AC9: Equiv. | AD9: Equiv. | AE9: REDE | AF9: LIG | AG9: REDE | AH9: LIG | AI9: REDE | AJ9: LIG | AK9: REDE | AL9: LIG | AM9: REDE | AN9: LIG | AO9: REDE | AP9: LIG | AQ9: REDE | AR9: LIG | AS9: REDE | AT9: LIG | AU9: REDE | AV9: LIG | AW9: REDE | AX9: LIG | AY9: REDE | AZ9: LIG | BA9: REDE | BB9: LIG | BC9: REDE | BD9: LIG | BE9: REDE | BF9: LIG | BG9: REDE | BH9: LIG
B10: São Manoel | C10: =G10-E10 -> 582.04989 | D10: =H10-F10 -> -95.477016 | E10: =SUMIFS(PREVISTO!J:J,PREVISTO!B:B,"<="&PROD_META_30D!$AG$5)*PROD_META_30D!AC10 -> 1496.6501 | F10: =SUMIFS(PREVISTO!I:I,PREVISTO!B:B,"<="&PROD_META_30D!$AG$5)*PROD_META_30D!AD10 -> 170.47702 | G10: =SUMIFS(GERAL!J:J,GERAL!B:B,"<="&PROD_META_30D!$AG$5,GERAL!Q:Q,PROD_META_30D!B10,GERAL!R:R,"Prazo_30")+SUMIFS(GERAL!K:K,GERAL!B:B,"<="&PROD_META_30D!$AG$5,GERAL!Q:Q,PROD_META_30D!B10,GERAL!R:R,"Prazo_30") -> 2078.7 | H10: =SUMIFS(GERAL!M:M,GERAL!B:B,"<="&PROD_META_30D!$AG$5,GERAL!Q:Q,PROD_META_30D!B10,GERAL!R:R,"Prazo_30")+SUMIFS(GERAL!N:N,GERAL!B:B,"<="&PROD_META_30D!$AG$5,GERAL!Q:Q,PROD_META_30D!B10,GERAL!R:R,"Prazo_30") -> 75 | I10: =SUMIFS(GERAL!J:J,GERAL!A:A,"Semana 1",GERAL!Q:Q,PROD_META_30D!B10)+SUMIFS(GERAL!K:K,GERAL!A:A,"Semana 1",GERAL!Q:Q,PROD_META_30D!B10) -> 392 | J10: =SUMIFS(GERAL!M:M,GERAL!A:A,"Semana 1",GERAL!Q:Q,PROD_META_30D!B10)+SUMIFS(GERAL!N:N,GERAL!A:A,"Semana 1",GERAL!Q:Q,PROD_META_30D!B10) -> 61 | K10: =SUMIFS(GERAL!J:J,GERAL!A:A,"Semana 2",GERAL!Q:Q,PROD_META_30D!B10)+SUMIFS(GERAL!K:K,GERAL!A:A,"Semana 2",GERAL!Q:Q,PROD_META_30D!B10) -> 344 | L10: =SUMIFS(GERAL!M:M,GERAL!A:A,"Semana 2",GERAL!Q:Q,PROD_META_30D!B10)+SUMIFS(GERAL!N:N,GERAL!A:A,"Semana 1",GERAL!Q:Q,PROD_META_30D!B10) -> 47 | M10: =SUMIFS(GERAL!J:J,GERAL!A:A,"Semana 3",GERAL!Q:Q,PROD_META_30D!B10)+SUMIFS(GERAL!K:K,GERAL!A:A,"Semana 3",GERAL!Q:Q,PROD_META_30D!B10) -> 247 | N10: =SUMIFS(GERAL!M:M,GERAL!A:A,"Semana 3",GERAL!Q:Q,PROD_META_30D!B10)+SUMIFS(GERAL!N:N,GERAL!A:A,"Semana 3",GERAL!Q:Q,PROD_META_30D!B10) -> 0 | O10: =SUMIFS(GERAL!J:J,GERAL!A:A,"Semana 4",GERAL!Q:Q,PROD_META_30D!B10)+SUMIFS(GERAL!K:K,GERAL!A:A,"Semana 4",GERAL!Q:Q,PROD_META_30D!B10) -> 228 | P10: =SUMIFS(GERAL!M:M,GERAL!A:A,"Semana 4",GERAL!Q:Q,PROD_META_30D!B10)+SUMIFS(GERAL!N:N,GERAL!A:A,"Semana 4",GERAL!Q:Q,PROD_META_30D!B10) -> 7 | Q10: =SUMIFS(GERAL!J:J,GERAL!A:A,"Semana 5",GERAL!Q:Q,PROD_META_30D!B10)+SUMIFS(GERAL!K:K,GERAL!A:A,"Semana 5",GERAL!Q:Q,PROD_META_30D!B10) -> 58 | R10: =SUMIFS(GERAL!M:M,GERAL!A:A,"Semana 5",GERAL!Q:Q,PROD_META_30D!B10)+SUMIFS(GERAL!N:N,GERAL!A:A,"Semana 5",GERAL!Q:Q,PROD_META_30D!B10) -> 0 | S10: =SUMIFS(GERAL!J:J,GERAL!A:A,"Semana 6",GERAL!Q:Q,PROD_META_30D!B10)+SUMIFS(GERAL!K:K,GERAL!A:A,"Semana 6",GERAL!Q:Q,PROD_META_30D!B10) -> 139.7 | T10: =SUMIFS(GERAL!M:M,GERAL!A:A,"Semana 6",GERAL!Q:Q,PROD_META_30D!B10)+SUMIFS(GERAL!N:N,GERAL!A:A,"Semana 6",GERAL!Q:Q,PROD_META_30D!B10) -> 0 | U10: =SUMIFS(GERAL!J:J,GERAL!A:A,"Semana 7",GERAL!Q:Q,PROD_META_30D!B10)+SUMIFS(GERAL!K:K,GERAL!A:A,"Semana 7",GERAL!Q:Q,PROD_META_30D!B10) -> 81 | V10: =SUMIFS(GERAL!M:M,GERAL!A:A,"Semana 7",GERAL!Q:Q,PROD_META_30D!B10)+SUMIFS(GERAL!N:N,GERAL!A:A,"Semana 7",GERAL!Q:Q,PROD_META_30D!B10) -> 0 | W10: =SUM(AI10,AK10,AM10,AO10,AQ10,AS10) -> 0 | X10: =SUM(AJ10,AL10,AN10,AP10,AR10,AT10) -> 0 | Y10: =W10-AE10 -> -200 | Z10: =X10-AF10 -> -23 | AA10: 1491 | AB10: 182 | AC10: =AA10/SUM($AA$10:$AA$15) -> 0.21474867 | AD10: =AB10/SUM($AB$10:$AB$15) -> 0.15784909 | AE10: 200 | AF10: 23 | AG10: 50 | AH10: 6 | AI10: =SUMIFS(GERAL!J:J,GERAL!D:D,PROD_META_30D!$AI$6,GERAL!Q:Q,PROD_META_30D!B10)+SUMIFS(GERAL!K:K,GERAL!D:D,PROD_META_30D!$AI$6,GERAL!Q:Q,PROD_META_30D!B10) -> 0 | AJ10: =SUMIFS(GERAL!M:M,GERAL!D:D,PROD_META_30D!$AI$6,GERAL!Q:Q,PROD_META_30D!B10)+SUMIFS(GERAL!N:N,GERAL!D:D,PROD_META_30D!$AI$6,GERAL!Q:Q,PROD_META_30D!B10) -> 0 | AK10: =SUMIFS(GERAL!J:J,GERAL!D:D,$AK$6,GERAL!Q:Q,PROD_META_30D!B10)+SUMIFS(GERAL!K:K,GERAL!D:D,$AK$6,GERAL!Q:Q,PROD_META_30D!B10) -> 0 | AL10: =SUMIFS(GERAL!M:M,GERAL!D:D,$AK$6,GERAL!Q:Q,PROD_META_30D!B10)+SUMIFS(GERAL!N:N,GERAL!D:D,$AK$6,GERAL!Q:Q,PROD_META_30D!B10) -> 0 | AM10: =SUMIFS(GERAL!J:J,GERAL!D:D,PROD_META_30D!$AM$6,GERAL!Q:Q,PROD_META_30D!B10)+SUMIFS(GERAL!K:K,GERAL!D:D,PROD_META_30D!$AM$6,GERAL!Q:Q,PROD_META_30D!B10) -> 0 | AN10: =SUMIFS(GERAL!M:M,GERAL!D:D,PROD_META_30D!$AM$6,GERAL!Q:Q,PROD_META_30D!B10)+SUMIFS(GERAL!N:N,GERAL!D:D,PROD_META_30D!$AM$6,GERAL!Q:Q,PROD_META_30D!B10) -> 0 | AO10: =SUMIFS(GERAL!J:J,GERAL!D:D,PROD_META_30D!$AO$6,GERAL!Q:Q,PROD_META_30D!B10)+SUMIFS(GERAL!K:K,GERAL!D:D,PROD_META_30D!$AO$6,GERAL!Q:Q,PROD_META_30D!B10) -> 0 | AP10: =SUMIFS(GERAL!M:M,GERAL!D:D,PROD_META_30D!$AO$6,GERAL!Q:Q,PROD_META_30D!B10)+SUMIFS(GERAL!N:N,GERAL!D:D,PROD_META_30D!$AO$6,GERAL!Q:Q,PROD_META_30D!B10) -> 0 | AQ10: =SUMIFS(GERAL!J:J,GERAL!D:D,$AQ$6,GERAL!Q:Q,PROD_META_30D!B10)+SUMIFS(GERAL!K:K,GERAL!D:D,$AQ$6,GERAL!Q:Q,PROD_META_30D!B10) -> 0 | AR10: =SUMIFS(GERAL!M:M,GERAL!D:D,$AQ$6,GERAL!Q:Q,PROD_META_30D!B10)+SUMIFS(GERAL!N:N,GERAL!D:D,$AQ$6,GERAL!Q:Q,PROD_META_30D!B10) -> 0 | AS10: =SUMIFS(GERAL!J:J,GERAL!D:D,$AS$6,GERAL!Q:Q,PROD_META_30D!B10)+SUMIFS(GERAL!K:K,GERAL!D:D,$AS$6,GERAL!Q:Q,PROD_META_30D!B10) -> 0 | AT10: =SUMIFS(GERAL!M:M,GERAL!D:D,$AS$6,GERAL!Q:Q,PROD_META_30D!B10)+SUMIFS(GERAL!N:N,GERAL!D:D,$AS$6,GERAL!Q:Q,PROD_META_30D!B10) -> 0 | AU10: 50 | AV10: 6 | AW10: =SUMIFS(GERAL!J:J,GERAL!D:D,PROD_META_30D!$AW$18,GERAL!Q:Q,PROD_META_30D!B10)+SUMIFS(GERAL!K:K,GERAL!D:D,PROD_META_30D!$AW$18,GERAL!Q:Q,PROD_META_30D!B10) -> 0 | AX10: =SUMIFS(GERAL!M:M,GERAL!D:D,PROD_META_30D!$AW$18,GERAL!Q:Q,PROD_META_30D!B10)+SUMIFS(GERAL!N:N,GERAL!D:D,PROD_META_30D!$AW$18,GERAL!Q:Q,PROD_META_30D!B10) -> 0 | AY10: =SUMIFS(GERAL!J:J,GERAL!D:D,PROD_META_30D!$AY$18,GERAL!Q:Q,PROD_META_30D!B10)+SUMIFS(GERAL!K:K,GERAL!D:D,$AY$18,GERAL!Q:Q,PROD_META_30D!B10) -> 0 | AZ10: =SUMIFS(GERAL!M:M,GERAL!D:D,PROD_META_30D!$AY$18,GERAL!Q:Q,PROD_META_30D!B10)+SUMIFS(GERAL!N:N,GERAL!D:D,PROD_META_30D!$AY$18,GERAL!Q:Q,PROD_META_30D!B10) -> 0 | BA10: =SUMIFS(GERAL!J:J,GERAL!D:D,PROD_META_30D!$BA$18,GERAL!Q:Q,PROD_META_30D!B10)+SUMIFS(GERAL!K:K,GERAL!D:D,$BA$18,GERAL!Q:Q,PROD_META_30D!B10) -> 0 | BB10: =SUMIFS(GERAL!M:M,GERAL!D:D,PROD_META_30D!$BA$18,GERAL!Q:Q,PROD_META_30D!B10)+SUMIFS(GERAL!N:N,GERAL!D:D,PROD_META_30D!$BA$18,GERAL!Q:Q,PROD_META_30D!B10) -> 0 | BC10: =SUMIFS(GERAL!J:J,GERAL!D:D,PROD_META_30D!$BC$18,GERAL!Q:Q,PROD_META_30D!B10)+SUMIFS(GERAL!K:K,GERAL!D:D,$BC$18,GERAL!Q:Q,PROD_META_30D!B10) -> 0 | BD10: =SUMIFS(GERAL!M:M,GERAL!D:D,PROD_META_30D!$BC$18,GERAL!Q:Q,PROD_META_30D!B10)+SUMIFS(GERAL!N:N,GERAL!D:D,PROD_META_30D!$BC$18,GERAL!Q:Q,PROD_META_30D!B10) -> 0 | BE10: =SUMIFS(GERAL!J:J,GERAL!D:D,PROD_META_30D!$BE$18,GERAL!Q:Q,PROD_META_30D!B10)+SUMIFS(GERAL!K:K,GERAL!D:D,$BE$18,GERAL!Q:Q,PROD_META_30D!B10) -> 0 | BF10: =SUMIFS(GERAL!M:M,GERAL!D:D,PROD_META_30D!$BE$18,GERAL!Q:Q,PROD_META_30D!B10)+SUMIFS(GERAL!N:N,GERAL!D:D,PROD_META_30D!$BE$18,GERAL!Q:Q,PROD_META_30D!B10) -> 0 | BG10: =SUMIFS(GERAL!J:J,GERAL!D:D,PROD_META_30D!$BG$18,GERAL!Q:Q,PROD_META_30D!B10)+SUMIFS(GERAL!K:K,GERAL!D:D,$BG$18,GERAL!Q:Q,PROD_META_30D!B10) -> 0 | BH10: =SUMIFS(GERAL!M:M,GERAL!D:D,PROD_META_30D!$BG$18,GERAL!Q:Q,PROD_META_30D!B10)+SUMIFS(GERAL!N:N,GERAL!D:D,PROD_META_30D!$BG$18,GERAL!Q:Q,PROD_META_30D!B10) -> 0
B11: João Carlos | C11: =G11-E11 -> -667.22948 | D11: =H11-F11 -> 80.383348 | E11: =SUMIFS(PREVISTO!J:J,PREVISTO!B:B,"<="&PROD_META_30D!$AG$5)*PROD_META_30D!AC11 -> 1385.2295 | F11: =SUMIFS(PREVISTO!I:I,PREVISTO!B:B,"<="&PROD_META_30D!$AG$5)*PROD_META_30D!AD11 -> 153.61665 | G11: =SUMIFS(GERAL!J:J,GERAL!B:B,"<="&PROD_META_30D!$AG$5,GERAL!Q:Q,PROD_META_30D!B11,GERAL!R:R,"Prazo_30")+SUMIFS(GERAL!K:K,GERAL!B:B,"<="&PROD_META_30D!$AG$5,GERAL!Q:Q,PROD_META_30D!B11,GERAL!R:R,"Prazo_30") -> 718 | H11: =SUMIFS(GERAL!M:M,GERAL!B:B,"<="&PROD_META_30D!$AG$5,GERAL!Q:Q,PROD_META_30D!B11,GERAL!R:R,"Prazo_30")+SUMIFS(GERAL!N:N,GERAL!B:B,"<="&PROD_META_30D!$AG$5,GERAL!Q:Q,PROD_META_30D!B11,GERAL!R:R,"Prazo_30") -> 234 | I11: =SUMIFS(GERAL!J:J,GERAL!A:A,"Semana 1",GERAL!Q:Q,PROD_META_30D!B11)+SUMIFS(GERAL!K:K,GERAL!A:A,"Semana 1",GERAL!Q:Q,PROD_META_30D!B11) -> 204 | J11: =SUMIFS(GERAL!M:M,GERAL!A:A,"Semana 1",GERAL!Q:Q,PROD_META_30D!B11)+SUMIFS(GERAL!N:N,GERAL!A:A,"Semana 1",GERAL!Q:Q,PROD_META_30D!B11) -> 34 | K11: =SUMIFS(GERAL!J:J,GERAL!A:A,"Semana 2",GERAL!Q:Q,PROD_META_30D!B11)+SUMIFS(GERAL!K:K,GERAL!A:A,"Semana 2",GERAL!Q:Q,PROD_META_30D!B11) -> 40 | L11: =SUMIFS(GERAL!M:M,GERAL!A:A,"Semana 2",GERAL!Q:Q,PROD_META_30D!B11)+SUMIFS(GERAL!N:N,GERAL!A:A,"Semana 1",GERAL!Q:Q,PROD_META_30D!B11) -> 34 | M11: =SUMIFS(GERAL!J:J,GERAL!A:A,"Semana 3",GERAL!Q:Q,PROD_META_30D!B11)+SUMIFS(GERAL!K:K,GERAL!A:A,"Semana 3",GERAL!Q:Q,PROD_META_30D!B11) -> 36 | N11: =SUMIFS(GERAL!M:M,GERAL!A:A,"Semana 3",GERAL!Q:Q,PROD_META_30D!B11)+SUMIFS(GERAL!N:N,GERAL!A:A,"Semana 3",GERAL!Q:Q,PROD_META_30D!B11) -> 27 | O11: =SUMIFS(GERAL!J:J,GERAL!A:A,"Semana 4",GERAL!Q:Q,PROD_META_30D!B11)+SUMIFS(GERAL!K:K,GERAL!A:A,"Semana 4",GERAL!Q:Q,PROD_META_30D!B11) -> 95 | P11: =SUMIFS(GERAL!M:M,GERAL!A:A,"Semana 4",GERAL!Q:Q,PROD_META_30D!B11)+SUMIFS(GERAL!N:N,GERAL!A:A,"Semana 4",GERAL!Q:Q,PROD_META_30D!B11) -> 18 | Q11: =SUMIFS(GERAL!J:J,GERAL!A:A,"Semana 5",GERAL!Q:Q,PROD_META_30D!B11)+SUMIFS(GERAL!K:K,GERAL!A:A,"Semana 5",GERAL!Q:Q,PROD_META_30D!B11) -> 35 | R11: =SUMIFS(GERAL!M:M,GERAL!A:A,"Semana 5",GERAL!Q:Q,PROD_META_30D!B11)+SUMIFS(GERAL!N:N,GERAL!A:A,"Semana 5",GERAL!Q:Q,PROD_META_30D!B11) -> 2 | S11: =SUMIFS(GERAL!J:J,GERAL!A:A,"Semana 6",GERAL!Q:Q,PROD_META_30D!B11)+SUMIFS(GERAL!K:K,GERAL!A:A,"Semana 6",GERAL!Q:Q,PROD_META_30D!B11) -> 140 | T11: =SUMIFS(GERAL!M:M,GERAL!A:A,"Semana 6",GERAL!Q:Q,PROD_META_30D!B11)+SUMIFS(GERAL!N:N,GERAL!A:A,"Semana 6",GERAL!Q:Q,PROD_META_30D!B11) -> 0 | U11: =SUMIFS(GERAL!J:J,GERAL!A:A,"Semana 7",GERAL!Q:Q,PROD_META_30D!B11)+SUMIFS(GERAL!K:K,GERAL!A:A,"Semana 7",GERAL!Q:Q,PROD_META_30D!B11) -> 0 | V11: =SUMIFS(GERAL!M:M,GERAL!A:A,"Semana 7",GERAL!Q:Q,PROD_META_30D!B11)+SUMIFS(GERAL!N:N,GERAL!A:A,"Semana 7",GERAL!Q:Q,PROD_META_30D!B11) -> 33 | W11: =SUM(AI11,AK11,AM11,AO11,AQ11,AS11) -> 0 | X11: =SUM(AJ11,AL11,AN11,AP11,AR11,AT11) -> 0 | Y11: =W11-AE11 -> -185 | Z11: =X11-AF11 -> -20 | AA11: 1380 | AB11: 164 | AC11: =AA11/SUM($AA$10:$AA$15) -> 0.19876134 | AD11: =AB11/SUM($AB$10:$AB$15) -> 0.14223764 | AE11: 185 | AF11: 20 | AG11: 46 | AH11: 5 | AI11: =SUMIFS(GERAL!J:J,GERAL!D:D,PROD_META_30D!$AI$6,GERAL!Q:Q,PROD_META_30D!B11)+SUMIFS(GERAL!K:K,GERAL!D:D,PROD_META_30D!$AI$6,GERAL!Q:Q,PROD_META_30D!B11) -> 0 | AJ11: =SUMIFS(GERAL!M:M,GERAL!D:D,PROD_META_30D!$AI$6,GERAL!Q:Q,PROD_META_30D!B11)+SUMIFS(GERAL!N:N,GERAL!D:D,PROD_META_30D!$AI$6,GERAL!Q:Q,PROD_META_30D!B11) -> 0 | AK11: =SUMIFS(GERAL!J:J,GERAL!D:D,$AK$6,GERAL!Q:Q,PROD_META_30D!B11)+SUMIFS(GERAL!K:K,GERAL!D:D,$AK$6,GERAL!Q:Q,PROD_META_30D!B11) -> 0 | AL11: =SUMIFS(GERAL!M:M,GERAL!D:D,$AK$6,GERAL!Q:Q,PROD_META_30D!B11)+SUMIFS(GERAL!N:N,GERAL!D:D,$AK$6,GERAL!Q:Q,PROD_META_30D!B11) -> 0 | AM11: =SUMIFS(GERAL!J:J,GERAL!D:D,PROD_META_30D!$AM$6,GERAL!Q:Q,PROD_META_30D!B11)+SUMIFS(GERAL!K:K,GERAL!D:D,PROD_META_30D!$AM$6,GERAL!Q:Q,PROD_META_30D!B11) -> 0 | AN11: =SUMIFS(GERAL!M:M,GERAL!D:D,PROD_META_30D!$AM$6,GERAL!Q:Q,PROD_META_30D!B11)+SUMIFS(GERAL!N:N,GERAL!D:D,PROD_META_30D!$AM$6,GERAL!Q:Q,PROD_META_30D!B11) -> 0 | AO11: =SUMIFS(GERAL!J:J,GERAL!D:D,PROD_META_30D!$AO$6,GERAL!Q:Q,PROD_META_30D!B11)+SUMIFS(GERAL!K:K,GERAL!D:D,PROD_META_30D!$AO$6,GERAL!Q:Q,PROD_META_30D!B11) -> 0 | AP11: =SUMIFS(GERAL!M:M,GERAL!D:D,PROD_META_30D!$AO$6,GERAL!Q:Q,PROD_META_30D!B11)+SUMIFS(GERAL!N:N,GERAL!D:D,PROD_META_30D!$AO$6,GERAL!Q:Q,PROD_META_30D!B11) -> 0 | AQ11: =SUMIFS(GERAL!J:J,GERAL!D:D,$AQ$6,GERAL!Q:Q,PROD_META_30D!B11)+SUMIFS(GERAL!K:K,GERAL!D:D,$AQ$6,GERAL!Q:Q,PROD_META_30D!B11) -> 0 | AR11: =SUMIFS(GERAL!M:M,GERAL!D:D,$AQ$6,GERAL!Q:Q,PROD_META_30D!B11)+SUMIFS(GERAL!N:N,GERAL!D:D,$AQ$6,GERAL!Q:Q,PROD_META_30D!B11) -> 0 | AS11: =SUMIFS(GERAL!J:J,GERAL!D:D,$AS$6,GERAL!Q:Q,PROD_META_30D!B11)+SUMIFS(GERAL!K:K,GERAL!D:D,$AS$6,GERAL!Q:Q,PROD_META_30D!B11) -> 0 | AT11: =SUMIFS(GERAL!M:M,GERAL!D:D,$AS$6,GERAL!Q:Q,PROD_META_30D!B11)+SUMIFS(GERAL!N:N,GERAL!D:D,$AS$6,GERAL!Q:Q,PROD_META_30D!B11) -> 0 | AU11: 46 | AV11: 5 | AW11: =SUMIFS(GERAL!J:J,GERAL!D:D,PROD_META_30D!$AW$18,GERAL!Q:Q,PROD_META_30D!B11)+SUMIFS(GERAL!K:K,GERAL!D:D,PROD_META_30D!$AW$18,GERAL!Q:Q,PROD_META_30D!B11) -> 0 | AX11: =SUMIFS(GERAL!M:M,GERAL!D:D,PROD_META_30D!$AW$18,GERAL!Q:Q,PROD_META_30D!B11)+SUMIFS(GERAL!N:N,GERAL!D:D,PROD_META_30D!$AW$18,GERAL!Q:Q,PROD_META_30D!B11) -> 0 | AY11: =SUMIFS(GERAL!J:J,GERAL!D:D,PROD_META_30D!$AY$18,GERAL!Q:Q,PROD_META_30D!B11)+SUMIFS(GERAL!K:K,GERAL!D:D,$AY$18,GERAL!Q:Q,PROD_META_30D!B11) -> 0 | AZ11: =SUMIFS(GERAL!M:M,GERAL!D:D,PROD_META_30D!$AY$18,GERAL!Q:Q,PROD_META_30D!B11)+SUMIFS(GERAL!N:N,GERAL!D:D,PROD_META_30D!$AY$18,GERAL!Q:Q,PROD_META_30D!B11) -> 0 | BA11: =SUMIFS(GERAL!J:J,GERAL!D:D,PROD_META_30D!$BA$18,GERAL!Q:Q,PROD_META_30D!B11)+SUMIFS(GERAL!K:K,GERAL!D:D,$BA$18,GERAL!Q:Q,PROD_META_30D!B11) -> 0 | BB11: =SUMIFS(GERAL!M:M,GERAL!D:D,PROD_META_30D!$BA$18,GERAL!Q:Q,PROD_META_30D!B11)+SUMIFS(GERAL!N:N,GERAL!D:D,PROD_META_30D!$BA$18,GERAL!Q:Q,PROD_META_30D!B11) -> 0 | BC11: =SUMIFS(GERAL!J:J,GERAL!D:D,PROD_META_30D!$BC$18,GERAL!Q:Q,PROD_META_30D!B11)+SUMIFS(GERAL!K:K,GERAL!D:D,$BC$18,GERAL!Q:Q,PROD_META_30D!B11) -> 0 | BD11: =SUMIFS(GERAL!M:M,GERAL!D:D,PROD_META_30D!$BC$18,GERAL!Q:Q,PROD_META_30D!B11)+SUMIFS(GERAL!N:N,GERAL!D:D,PROD_META_30D!$BC$18,GERAL!Q:Q,PROD_META_30D!B11) -> 0 | BE11: =SUMIFS(GERAL!J:J,GERAL!D:D,PROD_META_30D!$BE$18,GERAL!Q:Q,PROD_META_30D!B11)+SUMIFS(GERAL!K:K,GERAL!D:D,$BE$18,GERAL!Q:Q,PROD_META_30D!B11) -> 0 | BF11: =SUMIFS(GERAL!M:M,GERAL!D:D,PROD_META_30D!$BE$18,GERAL!Q:Q,PROD_META_30D!B11)+SUMIFS(GERAL!N:N,GERAL!D:D,PROD_META_30D!$BE$18,GERAL!Q:Q,PROD_META_30D!B11) -> 0 | BG11: =SUMIFS(GERAL!J:J,GERAL!D:D,PROD_META_30D!$BG$18,GERAL!Q:Q,PROD_META_30D!B11)+SUMIFS(GERAL!K:K,GERAL!D:D,$BG$18,GERAL!Q:Q,PROD_META_30D!B11) -> 0 | BH11: =SUMIFS(GERAL!M:M,GERAL!D:D,PROD_META_30D!$BG$18,GERAL!Q:Q,PROD_META_30D!B11)+SUMIFS(GERAL!N:N,GERAL!D:D,PROD_META_30D!$BG$18,GERAL!Q:Q,PROD_META_30D!B11) -> 0
B12: Vila Israel | C12: =G12-E12 -> 441.27242 | D12: =H12-F12 -> 104.03903 | E12: =SUMIFS(PREVISTO!J:J,PREVISTO!B:B,"<="&PROD_META_30D!$AG$5)*PROD_META_30D!AC12 -> 192.72758 | F12: =SUMIFS(PREVISTO!I:I,PREVISTO!B:B,"<="&PROD_META_30D!$AG$5)*PROD_META_30D!AD12 -> 44.960971 | G12: =SUMIFS(GERAL!J:J,GERAL!B:B,"<="&PROD_META_30D!$AG$5,GERAL!Q:Q,PROD_META_30D!B12,GERAL!R:R,"Prazo_30")+SUMIFS(GERAL!K:K,GERAL!B:B,"<="&PROD_META_30D!$AG$5,GERAL!Q:Q,PROD_META_30D!B12,GERAL!R:R,"Prazo_30") -> 634 | H12: =SUMIFS(GERAL!M:M,GERAL!B:B,"<="&PROD_META_30D!$AG$5,GERAL!Q:Q,PROD_META_30D!B12,GERAL!R:R,"Prazo_30")+SUMIFS(GERAL!N:N,GERAL!B:B,"<="&PROD_META_30D!$AG$5,GERAL!Q:Q,PROD_META_30D!B12,GERAL!R:R,"Prazo_30") -> 149 | I12: =SUMIFS(GERAL!J:J,GERAL!A:A,"Semana 1",GERAL!Q:Q,PROD_META_30D!B12)+SUMIFS(GERAL!K:K,GERAL!A:A,"Semana 1",GERAL!Q:Q,PROD_META_30D!B12) -> 113 | J12: =SUMIFS(GERAL!M:M,GERAL!A:A,"Semana 1",GERAL!Q:Q,PROD_META_30D!B12)+SUMIFS(GERAL!N:N,GERAL!A:A,"Semana 1",GERAL!Q:Q,PROD_META_30D!B12) -> 0 | K12: =SUMIFS(GERAL!J:J,GERAL!A:A,"Semana 2",GERAL!Q:Q,PROD_META_30D!B12)+SUMIFS(GERAL!K:K,GERAL!A:A,"Semana 2",GERAL!Q:Q,PROD_META_30D!B12) -> 120 | L12: =SUMIFS(GERAL!M:M,GERAL!A:A,"Semana 2",GERAL!Q:Q,PROD_META_30D!B12)+SUMIFS(GERAL!N:N,GERAL!A:A,"Semana 1",GERAL!Q:Q,PROD_META_30D!B12) -> 0 | M12: =SUMIFS(GERAL!J:J,GERAL!A:A,"Semana 3",GERAL!Q:Q,PROD_META_30D!B12)+SUMIFS(GERAL!K:K,GERAL!A:A,"Semana 3",GERAL!Q:Q,PROD_META_30D!B12) -> 0 | N12: =SUMIFS(GERAL!M:M,GERAL!A:A,"Semana 3",GERAL!Q:Q,PROD_META_30D!B12)+SUMIFS(GERAL!N:N,GERAL!A:A,"Semana 3",GERAL!Q:Q,PROD_META_30D!B12) -> 33 | O12: =SUMIFS(GERAL!J:J,GERAL!A:A,"Semana 4",GERAL!Q:Q,PROD_META_30D!B12)+SUMIFS(GERAL!K:K,GERAL!A:A,"Semana 4",GERAL!Q:Q,PROD_META_30D!B12) -> 30 | P12: =SUMIFS(GERAL!M:M,GERAL!A:A,"Semana 4",GERAL!Q:Q,PROD_META_30D!B12)+SUMIFS(GERAL!N:N,GERAL!A:A,"Semana 4",GERAL!Q:Q,PROD_META_30D!B12) -> 26 | Q12: =SUMIFS(GERAL!J:J,GERAL!A:A,"Semana 5",GERAL!Q:Q,PROD_META_30D!B12)+SUMIFS(GERAL!K:K,GERAL!A:A,"Semana 5",GERAL!Q:Q,PROD_META_30D!B12) -> 24 | R12: =SUMIFS(GERAL!M:M,GERAL!A:A,"Semana 5",GERAL!Q:Q,PROD_META_30D!B12)+SUMIFS(GERAL!N:N,GERAL!A:A,"Semana 5",GERAL!Q:Q,PROD_META_30D!B12) -> 12 | S12: =SUMIFS(GERAL!J:J,GERAL!A:A,"Semana 6",GERAL!Q:Q,PROD_META_30D!B12)+SUMIFS(GERAL!K:K,GERAL!A:A,"Semana 6",GERAL!Q:Q,PROD_META_30D!B12) -> 45 | T12: =SUMIFS(GERAL!M:M,GERAL!A:A,"Semana 6",GERAL!Q:Q,PROD_META_30D!B12)+SUMIFS(GERAL!N:N,GERAL!A:A,"Semana 6",GERAL!Q:Q,PROD_META_30D!B12) -> 15 | U12: =SUMIFS(GERAL!J:J,GERAL!A:A,"Semana 7",GERAL!Q:Q,PROD_META_30D!B12)+SUMIFS(GERAL!K:K,GERAL!A:A,"Semana 7",GERAL!Q:Q,PROD_META_30D!B12) -> 0 | V12: =SUMIFS(GERAL!M:M,GERAL!A:A,"Semana 7",GERAL!Q:Q,PROD_META_30D!B12)+SUMIFS(GERAL!N:N,GERAL!A:A,"Semana 7",GERAL!Q:Q,PROD_META_30D!B12) -> 0 | W12: =SUM(AI12,AK12,AM12,AO12,AQ12,AS12) -> 0 | X12: =SUM(AJ12,AL12,AN12,AP12,AR12,AT12) -> 0 | Y12: =W12-AE12 -> -26 | Z12: =X12-AF12 -> -6 | AA12: 192 | AB12: 48 | AC12: =AA12/SUM($AA$10:$AA$15) -> 0.027653752 | AD12: =AB12/SUM($AB$10:$AB$15) -> 0.041630529 | AE12: 26 | AF12: 6 | AG12: 6 | AH12: 1 | AI12: =SUMIFS(GERAL!J:J,GERAL!D:D,PROD_META_30D!$AI$6,GERAL!Q:Q,PROD_META_30D!B12)+SUMIFS(GERAL!K:K,GERAL!D:D,PROD_META_30D!$AI$6,GERAL!Q:Q,PROD_META_30D!B12) -> 0 | AJ12: =SUMIFS(GERAL!M:M,GERAL!D:D,PROD_META_30D!$AI$6,GERAL!Q:Q,PROD_META_30D!B12)+SUMIFS(GERAL!N:N,GERAL!D:D,PROD_META_30D!$AI$6,GERAL!Q:Q,PROD_META_30D!B12) -> 0 | AK12: =SUMIFS(GERAL!J:J,GERAL!D:D,$AK$6,GERAL!Q:Q,PROD_META_30D!B12)+SUMIFS(GERAL!K:K,GERAL!D:D,$AK$6,GERAL!Q:Q,PROD_META_30D!B12) -> 0 | AL12: =SUMIFS(GERAL!M:M,GERAL!D:D,$AK$6,GERAL!Q:Q,PROD_META_30D!B12)+SUMIFS(GERAL!N:N,GERAL!D:D,$AK$6,GERAL!Q:Q,PROD_META_30D!B12) -> 0 | AM12: =SUMIFS(GERAL!J:J,GERAL!D:D,PROD_META_30D!$AM$6,GERAL!Q:Q,PROD_META_30D!B12)+SUMIFS(GERAL!K:K,GERAL!D:D,PROD_META_30D!$AM$6,GERAL!Q:Q,PROD_META_30D!B12) -> 0 | AN12: =SUMIFS(GERAL!M:M,GERAL!D:D,PROD_META_30D!$AM$6,GERAL!Q:Q,PROD_META_30D!B12)+SUMIFS(GERAL!N:N,GERAL!D:D,PROD_META_30D!$AM$6,GERAL!Q:Q,PROD_META_30D!B12) -> 0 | AO12: =SUMIFS(GERAL!J:J,GERAL!D:D,PROD_META_30D!$AO$6,GERAL!Q:Q,PROD_META_30D!B12)+SUMIFS(GERAL!K:K,GERAL!D:D,PROD_META_30D!$AO$6,GERAL!Q:Q,PROD_META_30D!B12) -> 0 | AP12: =SUMIFS(GERAL!M:M,GERAL!D:D,PROD_META_30D!$AO$6,GERAL!Q:Q,PROD_META_30D!B12)+SUMIFS(GERAL!N:N,GERAL!D:D,PROD_META_30D!$AO$6,GERAL!Q:Q,PROD_META_30D!B12) -> 0 | AQ12: =SUMIFS(GERAL!J:J,GERAL!D:D,$AQ$6,GERAL!Q:Q,PROD_META_30D!B12)+SUMIFS(GERAL!K:K,GERAL!D:D,$AQ$6,GERAL!Q:Q,PROD_META_30D!B12) -> 0 | AR12: =SUMIFS(GERAL!M:M,GERAL!D:D,$AQ$6,GERAL!Q:Q,PROD_META_30D!B12)+SUMIFS(GERAL!N:N,GERAL!D:D,$AQ$6,GERAL!Q:Q,PROD_META_30D!B12) -> 0 | AS12: =SUMIFS(GERAL!J:J,GERAL!D:D,$AS$6,GERAL!Q:Q,PROD_META_30D!B12)+SUMIFS(GERAL!K:K,GERAL!D:D,$AS$6,GERAL!Q:Q,PROD_META_30D!B12) -> 0 | AT12: =SUMIFS(GERAL!M:M,GERAL!D:D,$AS$6,GERAL!Q:Q,PROD_META_30D!B12)+SUMIFS(GERAL!N:N,GERAL!D:D,$AS$6,GERAL!Q:Q,PROD_META_30D!B12) -> 0 | AU12: 6 | AV12: 1 | AW12: =SUMIFS(GERAL!J:J,GERAL!D:D,PROD_META_30D!$AW$18,GERAL!Q:Q,PROD_META_30D!B12)+SUMIFS(GERAL!K:K,GERAL!D:D,PROD_META_30D!$AW$18,GERAL!Q:Q,PROD_META_30D!B12) -> 0 | AX12: =SUMIFS(GERAL!M:M,GERAL!D:D,PROD_META_30D!$AW$18,GERAL!Q:Q,PROD_META_30D!B12)+SUMIFS(GERAL!N:N,GERAL!D:D,PROD_META_30D!$AW$18,GERAL!Q:Q,PROD_META_30D!B12) -> 0 | AY12: =SUMIFS(GERAL!J:J,GERAL!D:D,PROD_META_30D!$AY$18,GERAL!Q:Q,PROD_META_30D!B12)+SUMIFS(GERAL!K:K,GERAL!D:D,$AY$18,GERAL!Q:Q,PROD_META_30D!B12) -> 0 | AZ12: =SUMIFS(GERAL!M:M,GERAL!D:D,PROD_META_30D!$AY$18,GERAL!Q:Q,PROD_META_30D!B12)+SUMIFS(GERAL!N:N,GERAL!D:D,PROD_META_30D!$AY$18,GERAL!Q:Q,PROD_META_30D!B12) -> 0 | BA12: =SUMIFS(GERAL!J:J,GERAL!D:D,PROD_META_30D!$BA$18,GERAL!Q:Q,PROD_META_30D!B12)+SUMIFS(GERAL!K:K,GERAL!D:D,$BA$18,GERAL!Q:Q,PROD_META_30D!B12) -> 0 | BB12: =SUMIFS(GERAL!M:M,GERAL!D:D,PROD_META_30D!$BA$18,GERAL!Q:Q,PROD_META_30D!B12)+SUMIFS(GERAL!N:N,GERAL!D:D,PROD_META_30D!$BA$18,GERAL!Q:Q,PROD_META_30D!B12) -> 0 | BC12: =SUMIFS(GERAL!J:J,GERAL!D:D,PROD_META_30D!$BC$18,GERAL!Q:Q,PROD_META_30D!B12)+SUMIFS(GERAL!K:K,GERAL!D:D,$BC$18,GERAL!Q:Q,PROD_META_30D!B12) -> 0 | BD12: =SUMIFS(GERAL!M:M,GERAL!D:D,PROD_META_30D!$BC$18,GERAL!Q:Q,PROD_META_30D!B12)+SUMIFS(GERAL!N:N,GERAL!D:D,PROD_META_30D!$BC$18,GERAL!Q:Q,PROD_META_30D!B12) -> 0 | BE12: =SUMIFS(GERAL!J:J,GERAL!D:D,PROD_META_30D!$BE$18,GERAL!Q:Q,PROD_META_30D!B12)+SUMIFS(GERAL!K:K,GERAL!D:D,$BE$18,GERAL!Q:Q,PROD_META_30D!B12) -> 0 | BF12: =SUMIFS(GERAL!M:M,GERAL!D:D,PROD_META_30D!$BE$18,GERAL!Q:Q,PROD_META_30D!B12)+SUMIFS(GERAL!N:N,GERAL!D:D,PROD_META_30D!$BE$18,GERAL!Q:Q,PROD_META_30D!B12) -> 0 | BG12: =SUMIFS(GERAL!J:J,GERAL!D:D,PROD_META_30D!$BG$18,GERAL!Q:Q,PROD_META_30D!B12)+SUMIFS(GERAL!K:K,GERAL!D:D,$BG$18,GERAL!Q:Q,PROD_META_30D!B12) -> 0 | BH12: =SUMIFS(GERAL!M:M,GERAL!D:D,PROD_META_30D!$BG$18,GERAL!Q:Q,PROD_META_30D!B12)+SUMIFS(GERAL!N:N,GERAL!D:D,PROD_META_30D!$BG$18,GERAL!Q:Q,PROD_META_30D!B12) -> 0
B13: Morro do Tetéu | C13: =G13-E13 -> -10.612006 | D13: =H13-F13 -> -29.298352 | E13: =SUMIFS(PREVISTO!J:J,PREVISTO!B:B,"<="&PROD_META_30D!$AG$5)*PROD_META_30D!AC13 -> 1354.112 | F13: =SUMIFS(PREVISTO!I:I,PREVISTO!B:B,"<="&PROD_META_30D!$AG$5)*PROD_META_30D!AD13 -> 232.29835 | G13: =SUMIFS(GERAL!J:J,GERAL!B:B,"<="&PROD_META_30D!$AG$5,GERAL!Q:Q,PROD_META_30D!B13,GERAL!R:R,"Prazo_30")+SUMIFS(GERAL!K:K,GERAL!B:B,"<="&PROD_META_30D!$AG$5,GERAL!Q:Q,PROD_META_30D!B13,GERAL!R:R,"Prazo_30") -> 1343.5 | H13: =SUMIFS(GERAL!M:M,GERAL!B:B,"<="&PROD_META_30D!$AG$5,GERAL!Q:Q,PROD_META_30D!B13,GERAL!R:R,"Prazo_30")+SUMIFS(GERAL!N:N,GERAL!B:B,"<="&PROD_META_30D!$AG$5,GERAL!Q:Q,PROD_META_30D!B13,GERAL!R:R,"Prazo_30") -> 203 | I13: =SUMIFS(GERAL!J:J,GERAL!A:A,"Semana 1",GERAL!Q:Q,PROD_META_30D!B13)+SUMIFS(GERAL!K:K,GERAL!A:A,"Semana 1",GERAL!Q:Q,PROD_META_30D!B13) -> 220 | J13: =SUMIFS(GERAL!M:M,GERAL!A:A,"Semana 1",GERAL!Q:Q,PROD_META_30D!B13)+SUMIFS(GERAL!N:N,GERAL!A:A,"Semana 1",GERAL!Q:Q,PROD_META_30D!B13) -> 60 | K13: =SUMIFS(GERAL!J:J,GERAL!A:A,"Semana 2",GERAL!Q:Q,PROD_META_30D!B13)+SUMIFS(GERAL!K:K,GERAL!A:A,"Semana 2",GERAL!Q:Q,PROD_META_30D!B13) -> 140 | L13: =SUMIFS(GERAL!M:M,GERAL!A:A,"Semana 2",GERAL!Q:Q,PROD_META_30D!B13)+SUMIFS(GERAL!N:N,GERAL!A:A,"Semana 1",GERAL!Q:Q,PROD_META_30D!B13) -> 51 | M13: =SUMIFS(GERAL!J:J,GERAL!A:A,"Semana 3",GERAL!Q:Q,PROD_META_30D!B13)+SUMIFS(GERAL!K:K,GERAL!A:A,"Semana 3",GERAL!Q:Q,PROD_META_30D!B13) -> 209.1 | N13: =SUMIFS(GERAL!M:M,GERAL!A:A,"Semana 3",GERAL!Q:Q,PROD_META_30D!B13)+SUMIFS(GERAL!N:N,GERAL!A:A,"Semana 3",GERAL!Q:Q,PROD_META_30D!B13) -> 9 | O13: =SUMIFS(GERAL!J:J,GERAL!A:A,"Semana 4",GERAL!Q:Q,PROD_META_30D!B13)+SUMIFS(GERAL!K:K,GERAL!A:A,"Semana 4",GERAL!Q:Q,PROD_META_30D!B13) -> 128 | P13: =SUMIFS(GERAL!M:M,GERAL!A:A,"Semana 4",GERAL!Q:Q,PROD_META_30D!B13)+SUMIFS(GERAL!N:N,GERAL!A:A,"Semana 4",GERAL!Q:Q,PROD_META_30D!B13) -> 29 | Q13: =SUMIFS(GERAL!J:J,GERAL!A:A,"Semana 5",GERAL!Q:Q,PROD_META_30D!B13)+SUMIFS(GERAL!K:K,GERAL!A:A,"Semana 5",GERAL!Q:Q,PROD_META_30D!B13) -> 33 | R13: =SUMIFS(GERAL!M:M,GERAL!A:A,"Semana 5",GERAL!Q:Q,PROD_META_30D!B13)+SUMIFS(GERAL!N:N,GERAL!A:A,"Semana 5",GERAL!Q:Q,PROD_META_30D!B13) -> 21 | S13: =SUMIFS(GERAL!J:J,GERAL!A:A,"Semana 6",GERAL!Q:Q,PROD_META_30D!B13)+SUMIFS(GERAL!K:K,GERAL!A:A,"Semana 6",GERAL!Q:Q,PROD_META_30D!B13) -> 134 | T13: =SUMIFS(GERAL!M:M,GERAL!A:A,"Semana 6",GERAL!Q:Q,PROD_META_30D!B13)+SUMIFS(GERAL!N:N,GERAL!A:A,"Semana 6",GERAL!Q:Q,PROD_META_30D!B13) -> 39 | U13: =SUMIFS(GERAL!J:J,GERAL!A:A,"Semana 7",GERAL!Q:Q,PROD_META_30D!B13)+SUMIFS(GERAL!K:K,GERAL!A:A,"Semana 7",GERAL!Q:Q,PROD_META_30D!B13) -> 71.4 | V13: =SUMIFS(GERAL!M:M,GERAL!A:A,"Semana 7",GERAL!Q:Q,PROD_META_30D!B13)+SUMIFS(GERAL!N:N,GERAL!A:A,"Semana 7",GERAL!Q:Q,PROD_META_30D!B13) -> 14 | W13: =SUM(AI13,AK13,AM13,AO13,AQ13,AS13) -> 0 | X13: =SUM(AJ13,AL13,AN13,AP13,AR13,AT13) -> 0 | Y13: =W13-AE13 -> -181 | Z13: =X13-AF13 -> -31 | AA13: 1349 | AB13: 248 | AC13: =AA13/SUM($AA$10:$AA$15) -> 0.19429641 | AD13: =AB13/SUM($AB$10:$AB$15) -> 0.21509107 | AE13: 181 | AF13: 31 | AG13: 45 | AH13: 8 | AI13: =SUMIFS(GERAL!J:J,GERAL!D:D,PROD_META_30D!$AI$6,GERAL!Q:Q,PROD_META_30D!B13)+SUMIFS(GERAL!K:K,GERAL!D:D,PROD_META_30D!$AI$6,GERAL!Q:Q,PROD_META_30D!B13) -> 0 | AJ13: =SUMIFS(GERAL!M:M,GERAL!D:D,PROD_META_30D!$AI$6,GERAL!Q:Q,PROD_META_30D!B13)+SUMIFS(GERAL!N:N,GERAL!D:D,PROD_META_30D!$AI$6,GERAL!Q:Q,PROD_META_30D!B13) -> 0 | AK13: =SUMIFS(GERAL!J:J,GERAL!D:D,$AK$6,GERAL!Q:Q,PROD_META_30D!B13)+SUMIFS(GERAL!K:K,GERAL!D:D,$AK$6,GERAL!Q:Q,PROD_META_30D!B13) -> 0 | AL13: =SUMIFS(GERAL!M:M,GERAL!D:D,$AK$6,GERAL!Q:Q,PROD_META_30D!B13)+SUMIFS(GERAL!N:N,GERAL!D:D,$AK$6,GERAL!Q:Q,PROD_META_30D!B13) -> 0 | AM13: =SUMIFS(GERAL!J:J,GERAL!D:D,PROD_META_30D!$AM$6,GERAL!Q:Q,PROD_META_30D!B13)+SUMIFS(GERAL!K:K,GERAL!D:D,PROD_META_30D!$AM$6,GERAL!Q:Q,PROD_META_30D!B13) -> 0 | AN13: =SUMIFS(GERAL!M:M,GERAL!D:D,PROD_META_30D!$AM$6,GERAL!Q:Q,PROD_META_30D!B13)+SUMIFS(GERAL!N:N,GERAL!D:D,PROD_META_30D!$AM$6,GERAL!Q:Q,PROD_META_30D!B13) -> 0 | AO13: =SUMIFS(GERAL!J:J,GERAL!D:D,PROD_META_30D!$AO$6,GERAL!Q:Q,PROD_META_30D!B13)+SUMIFS(GERAL!K:K,GERAL!D:D,PROD_META_30D!$AO$6,GERAL!Q:Q,PROD_META_30D!B13) -> 0 | AP13: =SUMIFS(GERAL!M:M,GERAL!D:D,PROD_META_30D!$AO$6,GERAL!Q:Q,PROD_META_30D!B13)+SUMIFS(GERAL!N:N,GERAL!D:D,PROD_META_30D!$AO$6,GERAL!Q:Q,PROD_META_30D!B13) -> 0 | AQ13: =SUMIFS(GERAL!J:J,GERAL!D:D,$AQ$6,GERAL!Q:Q,PROD_META_30D!B13)+SUMIFS(GERAL!K:K,GERAL!D:D,$AQ$6,GERAL!Q:Q,PROD_META_30D!B13) -> 0 | AR13: =SUMIFS(GERAL!M:M,GERAL!D:D,$AQ$6,GERAL!Q:Q,PROD_META_30D!B13)+SUMIFS(GERAL!N:N,GERAL!D:D,$AQ$6,GERAL!Q:Q,PROD_META_30D!B13) -> 0 | AS13: =SUMIFS(GERAL!J:J,GERAL!D:D,$AS$6,GERAL!Q:Q,PROD_META_30D!B13)+SUMIFS(GERAL!K:K,GERAL!D:D,$AS$6,GERAL!Q:Q,PROD_META_30D!B13) -> 0 | AT13: =SUMIFS(GERAL!M:M,GERAL!D:D,$AS$6,GERAL!Q:Q,PROD_META_30D!B13)+SUMIFS(GERAL!N:N,GERAL!D:D,$AS$6,GERAL!Q:Q,PROD_META_30D!B13) -> 0 | AU13: 45 | AV13: 8 | AW13: =SUMIFS(GERAL!J:J,GERAL!D:D,PROD_META_30D!$AW$18,GERAL!Q:Q,PROD_META_30D!B13)+SUMIFS(GERAL!K:K,GERAL!D:D,PROD_META_30D!$AW$18,GERAL!Q:Q,PROD_META_30D!B13) -> 0 | AX13: =SUMIFS(GERAL!M:M,GERAL!D:D,PROD_META_30D!$AW$18,GERAL!Q:Q,PROD_META_30D!B13)+SUMIFS(GERAL!N:N,GERAL!D:D,PROD_META_30D!$AW$18,GERAL!Q:Q,PROD_META_30D!B13) -> 0 | AY13: =SUMIFS(GERAL!J:J,GERAL!D:D,PROD_META_30D!$AY$18,GERAL!Q:Q,PROD_META_30D!B13)+SUMIFS(GERAL!K:K,GERAL!D:D,$AY$18,GERAL!Q:Q,PROD_META_30D!B13) -> 0 | AZ13: =SUMIFS(GERAL!M:M,GERAL!D:D,PROD_META_30D!$AY$18,GERAL!Q:Q,PROD_META_30D!B13)+SUMIFS(GERAL!N:N,GERAL!D:D,PROD_META_30D!$AY$18,GERAL!Q:Q,PROD_META_30D!B13) -> 0 | BA13: =SUMIFS(GERAL!J:J,GERAL!D:D,PROD_META_30D!$BA$18,GERAL!Q:Q,PROD_META_30D!B13)+SUMIFS(GERAL!K:K,GERAL!D:D,$BA$18,GERAL!Q:Q,PROD_META_30D!B13) -> 0 | BB13: =SUMIFS(GERAL!M:M,GERAL!D:D,PROD_META_30D!$BA$18,GERAL!Q:Q,PROD_META_30D!B13)+SUMIFS(GERAL!N:N,GERAL!D:D,PROD_META_30D!$BA$18,GERAL!Q:Q,PROD_META_30D!B13) -> 0 | BC13: =SUMIFS(GERAL!J:J,GERAL!D:D,PROD_META_30D!$BC$18,GERAL!Q:Q,PROD_META_30D!B13)+SUMIFS(GERAL!K:K,GERAL!D:D,$BC$18,GERAL!Q:Q,PROD_META_30D!B13) -> 0 | BD13: =SUMIFS(GERAL!M:M,GERAL!D:D,PROD_META_30D!$BC$18,GERAL!Q:Q,PROD_META_30D!B13)+SUMIFS(GERAL!N:N,GERAL!D:D,PROD_META_30D!$BC$18,GERAL!Q:Q,PROD_META_30D!B13) -> 0 | BE13: =SUMIFS(GERAL!J:J,GERAL!D:D,PROD_META_30D!$BE$18,GERAL!Q:Q,PROD_META_30D!B13)+SUMIFS(GERAL!K:K,GERAL!D:D,$BE$18,GERAL!Q:Q,PROD_META_30D!B13) -> 0 | BF13: =SUMIFS(GERAL!M:M,GERAL!D:D,PROD_META_30D!$BE$18,GERAL!Q:Q,PROD_META_30D!B13)+SUMIFS(GERAL!N:N,GERAL!D:D,PROD_META_30D!$BE$18,GERAL!Q:Q,PROD_META_30D!B13) -> 0 | BG13: =SUMIFS(GERAL!J:J,GERAL!D:D,PROD_META_30D!$BG$18,GERAL!Q:Q,PROD_META_30D!B13)+SUMIFS(GERAL!K:K,GERAL!D:D,$BG$18,GERAL!Q:Q,PROD_META_30D!B13) -> 0 | BH13: =SUMIFS(GERAL!M:M,GERAL!D:D,PROD_META_30D!$BG$18,GERAL!Q:Q,PROD_META_30D!B13)+SUMIFS(GERAL!N:N,GERAL!D:D,PROD_META_30D!$BG$18,GERAL!Q:Q,PROD_META_30D!B13) -> 0
B14: Vila dos Criadores | C14: =G14-E14 -> 1112.0524 | D14: =H14-F14 -> -128.16045 | E14: =SUMIFS(PREVISTO!J:J,PREVISTO!B:B,"<="&PROD_META_30D!$AG$5)*PROD_META_30D!AC14 -> 860.24758 | F14: =SUMIFS(PREVISTO!I:I,PREVISTO!B:B,"<="&PROD_META_30D!$AG$5)*PROD_META_30D!AD14 -> 175.16045 | G14: =SUMIFS(GERAL!J:J,GERAL!B:B,"<="&PROD_META_30D!$AG$5,GERAL!Q:Q,PROD_META_30D!B14,GERAL!R:R,"Prazo_30")+SUMIFS(GERAL!K:K,GERAL!B:B,"<="&PROD_META_30D!$AG$5,GERAL!Q:Q,PROD_META_30D!B14,GERAL!R:R,"Prazo_30") -> 1972.3 | H14: =SUMIFS(GERAL!M:M,GERAL!B:B,"<="&PROD_META_30D!$AG$5,GERAL!Q:Q,PROD_META_30D!B14,GERAL!R:R,"Prazo_30")+SUMIFS(GERAL!N:N,GERAL!B:B,"<="&PROD_META_30D!$AG$5,GERAL!Q:Q,PROD_META_30D!B14,GERAL!R:R,"Prazo_30") -> 47 | I14: =SUMIFS(GERAL!J:J,GERAL!A:A,"Semana 1",GERAL!Q:Q,PROD_META_30D!B14)+SUMIFS(GERAL!K:K,GERAL!A:A,"Semana 1",GERAL!Q:Q,PROD_META_30D!B14) -> 161 | J14: =SUMIFS(GERAL!M:M,GERAL!A:A,"Semana 1",GERAL!Q:Q,PROD_META_30D!B14)+SUMIFS(GERAL!N:N,GERAL!A:A,"Semana 1",GERAL!Q:Q,PROD_META_30D!B14) -> 17 | K14: =SUMIFS(GERAL!J:J,GERAL!A:A,"Semana 2",GERAL!Q:Q,PROD_META_30D!B14)+SUMIFS(GERAL!K:K,GERAL!A:A,"Semana 2",GERAL!Q:Q,PROD_META_30D!B14) -> 365 | L14: =SUMIFS(GERAL!M:M,GERAL!A:A,"Semana 2",GERAL!Q:Q,PROD_META_30D!B14)+SUMIFS(GERAL!N:N,GERAL!A:A,"Semana 1",GERAL!Q:Q,PROD_META_30D!B14) -> 14 | M14: =SUMIFS(GERAL!J:J,GERAL!A:A,"Semana 3",GERAL!Q:Q,PROD_META_30D!B14)+SUMIFS(GERAL!K:K,GERAL!A:A,"Semana 3",GERAL!Q:Q,PROD_META_30D!B14) -> 118.3 | N14: =SUMIFS(GERAL!M:M,GERAL!A:A,"Semana 3",GERAL!Q:Q,PROD_META_30D!B14)+SUMIFS(GERAL!N:N,GERAL!A:A,"Semana 3",GERAL!Q:Q,PROD_META_30D!B14) -> 9 | O14: =SUMIFS(GERAL!J:J,GERAL!A:A,"Semana 4",GERAL!Q:Q,PROD_META_30D!B14)+SUMIFS(GERAL!K:K,GERAL!A:A,"Semana 4",GERAL!Q:Q,PROD_META_30D!B14) -> 36 | P14: =SUMIFS(GERAL!M:M,GERAL!A:A,"Semana 4",GERAL!Q:Q,PROD_META_30D!B14)+SUMIFS(GERAL!N:N,GERAL!A:A,"Semana 4",GERAL!Q:Q,PROD_META_30D!B14) -> 0 | Q14: =SUMIFS(GERAL!J:J,GERAL!A:A,"Semana 5",GERAL!Q:Q,PROD_META_30D!B14)+SUMIFS(GERAL!K:K,GERAL!A:A,"Semana 5",GERAL!Q:Q,PROD_META_30D!B14) -> 6 | R14: =SUMIFS(GERAL!M:M,GERAL!A:A,"Semana 5",GERAL!Q:Q,PROD_META_30D!B14)+SUMIFS(GERAL!N:N,GERAL!A:A,"Semana 5",GERAL!Q:Q,PROD_META_30D!B14) -> 0 | S14: =SUMIFS(GERAL!J:J,GERAL!A:A,"Semana 6",GERAL!Q:Q,PROD_META_30D!B14)+SUMIFS(GERAL!K:K,GERAL!A:A,"Semana 6",GERAL!Q:Q,PROD_META_30D!B14) -> 47 | T14: =SUMIFS(GERAL!M:M,GERAL!A:A,"Semana 6",GERAL!Q:Q,PROD_META_30D!B14)+SUMIFS(GERAL!N:N,GERAL!A:A,"Semana 6",GERAL!Q:Q,PROD_META_30D!B14) -> 5 | U14: =SUMIFS(GERAL!J:J,GERAL!A:A,"Semana 7",GERAL!Q:Q,PROD_META_30D!B14)+SUMIFS(GERAL!K:K,GERAL!A:A,"Semana 7",GERAL!Q:Q,PROD_META_30D!B14) -> 169 | V14: =SUMIFS(GERAL!M:M,GERAL!A:A,"Semana 7",GERAL!Q:Q,PROD_META_30D!B14)+SUMIFS(GERAL!N:N,GERAL!A:A,"Semana 7",GERAL!Q:Q,PROD_META_30D!B14) -> 4 | W14: =SUM(AI14,AK14,AM14,AO14,AQ14,AS14) -> 0 | X14: =SUM(AJ14,AL14,AN14,AP14,AR14,AT14) -> 0 | Y14: =W14-AE14 -> -115 | Z14: =X14-AF14 -> -23 | AA14: 857 | AB14: 187 | AC14: =AA14/SUM($AA$10:$AA$15) -> 0.12343367 | AD14: =AB14/SUM($AB$10:$AB$15) -> 0.1621856 | AE14: 115 | AF14: 23 | AG14: 29 | AH14: 6 | AI14: =SUMIFS(GERAL!J:J,GERAL!D:D,PROD_META_30D!$AI$6,GERAL!Q:Q,PROD_META_30D!B14)+SUMIFS(GERAL!K:K,GERAL!D:D,PROD_META_30D!$AI$6,GERAL!Q:Q,PROD_META_30D!B14) -> 0 | AJ14: =SUMIFS(GERAL!M:M,GERAL!D:D,PROD_META_30D!$AI$6,GERAL!Q:Q,PROD_META_30D!B14)+SUMIFS(GERAL!N:N,GERAL!D:D,PROD_META_30D!$AI$6,GERAL!Q:Q,PROD_META_30D!B14) -> 0 | AK14: =SUMIFS(GERAL!J:J,GERAL!D:D,$AK$6,GERAL!Q:Q,PROD_META_30D!B14)+SUMIFS(GERAL!K:K,GERAL!D:D,$AK$6,GERAL!Q:Q,PROD_META_30D!B14) -> 0 | AL14: =SUMIFS(GERAL!M:M,GERAL!D:D,$AK$6,GERAL!Q:Q,PROD_META_30D!B14)+SUMIFS(GERAL!N:N,GERAL!D:D,$AK$6,GERAL!Q:Q,PROD_META_30D!B14) -> 0 | AM14: =SUMIFS(GERAL!J:J,GERAL!D:D,PROD_META_30D!$AM$6,GERAL!Q:Q,PROD_META_30D!B14)+SUMIFS(GERAL!K:K,GERAL!D:D,PROD_META_30D!$AM$6,GERAL!Q:Q,PROD_META_30D!B14) -> 0 | AN14: =SUMIFS(GERAL!M:M,GERAL!D:D,PROD_META_30D!$AM$6,GERAL!Q:Q,PROD_META_30D!B14)+SUMIFS(GERAL!N:N,GERAL!D:D,PROD_META_30D!$AM$6,GERAL!Q:Q,PROD_META_30D!B14) -> 0 | AO14: =SUMIFS(GERAL!J:J,GERAL!D:D,PROD_META_30D!$AO$6,GERAL!Q:Q,PROD_META_30D!B14)+SUMIFS(GERAL!K:K,GERAL!D:D,PROD_META_30D!$AO$6,GERAL!Q:Q,PROD_META_30D!B14) -> 0 | AP14: =SUMIFS(GERAL!M:M,GERAL!D:D,PROD_META_30D!$AO$6,GERAL!Q:Q,PROD_META_30D!B14)+SUMIFS(GERAL!N:N,GERAL!D:D,PROD_META_30D!$AO$6,GERAL!Q:Q,PROD_META_30D!B14) -> 0 | AQ14: =SUMIFS(GERAL!J:J,GERAL!D:D,$AQ$6,GERAL!Q:Q,PROD_META_30D!B14)+SUMIFS(GERAL!K:K,GERAL!D:D,$AQ$6,GERAL!Q:Q,PROD_META_30D!B14) -> 0 | AR14: =SUMIFS(GERAL!M:M,GERAL!D:D,$AQ$6,GERAL!Q:Q,PROD_META_30D!B14)+SUMIFS(GERAL!N:N,GERAL!D:D,$AQ$6,GERAL!Q:Q,PROD_META_30D!B14) -> 0 | AS14: =SUMIFS(GERAL!J:J,GERAL!D:D,$AS$6,GERAL!Q:Q,PROD_META_30D!B14)+SUMIFS(GERAL!K:K,GERAL!D:D,$AS$6,GERAL!Q:Q,PROD_META_30D!B14) -> 0 | AT14: =SUMIFS(GERAL!M:M,GERAL!D:D,$AS$6,GERAL!Q:Q,PROD_META_30D!B14)+SUMIFS(GERAL!N:N,GERAL!D:D,$AS$6,GERAL!Q:Q,PROD_META_30D!B14) -> 0 | AU14: 29 | AV14: 6 | AW14: =SUMIFS(GERAL!J:J,GERAL!D:D,PROD_META_30D!$AW$18,GERAL!Q:Q,PROD_META_30D!B14)+SUMIFS(GERAL!K:K,GERAL!D:D,PROD_META_30D!$AW$18,GERAL!Q:Q,PROD_META_30D!B14) -> 0 | AX14: =SUMIFS(GERAL!M:M,GERAL!D:D,PROD_META_30D!$AW$18,GERAL!Q:Q,PROD_META_30D!B14)+SUMIFS(GERAL!N:N,GERAL!D:D,PROD_META_30D!$AW$18,GERAL!Q:Q,PROD_META_30D!B14) -> 0 | AY14: =SUMIFS(GERAL!J:J,GERAL!D:D,PROD_META_30D!$AY$18,GERAL!Q:Q,PROD_META_30D!B14)+SUMIFS(GERAL!K:K,GERAL!D:D,$AY$18,GERAL!Q:Q,PROD_META_30D!B14) -> 0 | AZ14: =SUMIFS(GERAL!M:M,GERAL!D:D,PROD_META_30D!$AY$18,GERAL!Q:Q,PROD_META_30D!B14)+SUMIFS(GERAL!N:N,GERAL!D:D,PROD_META_30D!$AY$18,GERAL!Q:Q,PROD_META_30D!B14) -> 0 | BA14: =SUMIFS(GERAL!J:J,GERAL!D:D,PROD_META_30D!$BA$18,GERAL!Q:Q,PROD_META_30D!B14)+SUMIFS(GERAL!K:K,GERAL!D:D,$BA$18,GERAL!Q:Q,PROD_META_30D!B14) -> 0 | BB14: =SUMIFS(GERAL!M:M,GERAL!D:D,PROD_META_30D!$BA$18,GERAL!Q:Q,PROD_META_30D!B14)+SUMIFS(GERAL!N:N,GERAL!D:D,PROD_META_30D!$BA$18,GERAL!Q:Q,PROD_META_30D!B14) -> 0 | BC14: =SUMIFS(GERAL!J:J,GERAL!D:D,PROD_META_30D!$BC$18,GERAL!Q:Q,PROD_META_30D!B14)+SUMIFS(GERAL!K:K,GERAL!D:D,$BC$18,GERAL!Q:Q,PROD_META_30D!B14) -> 0 | BD14: =SUMIFS(GERAL!M:M,GERAL!D:D,PROD_META_30D!$BC$18,GERAL!Q:Q,PROD_META_30D!B14)+SUMIFS(GERAL!N:N,GERAL!D:D,PROD_META_30D!$BC$18,GERAL!Q:Q,PROD_META_30D!B14) -> 0 | BE14: =SUMIFS(GERAL!J:J,GERAL!D:D,PROD_META_30D!$BE$18,GERAL!Q:Q,PROD_META_30D!B14)+SUMIFS(GERAL!K:K,GERAL!D:D,$BE$18,GERAL!Q:Q,PROD_META_30D!B14) -> 0 | BF14: =SUMIFS(GERAL!M:M,GERAL!D:D,PROD_META_30D!$BE$18,GERAL!Q:Q,PROD_META_30D!B14)+SUMIFS(GERAL!N:N,GERAL!D:D,PROD_META_30D!$BE$18,GERAL!Q:Q,PROD_META_30D!B14) -> 0 | BG14: =SUMIFS(GERAL!J:J,GERAL!D:D,PROD_META_30D!$BG$18,GERAL!Q:Q,PROD_META_30D!B14)+SUMIFS(GERAL!K:K,GERAL!D:D,$BG$18,GERAL!Q:Q,PROD_META_30D!B14) -> 0 | BH14: =SUMIFS(GERAL!M:M,GERAL!D:D,PROD_META_30D!$BG$18,GERAL!Q:Q,PROD_META_30D!B14)+SUMIFS(GERAL!N:N,GERAL!D:D,PROD_META_30D!$BG$18,GERAL!Q:Q,PROD_META_30D!B14) -> 0
B15: Pantanal Baixo | C15: =G15-E15 -> -359.34359 | D15: =H15-F15 -> -208.48656 | E15: =SUMIFS(PREVISTO!J:J,PREVISTO!B:B,"<="&PROD_META_30D!$AG$5)*PROD_META_30D!AC15 -> 1680.3436 | F15: =SUMIFS(PREVISTO!I:I,PREVISTO!B:B,"<="&PROD_META_30D!$AG$5)*PROD_META_30D!AD15 -> 303.48656 | G15: =SUMIFS(GERAL!J:J,GERAL!B:B,"<="&PROD_META_30D!$AG$5,GERAL!Q:Q,PROD_META_30D!B15,GERAL!R:R,"Prazo_30")+SUMIFS(GERAL!K:K,GERAL!B:B,"<="&PROD_META_30D!$AG$5,GERAL!Q:Q,PROD_META_30D!B15,GERAL!R:R,"Prazo_30") -> 1321 | H15: =SUMIFS(GERAL!M:M,GERAL!B:B,"<="&PROD_META_30D!$AG$5,GERAL!Q:Q,PROD_META_30D!B15,GERAL!R:R,"Prazo_30")+SUMIFS(GERAL!N:N,GERAL!B:B,"<="&PROD_META_30D!$AG$5,GERAL!Q:Q,PROD_META_30D!B15,GERAL!R:R,"Prazo_30") -> 95 | I15: =SUMIFS(GERAL!J:J,GERAL!A:A,"Semana 1",GERAL!Q:Q,PROD_META_30D!B15)+SUMIFS(GERAL!K:K,GERAL!A:A,"Semana 1",GERAL!Q:Q,PROD_META_30D!B15) -> 62 | J15: =SUMIFS(GERAL!M:M,GERAL!A:A,"Semana 1",GERAL!Q:Q,PROD_META_30D!B15)+SUMIFS(GERAL!N:N,GERAL!A:A,"Semana 1",GERAL!Q:Q,PROD_META_30D!B15) -> 14 | K15: =SUMIFS(GERAL!J:J,GERAL!A:A,"Semana 2",GERAL!Q:Q,PROD_META_30D!B15)+SUMIFS(GERAL!K:K,GERAL!A:A,"Semana 2",GERAL!Q:Q,PROD_META_30D!B15) -> 114 | L15: =SUMIFS(GERAL!M:M,GERAL!A:A,"Semana 2",GERAL!Q:Q,PROD_META_30D!B15)+SUMIFS(GERAL!N:N,GERAL!A:A,"Semana 1",GERAL!Q:Q,PROD_META_30D!B15) -> 14 | M15: =SUMIFS(GERAL!J:J,GERAL!A:A,"Semana 3",GERAL!Q:Q,PROD_META_30D!B15)+SUMIFS(GERAL!K:K,GERAL!A:A,"Semana 3",GERAL!Q:Q,PROD_META_30D!B15) -> 145 | N15: =SUMIFS(GERAL!M:M,GERAL!A:A,"Semana 3",GERAL!Q:Q,PROD_META_30D!B15)+SUMIFS(GERAL!N:N,GERAL!A:A,"Semana 3",GERAL!Q:Q,PROD_META_30D!B15) -> 38 | O15: =SUMIFS(GERAL!J:J,GERAL!A:A,"Semana 4",GERAL!Q:Q,PROD_META_30D!B15)+SUMIFS(GERAL!K:K,GERAL!A:A,"Semana 4",GERAL!Q:Q,PROD_META_30D!B15) -> 209 | P15: =SUMIFS(GERAL!M:M,GERAL!A:A,"Semana 4",GERAL!Q:Q,PROD_META_30D!B15)+SUMIFS(GERAL!N:N,GERAL!A:A,"Semana 4",GERAL!Q:Q,PROD_META_30D!B15) -> 0 | Q15: =SUMIFS(GERAL!J:J,GERAL!A:A,"Semana 5",GERAL!Q:Q,PROD_META_30D!B15)+SUMIFS(GERAL!K:K,GERAL!A:A,"Semana 5",GERAL!Q:Q,PROD_META_30D!B15) -> 18 | R15: =SUMIFS(GERAL!M:M,GERAL!A:A,"Semana 5",GERAL!Q:Q,PROD_META_30D!B15)+SUMIFS(GERAL!N:N,GERAL!A:A,"Semana 5",GERAL!Q:Q,PROD_META_30D!B15) -> 0 | S15: =SUMIFS(GERAL!J:J,GERAL!A:A,"Semana 6",GERAL!Q:Q,PROD_META_30D!B15)+SUMIFS(GERAL!K:K,GERAL!A:A,"Semana 6",GERAL!Q:Q,PROD_META_30D!B15) -> 302 | T15: =SUMIFS(GERAL!M:M,GERAL!A:A,"Semana 6",GERAL!Q:Q,PROD_META_30D!B15)+SUMIFS(GERAL!N:N,GERAL!A:A,"Semana 6",GERAL!Q:Q,PROD_META_30D!B15) -> 2 | U15: =SUMIFS(GERAL!J:J,GERAL!A:A,"Semana 7",GERAL!Q:Q,PROD_META_30D!B15)+SUMIFS(GERAL!K:K,GERAL!A:A,"Semana 7",GERAL!Q:Q,PROD_META_30D!B15) -> 49 | V15: =SUMIFS(GERAL!M:M,GERAL!A:A,"Semana 7",GERAL!Q:Q,PROD_META_30D!B15)+SUMIFS(GERAL!N:N,GERAL!A:A,"Semana 7",GERAL!Q:Q,PROD_META_30D!B15) -> 8 | W15: =SUM(AI15,AK15,AM15,AO15,AQ15,AS15) -> 0 | X15: =SUM(AJ15,AL15,AN15,AP15,AR15,AT15) -> 0 | Y15: =W15-AE15 -> -224 | Z15: =X15-AF15 -> -40 | AA15: 1674 | AB15: 324 | AC15: =AA15/SUM($AA$10:$AA$15) -> 0.24110615 | AD15: =AB15/SUM($AB$10:$AB$15) -> 0.28100607 | AE15: 224 | AF15: 40 | AG15: 56 | AH15: 10 | AI15: =SUMIFS(GERAL!J:J,GERAL!D:D,PROD_META_30D!$AI$6,GERAL!Q:Q,PROD_META_30D!B15)+SUMIFS(GERAL!K:K,GERAL!D:D,PROD_META_30D!$AI$6,GERAL!Q:Q,PROD_META_30D!B15) -> 0 | AJ15: =SUMIFS(GERAL!M:M,GERAL!D:D,PROD_META_30D!$AI$6,GERAL!Q:Q,PROD_META_30D!B15)+SUMIFS(GERAL!N:N,GERAL!D:D,PROD_META_30D!$AI$6,GERAL!Q:Q,PROD_META_30D!B15) -> 0 | AK15: =SUMIFS(GERAL!J:J,GERAL!D:D,$AK$6,GERAL!Q:Q,PROD_META_30D!B15)+SUMIFS(GERAL!K:K,GERAL!D:D,$AK$6,GERAL!Q:Q,PROD_META_30D!B15) -> 0 | AL15: =SUMIFS(GERAL!M:M,GERAL!D:D,$AK$6,GERAL!Q:Q,PROD_META_30D!B15)+SUMIFS(GERAL!N:N,GERAL!D:D,$AK$6,GERAL!Q:Q,PROD_META_30D!B15) -> 0 | AM15: =SUMIFS(GERAL!J:J,GERAL!D:D,PROD_META_30D!$AM$6,GERAL!Q:Q,PROD_META_30D!B15)+SUMIFS(GERAL!K:K,GERAL!D:D,PROD_META_30D!$AM$6,GERAL!Q:Q,PROD_META_30D!B15) -> 0 | AN15: =SUMIFS(GERAL!M:M,GERAL!D:D,PROD_META_30D!$AM$6,GERAL!Q:Q,PROD_META_30D!B15)+SUMIFS(GERAL!N:N,GERAL!D:D,PROD_META_30D!$AM$6,GERAL!Q:Q,PROD_META_30D!B15) -> 0 | AO15: =SUMIFS(GERAL!J:J,GERAL!D:D,PROD_META_30D!$AO$6,GERAL!Q:Q,PROD_META_30D!B15)+SUMIFS(GERAL!K:K,GERAL!D:D,PROD_META_30D!$AO$6,GERAL!Q:Q,PROD_META_30D!B15) -> 0 | AP15: =SUMIFS(GERAL!M:M,GERAL!D:D,PROD_META_30D!$AO$6,GERAL!Q:Q,PROD_META_30D!B15)+SUMIFS(GERAL!N:N,GERAL!D:D,PROD_META_30D!$AO$6,GERAL!Q:Q,PROD_META_30D!B15) -> 0 | AQ15: =SUMIFS(GERAL!J:J,GERAL!D:D,$AQ$6,GERAL!Q:Q,PROD_META_30D!B15)+SUMIFS(GERAL!K:K,GERAL!D:D,$AQ$6,GERAL!Q:Q,PROD_META_30D!B15) -> 0 | AR15: =SUMIFS(GERAL!M:M,GERAL!D:D,$AQ$6,GERAL!Q:Q,PROD_META_30D!B15)+SUMIFS(GERAL!N:N,GERAL!D:D,$AQ$6,GERAL!Q:Q,PROD_META_30D!B15) -> 0 | AS15: =SUMIFS(GERAL!J:J,GERAL!D:D,$AS$6,GERAL!Q:Q,PROD_META_30D!B15)+SUMIFS(GERAL!K:K,GERAL!D:D,$AS$6,GERAL!Q:Q,PROD_META_30D!B15) -> 0 | AT15: =SUMIFS(GERAL!M:M,GERAL!D:D,$AS$6,GERAL!Q:Q,PROD_META_30D!B15)+SUMIFS(GERAL!N:N,GERAL!D:D,$AS$6,GERAL!Q:Q,PROD_META_30D!B15) -> 0 | AU15: 56 | AV15: 10 | AW15: =SUMIFS(GERAL!J:J,GERAL!D:D,PROD_META_30D!$AW$18,GERAL!Q:Q,PROD_META_30D!B15)+SUMIFS(GERAL!K:K,GERAL!D:D,PROD_META_30D!$AW$18,GERAL!Q:Q,PROD_META_30D!B15) -> 0 | AX15: =SUMIFS(GERAL!M:M,GERAL!D:D,PROD_META_30D!$AW$18,GERAL!Q:Q,PROD_META_30D!B15)+SUMIFS(GERAL!N:N,GERAL!D:D,PROD_META_30D!$AW$18,GERAL!Q:Q,PROD_META_30D!B15) -> 0 | AY15: =SUMIFS(GERAL!J:J,GERAL!D:D,PROD_META_30D!$AY$18,GERAL!Q:Q,PROD_META_30D!B15)+SUMIFS(GERAL!K:K,GERAL!D:D,$AY$18,GERAL!Q:Q,PROD_META_30D!B15) -> 0 | AZ15: =SUMIFS(GERAL!M:M,GERAL!D:D,PROD_META_30D!$AY$18,GERAL!Q:Q,PROD_META_30D!B15)+SUMIFS(GERAL!N:N,GERAL!D:D,PROD_META_30D!$AY$18,GERAL!Q:Q,PROD_META_30D!B15) -> 0 | BA15: =SUMIFS(GERAL!J:J,GERAL!D:D,PROD_META_30D!$BA$18,GERAL!Q:Q,PROD_META_30D!B15)+SUMIFS(GERAL!K:K,GERAL!D:D,$BA$18,GERAL!Q:Q,PROD_META_30D!B15) -> 0 | BB15: =SUMIFS(GERAL!M:M,GERAL!D:D,PROD_META_30D!$BA$18,GERAL!Q:Q,PROD_META_30D!B15)+SUMIFS(GERAL!N:N,GERAL!D:D,PROD_META_30D!$BA$18,GERAL!Q:Q,PROD_META_30D!B15) -> 0 | BC15: =SUMIFS(GERAL!J:J,GERAL!D:D,PROD_META_30D!$BC$18,GERAL!Q:Q,PROD_META_30D!B15)+SUMIFS(GERAL!K:K,GERAL!D:D,$BC$18,GERAL!Q:Q,PROD_META_30D!B15) -> 0 | BD15: =SUMIFS(GERAL!M:M,GERAL!D:D,PROD_META_30D!$BC$18,GERAL!Q:Q,PROD_META_30D!B15)+SUMIFS(GERAL!N:N,GERAL!D:D,PROD_META_30D!$BC$18,GERAL!Q:Q,PROD_META_30D!B15) -> 0 | BE15: =SUMIFS(GERAL!J:J,GERAL!D:D,PROD_META_30D!$BE$18,GERAL!Q:Q,PROD_META_30D!B15)+SUMIFS(GERAL!K:K,GERAL!D:D,$BE$18,GERAL!Q:Q,PROD_META_30D!B15) -> 0 | BF15: =SUMIFS(GERAL!M:M,GERAL!D:D,PROD_META_30D!$BE$18,GERAL!Q:Q,PROD_META_30D!B15)+SUMIFS(GERAL!N:N,GERAL!D:D,PROD_META_30D!$BE$18,GERAL!Q:Q,PROD_META_30D!B15) -> 0 | BG15: =SUMIFS(GERAL!J:J,GERAL!D:D,PROD_META_30D!$BG$18,GERAL!Q:Q,PROD_META_30D!B15)+SUMIFS(GERAL!K:K,GERAL!D:D,$BG$18,GERAL!Q:Q,PROD_META_30D!B15) -> 0 | BH15: =SUMIFS(GERAL!M:M,GERAL!D:D,PROD_META_30D!$BG$18,GERAL!Q:Q,PROD_META_30D!B15)+SUMIFS(GERAL!N:N,GERAL!D:D,PROD_META_30D!$BG$18,GERAL!Q:Q,PROD_META_30D!B15) -> 0
B17: CONTRATO | C17: =SUM(C10:C15) -> 1098.1897 | D17: =SUM(D10:D15) -> -277 | E17: =SUM(E10:E15) -> 6969.3103 | F17: =SUM(F10:F15) -> 1080 | G17: =SUM(G10:G15) -> 8067.5 | H17: =SUM(H10:H15) -> 803 | I17: =SUM(I10:I15) -> 1152 | J17: =SUM(J10:J15) -> 186 | ... BH17: =SUM(BH10:BH15) -> 0
AI18: =AI6 -> 46132 | AK18: =AI18+1 -> 46133 | AM18: =AK18+1 -> 46134 | AO18: =AM18+1 -> 46135 | AQ18: =AO18+1 -> 46136 | AS18: =AQ18+1 -> 46137 | AW18: =AI18-7 -> 46125 | AY18: =AW18+1 -> 46126 | BA18: =AY18+1 -> 46127 | BC18: =BA18+1 -> 46128 | BE18: =BC18+1 -> 46129 | BG18: =BE18+1 -> 46130
Z19: 502
Z20: =Z19*0.55 -> 276.1
Z21: =Z19-Z20 -> 225.9 | AU21: ACUMULADO DA SEMANA
AU22: REDE | AV22: LIG
AU23: =AW10+AY10+BA10+BC10+BE10+BG10 -> 0 | AV23: =AX10+AZ10+BB10+BD10+BF10+BH10 -> 0
AU24: =AW11+AY11+BA11+BC11+BE11+BG11 -> 0 | AV24: =AX11+AZ11+BB11+BD11+BF11+BH11 -> 0
AU25: =AW12+AY12+BA12+BC12+BE12+BG12 -> 0 | AV25: =AX12+AZ12+BB12+BD12+BF12+BH12 -> 0
AU26: =AW13+AY13+BA13+BC13+BE13+BG13 -> 0 | AV26: =AX13+AZ13+BB13+BD13+BF13+BH13 -> 0
AU27: =AW14+AY14+BA14+BC14+BE14+BG14 -> 0 | AV27: =AX14+AZ14+BB14+BD14+BF14+BH14 -> 0
AU28: =AW15+AY15+BA15+BC15+BE15+BG15 -> 0 | AV28: =AX15+AZ15+BB15+BD15+BF15+BH15 -> 0

Sheet PREVISTO
B2: Prometido SABESP | E2: 433 | F2: 611 | G2: 2717 | H2: 4020
B3: Ligações | C3: Rede | D3: Dias úteis | E3: Lig_Água | F3: Lig_Esgoto | G3: Rede_Água | H3: Rede_Esgoto | I3: Ligações_Dia | J3: Rede_Dia
B4: 1044 | C4: =SUM(G2:H2) -> 6737 | D4: 30 | E4: =$E$2/SUM($D$8:$D$46) -> 14.931034 | F4: =$F$2/SUM($D$8:$D$46) -> 21.068966 | G4: =$G$2/SUM($D$8:$D$46) -> 93.689655 | H4: =$H$2/SUM($D$8:$D$46) -> 138.62069 | I4: =$B$4/SUM(D8:D46) -> 36 | J4: =$C$4/SUM(D8:D46) -> 232.31034
I6: Und | J6: m
B7: Data | C7: Dia Útil | D7: Período | E7: Lig_Água | F7: Lig_Esgoto | G7: Rede_Água | H7: Rede_Esgoto | I7: Ligações2 | J7: Rede | K7: Dia_semana | M7: Feriados
A8: =_xlfn.XLOOKUP(Tabela1[[#This Row],[Data]],GERAL!B:B,GERAL!A:A) -> Semana 2 | B8: 46062 | C8: {=_xlfn.IFS(OR(Tabela1[[#This Row],[Data]]=$M$8,Tabela1[[#This Row],[Data]]=$M$9,Tabela1[[#This Row],[Data]]=$M$10),"Não",K8=1,"Não",K8>1,"Sim")} -> Sim | D8: {=_xlfn.IFS(Tabela1[[#This Row],[Dia Útil]]="Não",0,K8=1,0,K8=7,0.5,K8>1,1)} -> 1 | E8: =$E$4*Tabela1[[#This Row],[Período]] -> 14.931034 | F8: =$F$4*Tabela1[[#This Row],[Período]] -> 21.068966 | G8: =$G$4*Tabela1[[#This Row],[Período]] -> 93.689655 | H8: =$H$4*Tabela1[[#This Row],[Período]] -> 138.62069 | I8: =$I$4*Tabela1[[#This Row],[Período]] -> 36 | J8: =$J$4*Tabela1[[#This Row],[Período]] -> 232.31034 | K8: =WEEKDAY(Tabela1[[#This Row],[Data]],1) -> 2 | M8: 46069
A9: =_xlfn.XLOOKUP(Tabela1[[#This Row],[Data]],GERAL!B:B,GERAL!A:A) -> Semana 2 | B9: 46063 | C9: {=_xlfn.IFS(OR(Tabela1[[#This Row],[Data]]=$M$8,Tabela1[[#This Row],[Data]]=$M$9,Tabela1[[#This Row],[Data]]=$M$10),"Não",K9=1,"Não",K9>1,"Sim")} -> Sim | D9: {=_xlfn.IFS(Tabela1[[#This Row],[Dia Útil]]="Não",0,K9=1,0,K9=7,0.5,K9>1,1)} -> 1 | E9: =$E$4*Tabela1[[#This Row],[Período]] -> 14.931034 | F9: =$F$4*Tabela1[[#This Row],[Período]] -> 21.068966 | G9: =$G$4*Tabela1[[#This Row],[Período]] -> 93.689655 | H9: =$H$4*Tabela1[[#This Row],[Período]] -> 138.62069 | I9: =$I$4*Tabela1[[#This Row],[Período]] -> 36 | J9: =$J$4*Tabela1[[#This Row],[Período]] -> 232.31034 | K9: =WEEKDAY(Tabela1[[#This Row],[Data]],1) -> 3 | M9: 46070
A10: =_xlfn.XLOOKUP(Tabela1[[#This Row],[Data]],GERAL!B:B,GERAL!A:A) -> Semana 2 | B10: 46064 | C10: {=_xlfn.IFS(OR(Tabela1[[#This Row],[Data]]=$M$8,Tabela1[[#This Row],[Data]]=$M$9,Tabela1[[#This Row],[Data]]=$M$10),"Não",K10=1,"Não",K10>1,"Sim")} -> Sim | D10: {=_xlfn.IFS(Tabela1[[#This Row],[Dia Útil]]="Não",0,K10=1,0,K10=7,0.5,K10>1,1)} -> 1 | E10: =$E$4*Tabela1[[#This Row],[Período]] -> 14.931034 | F10: =$F$4*Tabela1[[#This Row],[Período]] -> 21.068966 | G10: =$G$4*Tabela1[[#This Row],[Período]] -> 93.689655 | H10: =$H$4*Tabela1[[#This Row],[Período]] -> 138.62069 | I10: =$I$4*Tabela1[[#This Row],[Período]] -> 36 | J10: =$J$4*Tabela1[[#This Row],[Período]] -> 232.31034 | K10: =WEEKDAY(Tabela1[[#This Row],[Data]],1) -> 4 | M10: 46067
A11: =_xlfn.XLOOKUP(Tabela1[[#This Row],[Data]],GERAL!B:B,GERAL!A:A) -> Semana 2 | B11: 46065 | C11: {=_xlfn.IFS(OR(Tabela1[[#This Row],[Data]]=$M$8,Tabela1[[#This Row],[Data]]=$M$9,Tabela1[[#This Row],[Data]]=$M$10),"Não",K11=1,"Não",K11>1,"Sim")} -> Sim | D11: {=_xlfn.IFS(Tabela1[[#This Row],[Dia Útil]]="Não",0,K11=1,0,K11=7,0.5,K11>1,1)} -> 1 | E11: =$E$4*Tabela1[[#This Row],[Período]] -> 14.931034 | F11: =$F$4*Tabela1[[#This Row],[Período]] -> 21.068966 | G11: =$G$4*Tabela1[[#This Row],[Período]] -> 93.689655 | H11: =$H$4*Tabela1[[#This Row],[Período]] -> 138.62069 | I11: =$I$4*Tabela1[[#This Row],[Período]] -> 36 | J11: =$J$4*Tabela1[[#This Row],[Período]] -> 232.31034 | K11: =WEEKDAY(Tabela1[[#This Row],[Data]],1) -> 5
A12: =_xlfn.XLOOKUP(Tabela1[[#This Row],[Data]],GERAL!B:B,GERAL!A:A) -> Semana 2 | B12: 46066 | C12: {=_xlfn.IFS(OR(Tabela1[[#This Row],[Data]]=$M$8,Tabela1[[#This Row],[Data]]=$M$9,Tabela1[[#This Row],[Data]]=$M$10),"Não",K12=1,"Não",K12>1,"Sim")} -> Sim | D12: {=_xlfn.IFS(Tabela1[[#This Row],[Dia Útil]]="Não",0,K12=1,0,K12=7,0.5,K12>1,1)} -> 1 | E12: =$E$4*Tabela1[[#This Row],[Período]] -> 14.931034 | F12: =$F$4*Tabela1[[#This Row],[Período]] -> 21.068966 | G12: =$G$4*Tabela1[[#This Row],[Período]] -> 93.689655 | H12: =$H$4*Tabela1[[#This Row],[Período]] -> 138.62069 | I12: =$I$4*Tabela1[[#This Row],[Período]] -> 36 | J12: =$J$4*Tabela1[[#This Row],[Período]] -> 232.31034 | K12: =WEEKDAY(Tabela1[[#This Row],[Data]],1) -> 6
A13: =_xlfn.XLOOKUP(Tabela1[[#This Row],[Data]],GERAL!B:B,GERAL!A:A) -> Semana 2 | B13: 46067 | C13: {=_xlfn.IFS(OR(Tabela1[[#This Row],[Data]]=$M$8,Tabela1[[#This Row],[Data]]=$M$9,Tabela1[[#This Row],[Data]]=$M$10),"Não",K13=1,"Não",K13>1,"Sim")} -> Não | D13: {=_xlfn.IFS(Tabela1[[#This Row],[Dia Útil]]="Não",0,K13=1,0,K13=7,0.5,K13>1,1)} -> 0 | E13: =$E$4*Tabela1[[#This Row],[Período]] -> 0 | F13: =$F$4*Tabela1[[#This Row],[Período]] -> 0 | G13: =$G$4*Tabela1[[#This Row],[Período]] -> 0 | H13: =$H$4*Tabela1[[#This Row],[Período]] -> 0 | I13: =$I$4*Tabela1[[#This Row],[Período]] -> 0 | J13: =$J$4*Tabela1[[#This Row],[Período]] -> 0 | K13: =WEEKDAY(Tabela1[[#This Row],[Data]],1) -> 7
A14: =_xlfn.XLOOKUP(Tabela1[[#This Row],[Data]],GERAL!B:B,GERAL!A:A) -> Semana 3 | B14: 46068 | C14: {=_xlfn.IFS(OR(Tabela1[[#This Row],[Data]]=$M$8,Tabela1[[#This Row],[Data]]=$M$9,Tabela1[[#This Row],[Data]]=$M$10),"Não",K14=1,"Não",K14>1,"Sim")} -> Não | D14: {=_xlfn.IFS(Tabela1[[#This Row],[Dia Útil]]="Não",0,K14=1,0,K14=7,0.5,K14>1,1)} -> 0 | E14: =$E$4*Tabela1[[#This Row],[Período]] -> 0 | F14: =$F$4*Tabela1[[#This Row],[Período]] -> 0 | G14: =$G$4*Tabela1[[#This Row],[Período]] -> 0 | H14: =$H$4*Tabela1[[#This Row],[Período]] -> 0 | I14: =$I$4*Tabela1[[#This Row],[Período]] -> 0 | J14: =$J$4*Tabela1[[#This Row],[Período]] -> 0 | K14: =WEEKDAY(Tabela1[[#This Row],[Data]],1) -> 1
A15: =_xlfn.XLOOKUP(Tabela1[[#This Row],[Data]],GERAL!B:B,GERAL!A:A) -> Semana 3 | B15: 46069 | C15: {=_xlfn.IFS(OR(Tabela1[[#This Row],[Data]]=$M$8,Tabela1[[#This Row],[Data]]=$M$9,Tabela1[[#This Row],[Data]]=$M$10),"Não",K15=1,"Não",K15>1,"Sim")} -> Não | D15: {=_xlfn.IFS(Tabela1[[#This Row],[Dia Útil]]="Não",0,K15=1,0,K15=7,0.5,K15>1,1)} -> 0 | E15: =$E$4*Tabela1[[#This Row],[Período]] -> 0 | F15: =$F$4*Tabela1[[#This Row],[Período]] -> 0 | G15: =$G$4*Tabela1[[#This Row],[Período]] -> 0 | H15: =$H$4*Tabela1[[#This Row],[Período]] -> 0 | I15: =$I$4*Tabela1[[#This Row],[Período]] -> 0 | J15: =$J$4*Tabela1[[#This Row],[Período]] -> 0 | K15: =WEEKDAY(Tabela1[[#This Row],[Data]],1) -> 2
A16: =_xlfn.XLOOKUP(Tabela1[[#This Row],[Data]],GERAL!B:B,GERAL!A:A) -> Semana 3 | B16: 46070 | C16: {=_xlfn.IFS(OR(Tabela1[[#This Row],[Data]]=$M$8,Tabela1[[#This Row],[Data]]=$M$9,Tabela1[[#This Row],[Data]]=$M$10),"Não",K16=1,"Não",K16>1,"Sim")} -> Não | D16: {=_xlfn.IFS(Tabela1[[#This Row],[Dia Útil]]="Não",0,K16=1,0,K16=7,0.5,K16>1,1)} -> 0 | E16: =$E$4*Tabela1[[#This Row],[Período]] -> 0 | F16: =$F$4*Tabela1[[#This Row],[Período]] -> 0 | G16: =$G$4*Tabela1[[#This Row],[Período]] -> 0 | H16: =$H$4*Tabela1[[#This Row],[Período]] -> 0 | I16: =$I$4*Tabela1[[#This Row],[Período]] -> 0 | J16: =$J$4*Tabela1[[#This Row],[Período]] -> 0 | K16: =WEEKDAY(Tabela1[[#This Row],[Data]],1) -> 3
A17: =_xlfn.XLOOKUP(Tabela1[[#This Row],[Data]],GERAL!B:B,GERAL!A:A) -> Semana 3 | B17: 46071 | C17: {=_xlfn.IFS(OR(Tabela1[[#This Row],[Data]]=$M$8,Tabela1[[#This Row],[Data]]=$M$9,Tabela1[[#This Row],[Data]]=$M$10),"Não",K17=1,"Não",K17>1,"Sim")} -> Sim | D17: {=_xlfn.IFS(Tabela1[[#This Row],[Dia Útil]]="Não",0,K17=1,0,K17=7,0.5,K17>1,1)} -> 1 | E17: =$E$4*Tabela1[[#This Row],[Período]] -> 14.931034 | F17: =$F$4*Tabela1[[#This Row],[Período]] -> 21.068966 | G17: =$G$4*Tabela1[[#This Row],[Período]] -> 93.689655 | H17: =$H$4*Tabela1[[#This Row],[Período]] -> 138.62069 | I17: =$I$4*Tabela1[[#This Row],[Período]] -> 36 | J17: =$J$4*Tabela1[[#This Row],[Período]] -> 232.31034 | K17: =WEEKDAY(Tabela1[[#This Row],[Data]],1) -> 4
A18: =_xlfn.XLOOKUP(Tabela1[[#This Row],[Data]],GERAL!B:B,GERAL!A:A) -> Semana 3 | B18: 46072 | C18: {=_xlfn.IFS(OR(Tabela1[[#This Row],[Data]]=$M$8,Tabela1[[#This Row],[Data]]=$M$9,Tabela1[[#This Row],[Data]]=$M$10),"Não",K18=1,"Não",K18>1,"Sim")} -> Sim | D18: {=_xlfn.IFS(Tabela1[[#This Row],[Dia Útil]]="Não",0,K18=1,0,K18=7,0.5,K18>1,1)} -> 1 | E18: =$E$4*Tabela1[[#This Row],[Período]] -> 14.931034 | F18: =$F$4*Tabela1[[#This Row],[Período]] -> 21.068966 | G18: =$G$4*Tabela1[[#This Row],[Período]] -> 93.689655 | H18: =$H$4*Tabela1[[#This Row],[Período]] -> 138.62069 | I18: =$I$4*Tabela1[[#This Row],[Período]] -> 36 | J18: =$J$4*Tabela1[[#This Row],[Período]] -> 232.31034 | K18: =WEEKDAY(Tabela1[[#This Row],[Data]],1) -> 5
A19: =_xlfn.XLOOKUP(Tabela1[[#This Row],[Data]],GERAL!B:B,GERAL!A:A) -> Semana 3 | B19: 46073 | C19: {=_xlfn.IFS(OR(Tabela1[[#This Row],[Data]]=$M$8,Tabela1[[#This Row],[Data]]=$M$9,Tabela1[[#This Row],[Data]]=$M$10),"Não",K19=1,"Não",K19>1,"Sim")} -> Sim | D19: {=_xlfn.IFS(Tabela1[[#This Row],[Dia Útil]]="Não",0,K19=1,0,K19=7,0.5,K19>1,1)} -> 1 | E19: =$E$4*Tabela1[[#This Row],[Período]] -> 14.931034 | F19: =$F$4*Tabela1[[#This Row],[Período]] -> 21.068966 | G19: =$G$4*Tabela1[[#This Row],[Período]] -> 93.689655 | H19: =$H$4*Tabela1[[#This Row],[Período]] -> 138.62069 | I19: =$I$4*Tabela1[[#This Row],[Período]] -> 36 | J19: =$J$4*Tabela1[[#This Row],[Período]] -> 232.31034 | K19: =WEEKDAY(Tabela1[[#This Row],[Data]],1) -> 6
A20: =_xlfn.XLOOKUP(Tabela1[[#This Row],[Data]],GERAL!B:B,GERAL!A:A) -> Semana 3 | B20: 46074 | C20: {=_xlfn.IFS(OR(Tabela1[[#This Row],[Data]]=$M$8,Tabela1[[#This Row],[Data]]=$M$9,Tabela1[[#This Row],[Data]]=$M$10),"Não",K20=1,"Não",K20>1,"Sim")} -> Sim | D20: {=_xlfn.IFS(Tabela1[[#This Row],[Dia Útil]]="Não",0,K20=1,0,K20=7,0.5,K20>1,1)} -> 0.5 | E20: =$E$4*Tabela1[[#This Row],[Período]] -> 7.4655172 | F20: =$F$4*Tabela1[[#This Row],[Período]] -> 10.534483 | G20: =$G$4*Tabela1[[#This Row],[Período]] -> 46.844828 | H20: =$H$4*Tabela1[[#This Row],[Período]] -> 69.310345 | I20: =$I$4*Tabela1[[#This Row],[Período]] -> 18 | J20: =$J$4*Tabela1[[#This Row],[Período]] -> 116.15517 | K20: =WEEKDAY(Tabela1[[#This Row],[Data]],1) -> 7
A21: =_xlfn.XLOOKUP(Tabela1[[#This Row],[Data]],GERAL!B:B,GERAL!A:A) -> Semana 4 | B21: 46075 | C21: {=_xlfn.IFS(OR(Tabela1[[#This Row],[Data]]=$M$8,Tabela1[[#This Row],[Data]]=$M$9,Tabela1[[#This Row],[Data]]=$M$10),"Não",K21=1,"Não",K21>1,"Sim")} -> Não | D21: {=_xlfn.IFS(Tabela1[[#This Row],[Dia Útil]]="Não",0,K21=1,0,K21=7,0.5,K21>1,1)} -> 0 | E21: =$E$4*Tabela1[[#This Row],[Período]] -> 0 | F21: =$F$4*Tabela1[[#This Row],[Período]] -> 0 | G21: =$G$4*Tabela1[[#This Row],[Período]] -> 0 | H21: =$H$4*Tabela1[[#This Row],[Período]] -> 0 | I21: =$I$4*Tabela1[[#This Row],[Período]] -> 0 | J21: =$J$4*Tabela1[[#This Row],[Período]] -> 0 | K21: =WEEKDAY(Tabela1[[#This Row],[Data]],1) -> 1
A22: =_xlfn.XLOOKUP(Tabela1[[#This Row],[Data]],GERAL!B:B,GERAL!A:A) -> Semana 4 | B22: 46076 | C22: {=_xlfn.IFS(OR(Tabela1[[#This Row],[Data]]=$M$8,Tabela1[[#This Row],[Data]]=$M$9,Tabela1[[#This Row],[Data]]=$M$10),"Não",K22=1,"Não",K22>1,"Sim")} -> Sim | D22: {=_xlfn.IFS(Tabela1[[#This Row],[Dia Útil]]="Não",0,K22=1,0,K22=7,0.5,K22>1,1)} -> 1 | E22: =$E$4*Tabela1[[#This Row],[Período]] -> 14.931034 | F22: =$F$4*Tabela1[[#This Row],[Período]] -> 21.068966 | G22: =$G$4*Tabela1[[#This Row],[Período]] -> 93.689655 | H22: =$H$4*Tabela1[[#This Row],[Período]] -> 138.62069 | I22: =$I$4*Tabela1[[#This Row],[Período]] -> 36 | J22: =$J$4*Tabela1[[#This Row],[Período]] -> 232.31034 | K22: =WEEKDAY(Tabela1[[#This Row],[Data]],1) -> 2
... A46: =_xlfn.XLOOKUP(Tabela1[[#This Row],[Data]],GERAL!B:B,GERAL!A:A) -> Semana 8 | B46: 46100 | C46: {=_xlfn.IFS(OR(Tabela1[[#This Row],[Data]]=$M$8,Tabela1[[#This Row],[Data]]=$M$9,Tabela1[[#This Row],[Data]]=$M$10),"Não",K46=1,"Não",K46>1,"Sim")} -> Sim | D46: {=_xlfn.IFS(Tabela1[[#This Row],[Dia Útil]]="Não",0,K46=1,0,K46=7,0.5,K46>1,1)} -> 1 | E46: =$E$4*Tabela1[[#This Row],[Período]] -> 14.931034 | F46: =$F$4*Tabela1[[#This Row],[Período]] -> 21.068966 | G46: =$G$4*Tabela1[[#This Row],[Período]] -> 93.689655 | H46: =$H$4*Tabela1[[#This Row],[Período]] -> 138.62069 | I46: =$I$4*Tabela1[[#This Row],[Período]] -> 36 | J46: =$J$4*Tabela1[[#This Row],[Período]] -> 232.31034 | K46: =WEEKDAY(Tabela1[[#This Row],[Data]],1) -> 5

Sheet Planilha2
F7: Rótulos de Linha
F8: ∑ Equipe até 28/02 - JC
F9: ∑ Equipe até 28/02 - MT
F10: ∑ Equipe até 28/02 - PB
F11: ∑ Equipe até 28/02 - SM
F12: ∑ Equipe até 28/02 - VC
F13: ∑ Equipe até 28/02 - VI
F14: ADILSIO
F15: ALESSANDRO
F16: ANDERSON
F17: CARLENADRO
F18: CASSIO
... F60: Total Geral
