Workbook
Name SegmentaçãodeDados_Núcleo: #N/A

Sheet GERAL
B2: Dia | C2: Dia Semana | D2: Mês | E2: Dia Útil | F2: Equipe | G2: Rua | H2: LA | I2: LE | J2: PRA | K2: DN | L2: C.UMA | M2: PRE | N2: DN2 | O2: C. INSP | P2: PV's | Q2: PI's | R2: LIE | S2: LIA | T2: IHM | U2: INT | V2: DN3 | W2: Núcleo
A3: =_xlfn.XLOOKUP(GERAL[[#This Row],[Dia]],AA:AA,Z:Z,"") | B3: 45962 | C3: sábado | D3: 45962 | E3: NÃO | W3: Morro do Tetéu | X3: =_xlfn.XLOOKUP(GERAL[[#This Row],[Dia]],AA:AA,AB:AB,"") | Z3: Semana 1 | AA3: 46052 | AB3: Prazo_30 | AC3: =_xlfn.XLOOKUP(GERAL[[#This Row],[Dia]],AI:AI,AJ:AJ,"")
A4: =_xlfn.XLOOKUP(GERAL[[#This Row],[Dia]],AA:AA,Z:Z,"") | B4: 45963 | C4: domingo | D4: 45963 | E4: NÃO | W4: Morro do Tetéu | X4: =_xlfn.XLOOKUP(GERAL[[#This Row],[Dia]],AA:AA,AB:AB,"") | Z4: Semana 1 | AA4: 46053 | AB4: Prazo_30 | AC4: =_xlfn.XLOOKUP(GERAL[[#This Row],[Dia]],AI:AI,AJ:AJ,"")
A5: =_xlfn.XLOOKUP(GERAL[[#This Row],[Dia]],AA:AA,Z:Z,"") | B5: 45964 | C5: segunda-feira | D5: 45964 | W5: Morro do Tetéu | X5: =_xlfn.XLOOKUP(GERAL[[#This Row],[Dia]],AA:AA,AB:AB,"") | Z5: Semana 1 | AA5: 46054 | AB5: Prazo_30 | AC5: =_xlfn.XLOOKUP(GERAL[[#This Row],[Dia]],AI:AI,AJ:AJ,"")
A6: =_xlfn.XLOOKUP(GERAL[[#This Row],[Dia]],AA:AA,Z:Z,"") | B6: 45965 | C6: terça-feira | D6: 45965 | W6: Morro do Tetéu | X6: =_xlfn.XLOOKUP(GERAL[[#This Row],[Dia]],AA:AA,AB:AB,"") | Z6: Semana 1 | AA6: 46055 | AB6: Prazo_30 | AC6: =_xlfn.XLOOKUP(GERAL[[#This Row],[Dia]],AI:AI,AJ:AJ,"")
A7: =_xlfn.XLOOKUP(GERAL[[#This Row],[Dia]],AA:AA,Z:Z,"") | B7: 45966 | C7: quarta-feira | D7: 45966 | W7: Morro do Tetéu | X7: =_xlfn.XLOOKUP(GERAL[[#This Row],[Dia]],AA:AA,AB:AB,"") | Z7: Semana 1 | AA7: 46056 | AB7: Prazo_30 | AC7: =_xlfn.XLOOKUP(GERAL[[#This Row],[Dia]],AI:AI,AJ:AJ,"")
A8: =_xlfn.XLOOKUP(GERAL[[#This Row],[Dia]],AA:AA,Z:Z,"") | B8: 45967 | C8: quinta-feira | D8: 45967 | W8: Morro do Tetéu | X8: =_xlfn.XLOOKUP(GERAL[[#This Row],[Dia]],AA:AA,AB:AB,"") | Z8: Semana 1 | AA8: 46057 | AB8: Prazo_30 | AC8: =_xlfn.XLOOKUP(GERAL[[#This Row],[Dia]],AI:AI,AJ:AJ,"")
A9: =_xlfn.XLOOKUP(GERAL[[#This Row],[Dia]],AA:AA,Z:Z,"") | B9: 45968 | C9: sexta-feira | D9: 45968 | W9: Morro do Tetéu | X9: =_xlfn.XLOOKUP(GERAL[[#This Row],[Dia]],AA:AA,AB:AB,"") | Z9: Semana 1 | AA9: 46058 | AB9: Prazo_30 | AC9: =_xlfn.XLOOKUP(GERAL[[#This Row],[Dia]],AI:AI,AJ:AJ,"")
A10: =_xlfn.XLOOKUP(GERAL[[#This Row],[Dia]],AA:AA,Z:Z,"") | B10: 45969 | C10: sábado | D10: 45969 | E10: NÃO | W10: Morro do Tetéu | X10: =_xlfn.XLOOKUP(GERAL[[#This Row],[Dia]],AA:AA,AB:AB,"") | Z10: Semana 1 | AA10: 46059 | AB10: Prazo_30 | AC10: =_xlfn.XLOOKUP(GERAL[[#This Row],[Dia]],AI:AI,AJ:AJ,"")
A11: =_xlfn.XLOOKUP(GERAL[[#This Row],[Dia]],AA:AA,Z:Z,"") | B11: 45970 | C11: domingo | D11: 45970 | E11: NÃO | W11: Morro do Tetéu | X11: =_xlfn.XLOOKUP(GERAL[[#This Row],[Dia]],AA:AA,AB:AB,"") | Z11: Semana 1 | AA11: 46060 | AB11: Prazo_30 | AC11: =_xlfn.XLOOKUP(GERAL[[#This Row],[Dia]],AI:AI,AJ:AJ,"")
A12: =_xlfn.XLOOKUP(GERAL[[#This Row],[Dia]],AA:AA,Z:Z,"") | B12: 45971 | C12: segunda-feira | D12: 45971 | W12: Morro do Tetéu | X12: =_xlfn.XLOOKUP(GERAL[[#This Row],[Dia]],AA:AA,AB:AB,"") | Z12: Semana 2 | AA12: 46061 | AB12: Prazo_30 | AC12: =_xlfn.XLOOKUP(GERAL[[#This Row],[Dia]],AI:AI,AJ:AJ,"")
A13: =_xlfn.XLOOKUP(GERAL[[#This Row],[Dia]],AA:AA,Z:Z,"") | B13: 45972 | C13: terça-feira | D13: 45972 | W13: Morro do Tetéu | X13: =_xlfn.XLOOKUP(GERAL[[#This Row],[Dia]],AA:AA,AB:AB,"") | Z13: Semana 2 | AA13: 46062 | AB13: Prazo_30 | AC13: =_xlfn.XLOOKUP(GERAL[[#This Row],[Dia]],AI:AI,AJ:AJ,"")
A14: =_xlfn.XLOOKUP(GERAL[[#This Row],[Dia]],AA:AA,Z:Z,"") | B14: 45973 | C14: quarta-feira | D14: 45973 | W14: Morro do Tetéu | X14: =_xlfn.XLOOKUP(GERAL[[#This Row],[Dia]],AA:AA,AB:AB,"") | Z14: Semana 2 | AA14: 46063 | AB14: Prazo_30 | AC14: =_xlfn.XLOOKUP(GERAL[[#This Row],[Dia]],AI:AI,AJ:AJ,"")
A15: =_xlfn.XLOOKUP(GERAL[[#This Row],[Dia]],AA:AA,Z:Z,"") | B15: 45974 | C15: quinta-feira | D15: 45974 | W15: Morro do Tetéu | X15: =_xlfn.XLOOKUP(GERAL[[#This Row],[Dia]],AA:AA,AB:AB,"") | Z15: Semana 2 | AA15: 46064 | AB15: Prazo_30 | AC15: =_xlfn.XLOOKUP(GERAL[[#This Row],[Dia]],AI:AI,AJ:AJ,"")
A16: =_xlfn.XLOOKUP(GERAL[[#This Row],[Dia]],AA:AA,Z:Z,"") | B16: 45975 | C16: sexta-feira | D16: 45975 | W16: Morro do Tetéu | X16: =_xlfn.XLOOKUP(GERAL[[#This Row],[Dia]],AA:AA,AB:AB,"") | Z16: Semana 2 | AA16: 46065 | AB16: Prazo_30 | AC16: =_xlfn.XLOOKUP(GERAL[[#This Row],[Dia]],AI:AI,AJ:AJ,"")
A17: =_xlfn.XLOOKUP(GERAL[[#This Row],[Dia]],AA:AA,Z:Z,"") | B17: 45976 | C17: sábado | D17: 45976 | E17: NÃO | W17: Morro do Tetéu | X17: =_xlfn.XLOOKUP(GERAL[[#This Row],[Dia]],AA:AA,AB:AB,"") | Z17: Semana 2 | AA17: 46066 | AB17: Prazo_30 | AC17: =_xlfn.XLOOKUP(GERAL[[#This Row],[Dia]],AI:AI,AJ:AJ,"")
A18: =_xlfn.XLOOKUP(GERAL[[#This Row],[Dia]],AA:AA,Z:Z,"") | B18: 45977 | C18: domingo | D18: 45977 | E18: NÃO | W18: Morro do Tetéu | X18: =_xlfn.XLOOKUP(GERAL[[#This Row],[Dia]],AA:AA,AB:AB,"") | Z18: Semana 2 | AA18: 46067 | AB18: Prazo_30 | AC18: =_xlfn.XLOOKUP(GERAL[[#This Row],[Dia]],AI:AI,AJ:AJ,"")
A19: =_xlfn.XLOOKUP(GERAL[[#This Row],[Dia]],AA:AA,Z:Z,"") | B19: 45978 | C19: segunda-feira | D19: 45978 | W19: Morro do Tetéu | X19: =_xlfn.XLOOKUP(GERAL[[#This Row],[Dia]],AA:AA,AB:AB,"") | Z19: Semana 3 | AA19: 46068 | AB19: Prazo_30 | AC19: =_xlfn.XLOOKUP(GERAL[[#This Row],[Dia]],AI:AI,AJ:AJ,"")
A20: =_xlfn.XLOOKUP(GERAL[[#This Row],[Dia]],AA:AA,Z:Z,"") | B20: 45979 | C20: terça-feira | D20: 45979 | W20: Morro do Tetéu | X20: =_xlfn.XLOOKUP(GERAL[[#This Row],[Dia]],AA:AA,AB:AB,"") | Z20: Semana 3 | AA20: 46069 | AB20: Prazo_30 | AC20: =_xlfn.XLOOKUP(GERAL[[#This Row],[Dia]],AI:AI,AJ:AJ,"")
A21: =_xlfn.XLOOKUP(GERAL[[#This Row],[Dia]],AA:AA,Z:Z,"") | B21: 45980 | C21: quarta-feira | D21: 45980 | W21: Morro do Tetéu | X21: =_xlfn.XLOOKUP(GERAL[[#This Row],[Dia]],AA:AA,AB:AB,"") | Z21: Semana 3 | AA21: 46070 | AB21: Prazo_30 | AC21: =_xlfn.XLOOKUP(GERAL[[#This Row],[Dia]],AI:AI,AJ:AJ,"")
A22: =_xlfn.XLOOKUP(GERAL[[#This Row],[Dia]],AA:AA,Z:Z,"") | B22: 45981 | C22: quinta-feira | D22: 45981 | W22: Morro do Tetéu | X22: =_xlfn.XLOOKUP(GERAL[[#This Row],[Dia]],AA:AA,AB:AB,"") | Z22: Semana 3 | AA22: 46071 | AB22: Prazo_30 | AC22: =_xlfn.XLOOKUP(GERAL[[#This Row],[Dia]],AI:AI,AJ:AJ,"")
A23: =_xlfn.XLOOKUP(GERAL[[#This Row],[Dia]],AA:AA,Z:Z,"") | B23: 45982 | C23: sexta-feira | D23: 45982 | W23: Morro do Tetéu | X23: =_xlfn.XLOOKUP(GERAL[[#This Row],[Dia]],AA:AA,AB:AB,"") | Z23: Semana 3 | AA23: 46072 | AB23: Prazo_30 | AC23: =_xlfn.XLOOKUP(GERAL[[#This Row],[Dia]],AI:AI,AJ:AJ,"")
A24: =_xlfn.XLOOKUP(GERAL[[#This Row],[Dia]],AA:AA,Z:Z,"") | B24: 45983 | C24: sábado | D24: 45983 | E24: NÃO | W24: Morro do Tetéu | X24: =_xlfn.XLOOKUP(GERAL[[#This Row],[Dia]],AA:AA,AB:AB,"") | Z24: Semana 3 | AA24: 46073 | AB24: Prazo_30 | AC24: =_xlfn.XLOOKUP(GERAL[[#This Row],[Dia]],AI:AI,AJ:AJ,"")
A25: =_xlfn.XLOOKUP(GERAL[[#This Row],[Dia]],AA:AA,Z:Z,"") | B25: 45984 | C25: domingo | D25: 45984 | E25: NÃO | W25: Morro do Tetéu | X25: =_xlfn.XLOOKUP(GERAL[[#This Row],[Dia]],AA:AA,AB:AB,"") | Z25: Semana 3 | AA25: 46074 | AB25: Prazo_30 | AC25: =_xlfn.XLOOKUP(GERAL[[#This Row],[Dia]],AI:AI,AJ:AJ,"")
A26: =_xlfn.XLOOKUP(GERAL[[#This Row],[Dia]],AA:AA,Z:Z,"") | B26: 45985 | C26: segunda-feira | D26: 45985 | W26: Morro do Tetéu | X26: =_xlfn.XLOOKUP(GERAL[[#This Row],[Dia]],AA:AA,AB:AB,"") | Z26: Semana 4 | AA26: 46075 | AB26: Prazo_30 | AC26: =_xlfn.XLOOKUP(GERAL[[#This Row],[Dia]],AI:AI,AJ:AJ,"")
A27: =_xlfn.XLOOKUP(GERAL[[#This Row],[Dia]],AA:AA,Z:Z,"") | B27: 45986 | C27: terça-feira | D27: 45986 | W27: Morro do Tetéu | X27: =_xlfn.XLOOKUP(GERAL[[#This Row],[Dia]],AA:AA,AB:AB,"") | Z27: Semana 4 | AA27: 46076 | AB27: Prazo_30 | AC27: =_xlfn.XLOOKUP(GERAL[[#This Row],[Dia]],AI:AI,AJ:AJ,"")
A28: =_xlfn.XLOOKUP(GERAL[[#This Row],[Dia]],AA:AA,Z:Z,"") | B28: 45987 | C28: quarta-feira | D28: 45987 | W28: Morro do Tetéu | X28: =_xlfn.XLOOKUP(GERAL[[#This Row],[Dia]],AA:AA,AB:AB,"") | Z28: Semana 4 | AA28: 46077 | AB28: Prazo_30 | AC28: =_xlfn.XLOOKUP(GERAL[[#This Row],[Dia]],AI:AI,AJ:AJ,"")
A29: =_xlfn.XLOOKUP(GERAL[[#This Row],[Dia]],AA:AA,Z:Z,"") | B29: 45988 | C29: quinta-feira | D29: 45988 | W29: Morro do Tetéu | X29: =_xlfn.XLOOKUP(GERAL[[#This Row],[Dia]],AA:AA,AB:AB,"") | Z29: Semana 4 | AA29: 46078 | AB29: Prazo_30 | AC29: =_xlfn.XLOOKUP(GERAL[[#This Row],[Dia]],AI:AI,AJ:AJ,"")
A30: =_xlfn.XLOOKUP(GERAL[[#This Row],[Dia]],AA:AA,Z:Z,"") | B30: 45989 | C30: sexta-feira | D30: 45989 | W30: Morro do Tetéu | X30: =_xlfn.XLOOKUP(GERAL[[#This Row],[Dia]],AA:AA,AB:AB,"") | Z30: Semana 4 | AA30: 46079 | AB30: Prazo_30 | AC30: =_xlfn.XLOOKUP(GERAL[[#This Row],[Dia]],AI:AI,AJ:AJ,"")
A31: =_xlfn.XLOOKUP(GERAL[[#This Row],[Dia]],AA:AA,Z:Z,"") | B31: 45990 | C31: sábado | D31: 45990 | E31: NÃO | W31: Morro do Tetéu | X31: =_xlfn.XLOOKUP(GERAL[[#This Row],[Dia]],AA:AA,AB:AB,"") | Z31: Semana 4 | AA31: 46080 | AB31: Prazo_30 | AC31: =_xlfn.XLOOKUP(GERAL[[#This Row],[Dia]],AI:AI,AJ:AJ,"")
A32: =_xlfn.XLOOKUP(GERAL[[#This Row],[Dia]],AA:AA,Z:Z,"") | B32: 45991 | C32: domingo | D32: 45991 | E32: NÃO | W32: Morro do Tetéu | X32: =_xlfn.XLOOKUP(GERAL[[#This Row],[Dia]],AA:AA,AB:AB,"") | Z32: Semana 4 | AA32: 46081 | AB32: Prazo_30 | AC32: =_xlfn.XLOOKUP(GERAL[[#This Row],[Dia]],AI:AI,AJ:AJ,"")
A33: =_xlfn.XLOOKUP(GERAL[[#This Row],[Dia]],AA:AA,Z:Z,"") | B33: 45992 | C33: segunda-feira | D33: 45992 | W33: Morro do Tetéu | X33: =_xlfn.XLOOKUP(GERAL[[#This Row],[Dia]],AA:AA,AB:AB,"") | Z33: Semana 5 | AA33: 46082 | AB33: Prazo_30 | AC33: =_xlfn.XLOOKUP(GERAL[[#This Row],[Dia]],AI:AI,AJ:AJ,"")
A34: =_xlfn.XLOOKUP(GERAL[[#This Row],[Dia]],AA:AA,Z:Z,"") | B34: 45993 | C34: terça-feira | D34: 45993 | W34: Morro do Tetéu | X34: =_xlfn.XLOOKUP(GERAL[[#This Row],[Dia]],AA:AA,AB:AB,"") | Z34: Semana 5 | AA34: 46083 | AB34: Prazo_30 | AC34: =_xlfn.XLOOKUP(GERAL[[#This Row],[Dia]],AI:AI,AJ:AJ,"")
A35: =_xlfn.XLOOKUP(GERAL[[#This Row],[Dia]],AA:AA,Z:Z,"") | B35: 45994 | C35: quarta-feira | D35: 45994 | W35: Morro do Tetéu | X35: =_xlfn.XLOOKUP(GERAL[[#This Row],[Dia]],AA:AA,AB:AB,"") | Z35: Semana 5 | AA35: 46083 | AB35: Prazo_30 | AC35: =_xlfn.XLOOKUP(GERAL[[#This Row],[Dia]],AI:AI,AJ:AJ,"")
A36: =_xlfn.XLOOKUP(GERAL[[#This Row],[Dia]],AA:AA,Z:Z,"") | B36: 45995 | C36: quinta-feira | D36: 45995 | W36: Morro do Tetéu | X36: =_xlfn.XLOOKUP(GERAL[[#This Row],[Dia]],AA:AA,AB:AB,"") | Z36: Semana 5 | AA36: 46083 | AB36: Prazo_30 | AC36: =_xlfn.XLOOKUP(GERAL[[#This Row],[Dia]],AI:AI,AJ:AJ,"")
A37: =_xlfn.XLOOKUP(GERAL[[#This Row],[Dia]],AA:AA,Z:Z,"") | B37: 45996 | C37: sexta-feira | D37: 45996 | W37: Morro do Tetéu | X37: =_xlfn.XLOOKUP(GERAL[[#This Row],[Dia]],AA:AA,AB:AB,"") | Z37: Semana 5 | AA37: 46083 | AB37: Prazo_30 | AC37: =_xlfn.XLOOKUP(GERAL[[#This Row],[Dia]],AI:AI,AJ:AJ,"")
A38: =_xlfn.XLOOKUP(GERAL[[#This Row],[Dia]],AA:AA,Z:Z,"") | B38: 45997 | C38: sábado | D38: 45997 | E38: NÃO | W38: Morro do Tetéu | X38: =_xlfn.XLOOKUP(GERAL[[#This Row],[Dia]],AA:AA,AB:AB,"") | Z38: Semana 5 | AA38: 46083 | AB38: Prazo_30 | AC38: =_xlfn.XLOOKUP(GERAL[[#This Row],[Dia]],AI:AI,AJ:AJ,"")
A39: =_xlfn.XLOOKUP(GERAL[[#This Row],[Dia]],AA:AA,Z:Z,"") | B39: 45998 | C39: domingo | D39: 45998 | E39: NÃO | W39: Morro do Tetéu | X39: =_xlfn.XLOOKUP(GERAL[[#This Row],[Dia]],AA:AA,AB:AB,"") | Z39: Semana 5 | AA39: 46083 | AB39: Prazo_30 | AC39: =_xlfn.XLOOKUP(GERAL[[#This Row],[Dia]],AI:AI,AJ:AJ,"")
A40: =_xlfn.XLOOKUP(GERAL[[#This Row],[Dia]],AA:AA,Z:Z,"") | B40: 45999 | C40: segunda-feira | D40: 45999 | W40: Morro do Tetéu | X40: =_xlfn.XLOOKUP(GERAL[[#This Row],[Dia]],AA:AA,AB:AB,"") | Z40: Semana 6 | AA40: 46083 | AB40: Prazo_30 | AC40: =_xlfn.XLOOKUP(GERAL[[#This Row],[Dia]],AI:AI,AJ:AJ,"")
A41: =_xlfn.XLOOKUP(GERAL[[#This Row],[Dia]],AA:AA,Z:Z,"") | B41: 46000 | C41: terça-feira | D41: 46000 | W41: Morro do Tetéu | X41: =_xlfn.XLOOKUP(GERAL[[#This Row],[Dia]],AA:AA,AB:AB,"") | Z41: Semana 6 | AA41: 46084 | AB41: Prazo_30 | AC41: =_xlfn.XLOOKUP(GERAL[[#This Row],[Dia]],AI:AI,AJ:AJ,"")
A42: =_xlfn.XLOOKUP(GERAL[[#This Row],[Dia]],AA:AA,Z:Z,"") | B42: 46001 | C42: quarta-feira | D42: 46001 | W42: Morro do Tetéu | X42: =_xlfn.XLOOKUP(GERAL[[#This Row],[Dia]],AA:AA,AB:AB,"") | Z42: Semana 6 | AA42: 46085 | AB42: Prazo_30 | AC42: =_xlfn.XLOOKUP(GERAL[[#This Row],[Dia]],AI:AI,AJ:AJ,"")
A43: =_xlfn.XLOOKUP(GERAL[[#This Row],[Dia]],AA:AA,Z:Z,"") | B43: 46002 | C43: quinta-feira | D43: 46002 | W43: Morro do Tetéu | X43: =_xlfn.XLOOKUP(GERAL[[#This Row],[Dia]],AA:AA,AB:AB,"") | Z43: Semana 6 | AA43: 46086 | AB43: Prazo_30 | AC43: =_xlfn.XLOOKUP(GERAL[[#This Row],[Dia]],AI:AI,AJ:AJ,"")
A44: =_xlfn.XLOOKUP(GERAL[[#This Row],[Dia]],AA:AA,Z:Z,"") | B44: 46003 | C44: sexta-feira | D44: 46003 | W44: Morro do Tetéu | X44: =_xlfn.XLOOKUP(GERAL[[#This Row],[Dia]],AA:AA,AB:AB,"") | Z44: Semana 6 | AA44: 46087 | AB44: Prazo_30 | AC44: =_xlfn.XLOOKUP(GERAL[[#This Row],[Dia]],AI:AI,AJ:AJ,"")
A45: =_xlfn.XLOOKUP(GERAL[[#This Row],[Dia]],AA:AA,Z:Z,"") | B45: 46004 | C45: sábado | D45: 46004 | E45: NÃO | W45: Morro do Tetéu | X45: =_xlfn.XLOOKUP(GERAL[[#This Row],[Dia]],AA:AA,AB:AB,"") | Z45: Semana 6 | AA45: 46088 | AB45: Prazo_30 | AC45: =_xlfn.XLOOKUP(GERAL[[#This Row],[Dia]],AI:AI,AJ:AJ,"")
A46: =_xlfn.XLOOKUP(GERAL[[#This Row],[Dia]],AA:AA,Z:Z,"") | B46: 46005 | C46: domingo | D46: 46005 | E46: NÃO | W46: Morro do Tetéu | X46: =_xlfn.XLOOKUP(GERAL[[#This Row],[Dia]],AA:AA,AB:AB,"") | Z46: Semana 6 | AA46: 46089 | AB46: Prazo_30 | AC46: =_xlfn.XLOOKUP(GERAL[[#This Row],[Dia]],AI:AI,AJ:AJ,"")
A47: =_xlfn.XLOOKUP(GERAL[[#This Row],[Dia]],AA:AA,Z:Z,"") | B47: 46006 | C47: segunda-feira | D47: 46006 | W47: Morro do Tetéu | X47: =_xlfn.XLOOKUP(GERAL[[#This Row],[Dia]],AA:AA,AB:AB,"") | Z47: Semana 7 | AA47: 46090 | AB47: Prazo_30 | AC47: =_xlfn.XLOOKUP(GERAL[[#This Row],[Dia]],AI:AI,AJ:AJ,"")
A48: =_xlfn.XLOOKUP(GERAL[[#This Row],[Dia]],AA:AA,Z:Z,"") | B48: 46007 | C48: terça-feira | D48: 46007 | W48: Morro do Tetéu | X48: =_xlfn.XLOOKUP(GERAL[[#This Row],[Dia]],AA:AA,AB:AB,"") | Z48: Semana 7 | AA48: 46091 | AB48: Prazo_30 | AC48: =_xlfn.XLOOKUP(GERAL[[#This Row],[Dia]],AI:AI,AJ:AJ,"")
A49: =_xlfn.XLOOKUP(GERAL[[#This Row],[Dia]],AA:AA,Z:Z,"") | B49: 46008 | C49: quarta-feira | D49: 46008 | W49: Morro do Tetéu | X49: =_xlfn.XLOOKUP(GERAL[[#This Row],[Dia]],AA:AA,AB:AB,"") | Z49: Semana 7 | AA49: 46092 | AB49: Prazo_30 | AC49: =_xlfn.XLOOKUP(GERAL[[#This Row],[Dia]],AI:AI,AJ:AJ,"")
A50: =_xlfn.XLOOKUP(GERAL[[#This Row],[Dia]],AA:AA,Z:Z,"") | B50: 46009 | C50: quinta-feira | D50: 46009 | W50: Morro do Tetéu | X50: =_xlfn.XLOOKUP(GERAL[[#This Row],[Dia]],AA:AA,AB:AB,"") | Z50: Semana 7 | AA50: 46093 | AB50: Prazo_30 | AC50: =_xlfn.XLOOKUP(GERAL[[#This Row],[Dia]],AI:AI,AJ:AJ,"")
A51: =_xlfn.XLOOKUP(GERAL[[#This Row],[Dia]],AA:AA,Z:Z,"") | B51: 46010 | C51: sexta-feira | D51: 46010 | W51: Morro do Tetéu | X51: =_xlfn.XLOOKUP(GERAL[[#This Row],[Dia]],AA:AA,AB:AB,"") | Z51: Semana 7 | AA51: 46094 | AB51: Prazo_30 | AC51: =_xlfn.XLOOKUP(GERAL[[#This Row],[Dia]],AI:AI,AJ:AJ,"")
A52: =_xlfn.XLOOKUP(GERAL[[#This Row],[Dia]],AA:AA,Z:Z,"") | B52: 46011 | C52: sábado | D52: 46011 | E52: NÃO | W52: Morro do Tetéu | X52: =_xlfn.XLOOKUP(GERAL[[#This Row],[Dia]],AA:AA,AB:AB,"") | Z52: Semana 7 | AA52: 46095 | AB52: Prazo_30 | AC52: =_xlfn.XLOOKUP(GERAL[[#This Row],[Dia]],AI:AI,AJ:AJ,"")
A53: =_xlfn.XLOOKUP(GERAL[[#This Row],[Dia]],AA:AA,Z:Z,"") | B53: 46012 | C53: domingo | D53: 46012 | E53: NÃO | W53: Morro do Tetéu | X53: =_xlfn.XLOOKUP(GERAL[[#This Row],[Dia]],AA:AA,AB:AB,"") | Z53: Semana 7 | AA53: 46096 | AB53: Prazo_30 | AC53: =_xlfn.XLOOKUP(GERAL[[#This Row],[Dia]],AI:AI,AJ:AJ,"")
A54: =_xlfn.XLOOKUP(GERAL[[#This Row],[Dia]],AA:AA,Z:Z,"") | B54: 46013 | C54: segunda-feira | D54: 46013 | W54: Morro do Tetéu | X54: =_xlfn.XLOOKUP(GERAL[[#This Row],[Dia]],AA:AA,AB:AB,"") | Z54: Semana 8 | AA54: 46097 | AB54: Prazo_30 | AC54: =_xlfn.XLOOKUP(GERAL[[#This Row],[Dia]],AI:AI,AJ:AJ,"")
A55: =_xlfn.XLOOKUP(GERAL[[#This Row],[Dia]],AA:AA,Z:Z,"") | B55: 46014 | C55: terça-feira | D55: 46014 | W55: Morro do Tetéu | X55: =_xlfn.XLOOKUP(GERAL[[#This Row],[Dia]],AA:AA,AB:AB,"") | Z55: Semana 8 | AA55: 46098 | AB55: Prazo_30 | AC55: =_xlfn.XLOOKUP(GERAL[[#This Row],[Dia]],AI:AI,AJ:AJ,"")
A56: =_xlfn.XLOOKUP(GERAL[[#This Row],[Dia]],AA:AA,Z:Z,"") | B56: 46015 | C56: quarta-feira | D56: 46015 | W56: Morro do Tetéu | X56: =_xlfn.XLOOKUP(GERAL[[#This Row],[Dia]],AA:AA,AB:AB,"") | Z56: Semana 8 | AA56: 46099 | AB56: Prazo_30 | AC56: =_xlfn.XLOOKUP(GERAL[[#This Row],[Dia]],AI:AI,AJ:AJ,"")
A57: =_xlfn.XLOOKUP(GERAL[[#This Row],[Dia]],AA:AA,Z:Z,"") | B57: 46016 | C57: quinta-feira | D57: 46016 | W57: Morro do Tetéu | X57: =_xlfn.XLOOKUP(GERAL[[#This Row],[Dia]],AA:AA,AB:AB,"") | Z57: Semana 8 | AA57: 46100 | AB57: Prazo_30 | AC57: =_xlfn.XLOOKUP(GERAL[[#This Row],[Dia]],AI:AI,AJ:AJ,"")
A58: =_xlfn.XLOOKUP(GERAL[[#This Row],[Dia]],AA:AA,Z:Z,"") | B58: 46017 | C58: sexta-feira | D58: 46017 | W58: Morro do Tetéu | X58: =_xlfn.XLOOKUP(GERAL[[#This Row],[Dia]],AA:AA,AB:AB,"") | Z58: Semana 8 | AA58: 46101 | AB58: Prazo_30 | AC58: =_xlfn.XLOOKUP(GERAL[[#This Row],[Dia]],AI:AI,AJ:AJ,"")
A59: =_xlfn.XLOOKUP(GERAL[[#This Row],[Dia]],AA:AA,Z:Z,"") | B59: 46018 | C59: sábado | D59: 46018 | E59: NÃO | W59: Morro do Tetéu | X59: =_xlfn.XLOOKUP(GERAL[[#This Row],[Dia]],AA:AA,AB:AB,"") | Z59: Semana 8 | AA59: 46102 | AB59: Prazo_30 | AC59: =_xlfn.XLOOKUP(GERAL[[#This Row],[Dia]],AI:AI,AJ:AJ,"")
A60: =_xlfn.XLOOKUP(GERAL[[#This Row],[Dia]],AA:AA,Z:Z,"") | B60: 46019 | C60: domingo | D60: 46019 | E60: NÃO | W60: Morro do Tetéu | X60: =_xlfn.XLOOKUP(GERAL[[#This Row],[Dia]],AA:AA,AB:AB,"") | Z60: Semana 8 | AA60: 46103 | AB60: Prazo_30 | AC60: =_xlfn.XLOOKUP(GERAL[[#This Row],[Dia]],AI:AI,AJ:AJ,"")
A61: =_xlfn.XLOOKUP(GERAL[[#This Row],[Dia]],AA:AA,Z:Z,"") | B61: 46020 | C61: segunda-feira | D61: 46020 | W61: Morro do Tetéu | X61: =_xlfn.XLOOKUP(GERAL[[#This Row],[Dia]],AA:AA,AB:AB,"") | Z61: Semana 9 | AA61: 46104 | AB61: Prazo_30 | AC61: =_xlfn.XLOOKUP(GERAL[[#This Row],[Dia]],AI:AI,AJ:AJ,"")
A62: =_xlfn.XLOOKUP(GERAL[[#This Row],[Dia]],AA:AA,Z:Z,"") | B62: 46021 | C62: terça-feira | D62: 46021 | W62: Morro do Tetéu | X62: =_xlfn.XLOOKUP(GERAL[[#This Row],[Dia]],AA:AA,AB:AB,"") | Z62: Semana 9 | AA62: 46105 | AB62: Prazo_30 | AC62: =_xlfn.XLOOKUP(GERAL[[#This Row],[Dia]],AI:AI,AJ:AJ,"")
A63: =_xlfn.XLOOKUP(GERAL[[#This Row],[Dia]],AA:AA,Z:Z,"") | B63: 46022 | C63: quarta-feira | D63: 46022 | W63: Morro do Tetéu | X63: =_xlfn.XLOOKUP(GERAL[[#This Row],[Dia]],AA:AA,AB:AB,"") | Z63: Semana 9 | AA63: 46106 | AB63: Prazo_30 | AC63: =_xlfn.XLOOKUP(GERAL[[#This Row],[Dia]],AI:AI,AJ:AJ,"")
A64: =_xlfn.XLOOKUP(GERAL[[#This Row],[Dia]],AA:AA,Z:Z,"") | B64: 46023 | C64: quinta-feira | D64: 46023 | W64: Morro do Tetéu | X64: =_xlfn.XLOOKUP(GERAL[[#This Row],[Dia]],AA:AA,AB:AB,"") | Z64: Semana 9 | AA64: 46107 | AB64: Prazo_30 | AC64: =_xlfn.XLOOKUP(GERAL[[#This Row],[Dia]],AI:AI,AJ:AJ,"")
A65: =_xlfn.XLOOKUP(GERAL[[#This Row],[Dia]],AA:AA,Z:Z,"") | B65: 46024 | C65: sexta-feira | D65: 46024 | W65: Morro do Tetéu | X65: =_xlfn.XLOOKUP(GERAL[[#This Row],[Dia]],AA:AA,AB:AB,"") | Z65: Semana 9 | AA65: 46108 | AB65: Prazo_30 | AC65: =_xlfn.XLOOKUP(GERAL[[#This Row],[Dia]],AI:AI,AJ:AJ,"")
A66: =_xlfn.XLOOKUP(GERAL[[#This Row],[Dia]],AA:AA,Z:Z,"") | B66: 46025 | C66: sábado | D66: 46025 | E66: NÃO | W66: Morro do Tetéu | X66: =_xlfn.XLOOKUP(GERAL[[#This Row],[Dia]],AA:AA,AB:AB,"") | Z66: Semana 9 | AA66: 46109 | AB66: Prazo_30 | AC66: =_xlfn.XLOOKUP(GERAL[[#This Row],[Dia]],AI:AI,AJ:AJ,"")
A67: =_xlfn.XLOOKUP(GERAL[[#This Row],[Dia]],AA:AA,Z:Z,"") | B67: 46026 | C67: domingo | D67: 46026 | E67: NÃO | W67: Morro do Tetéu | X67: =_xlfn.XLOOKUP(GERAL[[#This Row],[Dia]],AA:AA,AB:AB,"") | Z67: Semana 9 | AA67: 46110 | AB67: Prazo_30 | AC67: =_xlfn.XLOOKUP(GERAL[[#This Row],[Dia]],AI:AI,AJ:AJ,"")
A68: =_xlfn.XLOOKUP(GERAL[[#This Row],[Dia]],AA:AA,Z:Z,"") | B68: 46027 | C68: segunda-feira | D68: 46027 | W68: Morro do Tetéu | X68: =_xlfn.XLOOKUP(GERAL[[#This Row],[Dia]],AA:AA,AB:AB,"") | Z68: Semana 10 | AA68: 46111 | AB68: Prazo_30 | AC68: =_xlfn.XLOOKUP(GERAL[[#This Row],[Dia]],AI:AI,AJ:AJ,"")
A69: =_xlfn.XLOOKUP(GERAL[[#This Row],[Dia]],AA:AA,Z:Z,"") | B69: 46028 | C69: terça-feira | D69: 46028 | W69: Morro do Tetéu | X69: =_xlfn.XLOOKUP(GERAL[[#This Row],[Dia]],AA:AA,AB:AB,"") | Z69: Semana 10 | AA69: 46112 | AB69: Prazo_30 | AC69: =_xlfn.XLOOKUP(GERAL[[#This Row],[Dia]],AI:AI,AJ:AJ,"")
A70: =_xlfn.XLOOKUP(GERAL[[#This Row],[Dia]],AA:AA,Z:Z,"") | B70: 46029 | C70: quarta-feira | D70: 46029 | W70: Morro do Tetéu | X70: =_xlfn.XLOOKUP(GERAL[[#This Row],[Dia]],AA:AA,AB:AB,"") | Z70: Semana 10 | AA70: 46113 | AB70: Prazo_30 | AC70: =_xlfn.XLOOKUP(GERAL[[#This Row],[Dia]],AI:AI,AJ:AJ,"")
A71: =_xlfn.XLOOKUP(GERAL[[#This Row],[Dia]],AA:AA,Z:Z,"") | B71: 46030 | C71: quinta-feira | D71: 46030 | W71: Morro do Tetéu | X71: =_xlfn.XLOOKUP(GERAL[[#This Row],[Dia]],AA:AA,AB:AB,"") | Z71: Semana 10 | AA71: 46114 | AB71: Prazo_30 | AC71: =_xlfn.XLOOKUP(GERAL[[#This Row],[Dia]],AI:AI,AJ:AJ,"")
A72: =_xlfn.XLOOKUP(GERAL[[#This Row],[Dia]],AA:AA,Z:Z,"") | B72: 46031 | C72: sexta-feira | D72: 46031 | E72: SIM | F72: ∑ Equipe até 28/02 - MT | G72: Diversas até 28/02 - MT | H72: 6 | I72: 6 | M72: 57 | T72: 17 | W72: Morro do Tetéu | X72: =_xlfn.XLOOKUP(GERAL[[#This Row],[Dia]],AA:AA,AB:AB,"") | Z72: Semana 10 | AA72: 46115 | AB72: Prazo_30 | AC72: =_xlfn.XLOOKUP(GERAL[[#This Row],[Dia]],AI:AI,AJ:AJ,"")
A73: =_xlfn.XLOOKUP(GERAL[[#This Row],[Dia]],AA:AA,Z:Z,"") | B73: 46032 | C73: sábado | D73: 46032 | E73: SIM | F73: ∑ Equipe até 28/02 - MT | G73: Diversas até 28/02 - MT | H73: 5 | J73: 20 | M73: 57 | T73: 23 | W73: Morro do Tetéu | X73: =_xlfn.XLOOKUP(GERAL[[#This Row],[Dia]],AA:AA,AB:AB,"") | Z73: Semana 10 | AA73: 46116 | AB73: Prazo_30 | AC73: =_xlfn.XLOOKUP(GERAL[[#This Row],[Dia]],AI:AI,AJ:AJ,"")
A74: =_xlfn.XLOOKUP(GERAL[[#This Row],[Dia]],AA:AA,Z:Z,"") | B74: 46033 | C74: domingo | D74: 46033 | E74: NÃO | W74: Morro do Tetéu | X74: =_xlfn.XLOOKUP(GERAL[[#This Row],[Dia]],AA:AA,AB:AB,"") | Z74: Semana 10 | AA74: 46117 | AB74: Prazo_30 | AC74: =_xlfn.XLOOKUP(GERAL[[#This Row],[Dia]],AI:AI,AJ:AJ,"")
A75: =_xlfn.XLOOKUP(GERAL[[#This Row],[Dia]],AA:AA,Z:Z,"") | B75: 46034 | C75: segunda-feira | D75: 46034 | E75: SIM | F75: ∑ Equipe até 28/02 - MT | G75: Diversas até 28/02 - MT | H75: 6 | I75: 13 | J75: 3 | M75: 44 | T75: 28 | W75: Morro do Tetéu | X75: =_xlfn.XLOOKUP(GERAL[[#This Row],[Dia]],AA:AA,AB:AB,"") | Z75: Semana 11 | AA75: 46118 | AB75: Prazo_30 | AC75: =_xlfn.XLOOKUP(GERAL[[#This Row],[Dia]],AI:AI,AJ:AJ,"")
A76: =_xlfn.XLOOKUP(GERAL[[#This Row],[Dia]],AA:AA,Z:Z,"") | B76: 46035 | C76: terça-feira | D76: 46035 | E76: SIM | F76: ∑ Equipe até 28/02 - MT | G76: Diversas até 28/02 - MT | H76: 6 | I76: 15 | J76: 22 | M76: 35 | W76: Morro do Tetéu | X76: =_xlfn.XLOOKUP(GERAL[[#This Row],[Dia]],AA:AA,AB:AB,"") | Z76: Semana 11 | AA76: 46119 | AB76: Prazo_30 | AC76: =_xlfn.XLOOKUP(GERAL[[#This Row],[Dia]],AI:AI,AJ:AJ,"")
A77: =_xlfn.XLOOKUP(GERAL[[#This Row],[Dia]],AA:AA,Z:Z,"") | B77: 46036 | C77: quarta-feira | D77: 46036 | E77: SIM | F77: ∑ Equipe até 28/02 - MT | G77: Diversas até 28/02 - MT | H77: 5 | I77: 8 | M77: 37 | W77: Morro do Tetéu | X77: =_xlfn.XLOOKUP(GERAL[[#This Row],[Dia]],AA:AA,AB:AB,"") | Z77: Semana 11 | AA77: 46120 | AB77: Prazo_30 | AC77: =_xlfn.XLOOKUP(GERAL[[#This Row],[Dia]],AI:AI,AJ:AJ,"")
A78: =_xlfn.XLOOKUP(GERAL[[#This Row],[Dia]],AA:AA,Z:Z,"") | B78: 46037 | C78: quinta-feira | D78: 46037 | E78: SIM | F78: ∑ Equipe até 28/02 - MT | G78: Diversas até 28/02 - MT | H78: 11 | I78: 11 | J78: 51 | M78: 45 | T78: 1 | W78: Morro do Tetéu | X78: =_xlfn.XLOOKUP(GERAL[[#This Row],[Dia]],AA:AA,AB:AB,"") | Z78: Semana 11 | AA78: 46121 | AB78: Prazo_30 | AC78: =_xlfn.XLOOKUP(GERAL[[#This Row],[Dia]],AI:AI,AJ:AJ,"")
A79: =_xlfn.XLOOKUP(GERAL[[#This Row],[Dia]],AA:AA,Z:Z,"") | B79: 46038 | C79: sexta-feira | D79: 46038 | E79: SIM | F79: ∑ Equipe até 28/02 - MT | G79: Diversas até 28/02 - MT | H79: 8 | I79: 2 | J79: 29 | M79: 46 | W79: Morro do Tetéu | X79: =_xlfn.XLOOKUP(GERAL[[#This Row],[Dia]],AA:AA,AB:AB,"") | Z79: Semana 11 | AA79: 46122 | AB79: Prazo_30 | AC79: =_xlfn.XLOOKUP(GERAL[[#This Row],[Dia]],AI:AI,AJ:AJ,"")
A80: =_xlfn.XLOOKUP(GERAL[[#This Row],[Dia]],AA:AA,Z:Z,"") | B80: 46039 | C80: sábado | D80: 46039 | E80: SIM | F80: ∑ Equipe até 28/02 - MT | G80: Diversas até 28/02 - MT | H80: 9 | W80: Morro do Tetéu | X80: =_xlfn.XLOOKUP(GERAL[[#This Row],[Dia]],AA:AA,AB:AB,"") | Z80: Semana 11 | AA80: 46123 | AB80: Prazo_30 | AC80: =_xlfn.XLOOKUP(GERAL[[#This Row],[Dia]],AI:AI,AJ:AJ,"")
A81: =_xlfn.XLOOKUP(GERAL[[#This Row],[Dia]],AA:AA,Z:Z,"") | B81: 46040 | C81: domingo | D81: 46040 | E81: NÃO | W81: Morro do Tetéu | X81: =_xlfn.XLOOKUP(GERAL[[#This Row],[Dia]],AA:AA,AB:AB,"") | Z81: Semana 11 | AA81: 46124 | AB81: Prazo_30 | AC81: =_xlfn.XLOOKUP(GERAL[[#This Row],[Dia]],AI:AI,AJ:AJ,"")
A82: =_xlfn.XLOOKUP(GERAL[[#This Row],[Dia]],AA:AA,Z:Z,"") | B82: 46041 | C82: segunda-feira | D82: 46041 | E82: SIM | F82: ∑ Equipe até 28/02 - MT | G82: Diversas até 28/02 - MT | H82: 7 | I82: 3 | M82: 8 | W82: Morro do Tetéu | X82: =_xlfn.XLOOKUP(GERAL[[#This Row],[Dia]],AA:AA,AB:AB,"") | Z82: Semana 12 | AA82: 46125 | AB82: Prazo_30 | AC82: =_xlfn.XLOOKUP(GERAL[[#This Row],[Dia]],AI:AI,AJ:AJ,"")
A83: =_xlfn.XLOOKUP(GERAL[[#This Row],[Dia]],AA:AA,Z:Z,"") | B83: 46042 | C83: terça-feira | D83: 46042 | E83: SIM | F83: ∑ Equipe até 28/02 - MT | G83: Diversas até 28/02 - MT | H83: 4 | I83: 10 | J83: 8 | M83: 18 | W83: Morro do Tetéu | X83: =_xlfn.XLOOKUP(GERAL[[#This Row],[Dia]],AA:AA,AB:AB,"") | Z83: Semana 12 | AA83: 46126 | AB83: Prazo_30 | AC83: =_xlfn.XLOOKUP(GERAL[[#This Row],[Dia]],AI:AI,AJ:AJ,"")
A84: =_xlfn.XLOOKUP(GERAL[[#This Row],[Dia]],AA:AA,Z:Z,"") | B84: 46043 | C84: quarta-feira | D84: 46043 | E84: SIM | F84: ∑ Equipe até 28/02 - MT | G84: Diversas até 28/02 - MT | H84: 3 | I84: 7 | M84: 3 | S84: 1 | W84: Morro do Tetéu | X84: =_xlfn.XLOOKUP(GERAL[[#This Row],[Dia]],AA:AA,AB:AB,"") | Z84: Semana 12 | AA84: 46127 | AB84: Prazo_30 | AC84: =_xlfn.XLOOKUP(GERAL[[#This Row],[Dia]],AI:AI,AJ:AJ,"")
A85: =_xlfn.XLOOKUP(GERAL[[#This Row],[Dia]],AA:AA,Z:Z,"") | B85: 46044 | C85: quinta-feira | D85: 46044 | E85: SIM | F85: ∑ Equipe até 28/02 - MT | G85: Diversas até 28/02 - MT | H85: 3 | I85: 9 | M85: 17.1 | S85: 5 | W85: Morro do Tetéu | X85: =_xlfn.XLOOKUP(GERAL[[#This Row],[Dia]],AA:AA,AB:AB,"") | Z85: Semana 12 | AA85: 46128 | AB85: Prazo_30 | AC85: =_xlfn.XLOOKUP(GERAL[[#This Row],[Dia]],AI:AI,AJ:AJ,"")
A86: =_xlfn.XLOOKUP(GERAL[[#This Row],[Dia]],AA:AA,Z:Z,"") | B86: 46045 | C86: sexta-feira | D86: 46045 | E86: SIM | F86: ∑ Equipe até 28/02 - MT | G86: Diversas até 28/02 - MT | H86: 8 | I86: 11 | J86: 49 | M86: 18 | S86: 4 | W86: Morro do Tetéu | X86: =_xlfn.XLOOKUP(GERAL[[#This Row],[Dia]],AA:AA,AB:AB,"") | Z86: Semana 12 | AA86: 46129 | AB86: Prazo_30 | AC86: =_xlfn.XLOOKUP(GERAL[[#This Row],[Dia]],AI:AI,AJ:AJ,"")
A87: =_xlfn.XLOOKUP(GERAL[[#This Row],[Dia]],AA:AA,Z:Z,"") | B87: 46046 | C87: sábado | D87: 46046 | E87: NÃO | W87: Morro do Tetéu | X87: =_xlfn.XLOOKUP(GERAL[[#This Row],[Dia]],AA:AA,AB:AB,"") | Z87: Semana 12 | AA87: 46130 | AB87: Prazo_30 | AC87: =_xlfn.XLOOKUP(GERAL[[#This Row],[Dia]],AI:AI,AJ:AJ,"")
A88: =_xlfn.XLOOKUP(GERAL[[#This Row],[Dia]],AA:AA,Z:Z,"") | B88: 46047 | C88: domingo | D88: 46047 | E88: NÃO | W88: Morro do Tetéu | X88: =_xlfn.XLOOKUP(GERAL[[#This Row],[Dia]],AA:AA,AB:AB,"") | Z88: Semana 12 | AA88: 46131 | AB88: Prazo_30 | AC88: =_xlfn.XLOOKUP(GERAL[[#This Row],[Dia]],AI:AI,AJ:AJ,"")
A89: =_xlfn.XLOOKUP(GERAL[[#This Row],[Dia]],AA:AA,Z:Z,"") | B89: 46048 | C89: segunda-feira | D89: 46048 | E89: NÃO | W89: Morro do Tetéu | X89: =_xlfn.XLOOKUP(GERAL[[#This Row],[Dia]],AA:AA,AB:AB,"") | Z89: Semana 13 | AA89: 46132 | AB89: Prazo_30 | AC89: =_xlfn.XLOOKUP(GERAL[[#This Row],[Dia]],AI:AI,AJ:AJ,"")
A90: =_xlfn.XLOOKUP(GERAL[[#This Row],[Dia]],AA:AA,Z:Z,"") | B90: 46049 | C90: terça-feira | D90: 46049 | E90: SIM | F90: ∑ Equipe até 28/02 - MT | G90: Diversas até 28/02 - MT | H90: 3 | J90: 9 | M90: 18 | T90: 11 | W90: Morro do Tetéu | X90: =_xlfn.XLOOKUP(GERAL[[#This Row],[Dia]],AA:AA,AB:AB,"") | Z90: Semana 13 | AA90: 46133 | AB90: Prazo_30 | AC90: =_xlfn.XLOOKUP(GERAL[[#This Row],[Dia]],AI:AI,AJ:AJ,"")
A91: =_xlfn.XLOOKUP(GERAL[[#This Row],[Dia]],AA:AA,Z:Z,"") | B91: 46050 | C91: quarta-feira | D91: 46050 | E91: SIM | F91: ∑ Equipe até 28/02 - MT | G91: Diversas até 28/02 - MT | J91: 18 | M91: 43 | P91: 3 | T91: 8 | W91: Morro do Tetéu | X91: =_xlfn.XLOOKUP(GERAL[[#This Row],[Dia]],AA:AA,AB:AB,"") | Z91: Semana 13 | AA91: 46134 | AB91: Prazo_30 | AC91: =_xlfn.XLOOKUP(GERAL[[#This Row],[Dia]],AI:AI,AJ:AJ,"")
A92: =_xlfn.XLOOKUP(GERAL[[#This Row],[Dia]],AA:AA,Z:Z,"") | B92: 46051 | C92: quinta-feira | D92: 46051 | E92: SIM | F92: ∑ Equipe até 28/02 - MT | G92: Diversas até 28/02 - MT | H92: 11 | I92: 8 | J92: 8 | M92: 22 | P92: 4 | W92: Morro do Tetéu | X92: =_xlfn.XLOOKUP(GERAL[[#This Row],[Dia]],AA:AA,AB:AB,"") | Z92: Semana 13 | AA92: 46135 | AB92: Prazo_30 | AC92: =_xlfn.XLOOKUP(GERAL[[#This Row],[Dia]],AI:AI,AJ:AJ,"")
A93: =_xlfn.XLOOKUP(GERAL[[#This Row],[Dia]],AA:AA,Z:Z,"") -> Semana 1 | B93: 46052 | C93: sexta-feira | D93: 46052 | E93: SIM | F93: ∑ Equipe até 28/02 - MT | G93: Diversas até 28/02 - MT | H93: 4 | I93: 5 | J93: 18 | M93: 30 | P93: 1 | S93: 17 | W93: Morro do Tetéu | X93: =_xlfn.XLOOKUP(GERAL[[#This Row],[Dia]],AA:AA,AB:AB,"") -> Prazo_30 | Z93: Semana 13 | AA93: 46136 | AB93: Prazo_30 | AC93: =_xlfn.XLOOKUP(GERAL[[#This Row],[Dia]],AI:AI,AJ:AJ,"")
A94: =_xlfn.XLOOKUP(GERAL[[#This Row],[Dia]],AA:AA,Z:Z,"") -> Semana 1 | B94: 46053 | C94: sábado | D94: 46053 | E94: SIM | F94: ∑ Equipe até 28/02 - MT | G94: Diversas até 28/02 - MT | H94: 16 | J94: 3 | T94: 1 | W94: Morro do Tetéu | X94: =_xlfn.XLOOKUP(GERAL[[#This Row],[Dia]],AA:AA,AB:AB,"") -> Prazo_30 | Z94: Semana 13 | AA94: 46137 | AB94: Prazo_30 | AC94: =_xlfn.XLOOKUP(GERAL[[#This Row],[Dia]],AI:AI,AJ:AJ,"")
A95: =_xlfn.XLOOKUP(GERAL[[#This Row],[Dia]],AA:AA,Z:Z,"") -> Semana 1 | B95: 46054 | C95: domingo | D95: 46054 | E95: NÃO | W95: Morro do Tetéu | X95: =_xlfn.XLOOKUP(GERAL[[#This Row],[Dia]],AA:AA,AB:AB,"") -> Prazo_30 | Z95: Semana 13 | AA95: 46138 | AB95: Prazo_30 | AC95: =_xlfn.XLOOKUP(GERAL[[#This Row],[Dia]],AI:AI,AJ:AJ,"")
A96: =_xlfn.XLOOKUP(GERAL[[#This Row],[Dia]],AA:AA,Z:Z,"") -> Semana 1 | B96: 46055 | C96: segunda-feira | D96: 46055 | E96: SIM | F96: ∑ Equipe até 28/02 - MT | G96: Diversas até 28/02 - MT | J96: 63 | M96: 8 | S96: 6 | W96: Morro do Tetéu | X96: =_xlfn.XLOOKUP(GERAL[[#This Row],[Dia]],AA:AA,AB:AB,"") -> Prazo_30 | Z96: Semana 14 | AA96: 46139 | AB96: Prazo_30 | AC96: =_xlfn.XLOOKUP(GERAL[[#This Row],[Dia]],AI:AI,AJ:AJ,"")
A97: =_xlfn.XLOOKUP(GERAL[[#This Row],[Dia]],AA:AA,Z:Z,"") -> Semana 1 | B97: 46056 | C97: terça-feira | D97: 46056 | E97: SIM | F97: ∑ Equipe até 28/02 - MT | G97: Diversas até 28/02 - MT | H97: 2 | I97: 3 | J97: 13 | M97: 15 | R97: 9 | T97: 4 | W97: Morro do Tetéu | X97: =_xlfn.XLOOKUP(GERAL[[#This Row],[Dia]],AA:AA,AB:AB,"") -> Prazo_30 | Z97: Semana 14 | AA97: 46140 | AB97: Prazo_30 | AC97: =_xlfn.XLOOKUP(GERAL[[#This Row],[Dia]],AI:AI,AJ:AJ,"")
A98: =_xlfn.XLOOKUP(GERAL[[#This Row],[Dia]],AA:AA,Z:Z,"") -> Semana 1 | B98: 46057 | C98: quarta-feira | D98: 46057 | E98: SIM | F98: ∑ Equipe até 28/02 - MT | G98: Diversas até 28/02 - MT | J98: 45 | P98: 2 | S98: 1 | W98: Morro do Tetéu | X98: =_xlfn.XLOOKUP(GERAL[[#This Row],[Dia]],AA:AA,AB:AB,"") -> Prazo_30 | Z98: Semana 14 | AA98: 46141 | AB98: Prazo_30 | AC98: =_xlfn.XLOOKUP(GERAL[[#This Row],[Dia]],AI:AI,AJ:AJ,"")
A99: =_xlfn.XLOOKUP(GERAL[[#This Row],[Dia]],AA:AA,Z:Z,"") -> Semana 1 | B99: 46058 | C99: quinta-feira | D99: 46058 | E99: SIM | F99: ∑ Equipe até 28/02 - MT | G99: Diversas até 28/02 - MT | S99: 19 | T99: 5 | W99: Morro do Tetéu | X99: =_xlfn.XLOOKUP(GERAL[[#This Row],[Dia]],AA:AA,AB:AB,"") -> Prazo_30 | Z99: Semana 14 | AA99: 46142 | AB99: Prazo_30 | AC99: =_xlfn.XLOOKUP(GERAL[[#This Row],[Dia]],AI:AI,AJ:AJ,"")
A100: =_xlfn.XLOOKUP(GERAL[[#This Row],[Dia]],AA:AA,Z:Z,"") -> Semana 1 | B100: 46059 | C100: sexta-feira | D100: 46059 | E100: SIM | F100: ∑ Equipe até 28/02 - MT | G100: Diversas até 28/02 - MT | H100: 4 | I100: 6 | P100: 2 | S100: 8 | T100: 17 | W100: Morro do Tetéu | X100: =_xlfn.XLOOKUP(GERAL[[#This Row],[Dia]],AA:AA,AB:AB,"") -> Prazo_30 | Z100: Semana 14 | AA100: 46143 | AB100: Prazo_30 | AC100: =_xlfn.XLOOKUP(GERAL[[#This Row],[Dia]],AI:AI,AJ:AJ,"")
A101: =_xlfn.XLOOKUP(GERAL[[#This Row],[Dia]],AA:AA,Z:Z,"") -> Semana 1 | B101: 46060 | C101: sábado | D101: 46060 | E101: SIM | F101: ∑ Equipe até 28/02 - MT | G101: Diversas até 28/02 - MT | H101: 7 | J101: 25 | T101: 5 | W101: Morro do Tetéu | X101: =_xlfn.XLOOKUP(GERAL[[#This Row],[Dia]],AA:AA,AB:AB,"") -> Prazo_30 | Z101: Semana 14 | AA101: 46144 | AB101: Prazo_30 | AC101: =_xlfn.XLOOKUP(GERAL[[#This Row],[Dia]],AI:AI,AJ:AJ,"")
...

Sheet PROD_EQUIPE
R2: Informar período
E3: SE LIGA NA REDE - SANTOS
E4: PRODUÇÃO POR EQUIPE
J7: PRODUTIVIDADE MÉDIA | L7: =IFERROR(AVERAGE(L13:L33),"") -> 1.814339 | M7: =IFERROR(AVERAGE(M13:M33),"") -> 0.69187214 | N7: =IFERROR(AVERAGE(N13:N33),"") -> 4.334447 | O7: =IFERROR(AVERAGE(O13:O33),"") -> 1.0586298 | P7: =IFERROR(AVERAGE(P13:P33),"") -> 5.3930767 | Q7: =IFERROR(AVERAGE(Q13:Q33),"") -> 2.5062112
J8: MÉDIA INTERNA | L8: {=IFERROR(TRIMMEAN(IF(L13:L33>0.01,L13:L33),40%),"")} -> 1.6305995 | M8: {=IFERROR(TRIMMEAN(IF(M13:M33>0.01,M13:M33),40%),"")} -> 1.0378082 | N8: {=IFERROR(TRIMMEAN(IF(N13:N33>0.01,N13:N33),40%),"")} -> 8.6688939 | O8: {=IFERROR(TRIMMEAN(IF(O13:O33>0.01,O13:O33),40%),"")} -> 3.1758893 | P8: {=IFERROR(TRIMMEAN(IF(P13:P33>0.01,P13:P33),40%),"")} -> 8.0896151 | Q8: {=IFERROR(TRIMMEAN(IF(Q13:Q33>0.01,Q13:Q33),40%),"")} -> 2.3571429
P9: DE | Q9: ATÉ
O10: PERÍODO | P10: 46052 | Q10: =TODAY()-1 -> 46135
C11: =SUM(C13:C1000) -> 102 | D11: =SUM(D13:D1000) -> 142 | E11: =SUM(E13:E1000) -> 113 | F11: =SUM(F13:F1000) -> 571 | G11: =SUM(G13:G1000) -> 147 | H11: =SUM(H13:H1000) -> 21 | I11: =SUM(I13:I1000) -> 28 | J11: =SUM(J13:J1000) -> 274 | K11: =SUM(K13:K1000) -> 57
B12: RUA | C12: DIAS ÚTEIS | D12: LA | E12: LE | F12: PRA | G12: PRE | H12: PV's | I12: LIE | J12: LIA | K12: IHM | L12: Ind. Prod. LA | M12: Ind Prod LE | N12: Ind Prod PRA | O12: Ind Prod PRE | P12: IND. PROD REDE | Q12: IND. PROD LIG
B13: ∑ Equipe até 28/02 - JC | C13: =COUNTIFS(GERAL[Dia Útil],"SIM",GERAL[Equipe],PROD_EQUIPE!B13,GERAL[Dia],">=" &PROD_EQUIPE!$P$10,GERAL[Dia],"<=" &PROD_EQUIPE!$Q$10) -> 23 | D13: =SUMIFS(GERAL[LA],GERAL[Equipe],PROD_EQUIPE!B13,GERAL[Dia],">=" &PROD_EQUIPE!$P$10,GERAL[Dia],"<=" &PROD_EQUIPE!$Q$10) -> 73 | E13: =SUMIFS(GERAL[LE],GERAL[Equipe],PROD_EQUIPE!B13,GERAL[Dia],">=" &PROD_EQUIPE!$P$10,GERAL[Dia],"<=" &PROD_EQUIPE!$Q$10) -> 33 | F13: =SUMIFS(GERAL[PRA],GERAL[Equipe],PROD_EQUIPE!B13,GERAL[Dia],">=" &PROD_EQUIPE!$P$10,GERAL[Dia],"<=" &PROD_EQUIPE!$Q$10) -> 231 | G13: =SUMIFS(GERAL[PRE],GERAL[Equipe],PROD_EQUIPE!B13,GERAL[Dia],">=" &PROD_EQUIPE!$P$10,GERAL[Dia],"<=" &PROD_EQUIPE!$Q$10) -> 144 | H13: =SUMIFS(GERAL[PV''s],GERAL[Equipe],PROD_EQUIPE!B13,GERAL[Dia],">=" &PROD_EQUIPE!$P$10,GERAL[Dia],"<=" &PROD_EQUIPE!$Q$10) -> 12 | I13: =SUMIFS(GERAL[LIE],GERAL[Equipe],PROD_EQUIPE!B13,GERAL[Dia],">=" &PROD_EQUIPE!$P$10,GERAL[Dia],"<=" &PROD_EQUIPE!$Q$10) -> 4 | J13: =SUMIFS(GERAL[LIA],GERAL[Equipe],PROD_EQUIPE!B13,GERAL[Dia],">=" &PROD_EQUIPE!$P$10,GERAL[Dia],"<=" &PROD_EQUIPE!$Q$10) -> 127 | K13: =SUMIFS(GERAL[IHM],GERAL[Equipe],PROD_EQUIPE!B13,GERAL[Dia],">=" &PROD_EQUIPE!$P$10,GERAL[Dia],"<=" &PROD_EQUIPE!$Q$10) -> 26 | L13: =IFERROR(D13/C13,"") -> 3.173913 | M13: =IFERROR(E13/C13,"") -> 1.4347826 | N13: =IFERROR(F13/C13,"") -> 10.043478 | O13: =IFERROR(G13/C13,"") -> 6.2608696 | P13: =IFERROR(SUM(F13:G13)/C13,"") -> 16.304348 | Q13: =IFERROR(SUM(D13:E13)/C13,"") -> 4.6086957
B14: DOUGLAS | C14: =COUNTIFS(GERAL[Dia Útil],"SIM",GERAL[Equipe],PROD_EQUIPE!B14,GERAL[Dia],">=" &PROD_EQUIPE!$P$10,GERAL[Dia],"<=" &PROD_EQUIPE!$Q$10) -> 33 | D14: =SUMIFS(GERAL[LA],GERAL[Equipe],PROD_EQUIPE!B14,GERAL[Dia],">=" &PROD_EQUIPE!$P$10,GERAL[Dia],"<=" &PROD_EQUIPE!$Q$10) -> 12 | E14: =SUMIFS(GERAL[LE],GERAL[Equipe],PROD_EQUIPE!B14,GERAL[Dia],">=" &PROD_EQUIPE!$P$10,GERAL[Dia],"<=" &PROD_EQUIPE!$Q$10) -> 62 | F14: =SUMIFS(GERAL[PRA],GERAL[Equipe],PROD_EQUIPE!B14,GERAL[Dia],">=" &PROD_EQUIPE!$P$10,GERAL[Dia],"<=" &PROD_EQUIPE!$Q$10) -> 0 | G14: =SUMIFS(GERAL[PRE],GERAL[Equipe],PROD_EQUIPE!B14,GERAL[Dia],">=" &PROD_EQUIPE!$P$10,GERAL[Dia],"<=" &PROD_EQUIPE!$Q$10) -> 3 | H14: =SUMIFS(GERAL[PV''s],GERAL[Equipe],PROD_EQUIPE!B14,GERAL[Dia],">=" &PROD_EQUIPE!$P$10,GERAL[Dia],"<=" &PROD_EQUIPE!$Q$10) -> 5 | I14: =SUMIFS(GERAL[LIE],GERAL[Equipe],PROD_EQUIPE!B14,GERAL[Dia],">=" &PROD_EQUIPE!$P$10,GERAL[Dia],"<=" &PROD_EQUIPE!$Q$10) -> 0 | J14: =SUMIFS(GERAL[LIA],GERAL[Equipe],PROD_EQUIPE!B14,GERAL[Dia],">=" &PROD_EQUIPE!$P$10,GERAL[Dia],"<=" &PROD_EQUIPE!$Q$10) -> 48 | K14: =SUMIFS(GERAL[IHM],GERAL[Equipe],PROD_EQUIPE!B14,GERAL[Dia],">=" &PROD_EQUIPE!$P$10,GERAL[Dia],"<=" &PROD_EQUIPE!$Q$10) -> 3 | L14: =IFERROR(D14/C14,"") -> 0.36363636 | M14: =IFERROR(E14/C14,"") -> 1.8787879 | N14: =IFERROR(F14/C14,"") -> 0 | O14: =IFERROR(G14/C14,"") -> 0.090909091 | P14: =IFERROR(SUM(F14:G14)/C14,"") -> 0.090909091 | Q14: =IFERROR(SUM(D14:E14)/C14,"") -> 2.2424242
B15: DOUGLAS/ SANDRO | C15: =COUNTIFS(GERAL[Dia Útil],"SIM",GERAL[Equipe],PROD_EQUIPE!B15,GERAL[Dia],">=" &PROD_EQUIPE!$P$10,GERAL[Dia],"<=" &PROD_EQUIPE!$Q$10) -> 2 | D15: =SUMIFS(GERAL[LA],GERAL[Equipe],PROD_EQUIPE!B15,GERAL[Dia],">=" &PROD_EQUIPE!$P$10,GERAL[Dia],"<=" &PROD_EQUIPE!$Q$10) -> 2 | E15: =SUMIFS(GERAL[LE],GERAL[Equipe],PROD_EQUIPE!B15,GERAL[Dia],">=" &PROD_EQUIPE!$P$10,GERAL[Dia],"<=" &PROD_EQUIPE!$Q$10) -> 0 | F15: =SUMIFS(GERAL[PRA],GERAL[Equipe],PROD_EQUIPE!B15,GERAL[Dia],">=" &PROD_EQUIPE!$P$10,GERAL[Dia],"<=" &PROD_EQUIPE!$Q$10) -> 0 | G15: =SUMIFS(GERAL[PRE],GERAL[Equipe],PROD_EQUIPE!B15,GERAL[Dia],">=" &PROD_EQUIPE!$P$10,GERAL[Dia],"<=" &PROD_EQUIPE!$Q$10) -> 0 | H15: =SUMIFS(GERAL[PV''s],GERAL[Equipe],PROD_EQUIPE!B15,GERAL[Dia],">=" &PROD_EQUIPE!$P$10,GERAL[Dia],"<=" &PROD_EQUIPE!$Q$10) -> 0 | I15: =SUMIFS(GERAL[LIE],GERAL[Equipe],PROD_EQUIPE!B15,GERAL[Dia],">=" &PROD_EQUIPE!$P$10,GERAL[Dia],"<=" &PROD_EQUIPE!$Q$10) -> 0 | J15: =SUMIFS(GERAL[LIA],GERAL[Equipe],PROD_EQUIPE!B15,GERAL[Dia],">=" &PROD_EQUIPE!$P$10,GERAL[Dia],"<=" &PROD_EQUIPE!$Q$10) -> 32 | K15: =SUMIFS(GERAL[IHM],GERAL[Equipe],PROD_EQUIPE!B15,GERAL[Dia],">=" &PROD_EQUIPE!$P$10,GERAL[Dia],"<=" &PROD_EQUIPE!$Q$10) -> 2 | L15: =IFERROR(D15/C15,"") -> 1 | M15: =IFERROR(E15/C15,"") -> 0 | N15: =IFERROR(F15/C15,"") -> 0 | O15: =IFERROR(G15/C15,"") -> 0 | P15: =IFERROR(SUM(F15:G15)/C15,"") -> 0 | Q15: =IFERROR(SUM(D15:E15)/C15,"") -> 1
B16: JAMILTON | C16: =COUNTIFS(GERAL[Dia Útil],"SIM",GERAL[Equipe],PROD_EQUIPE!B16,GERAL[Dia],">=" &PROD_EQUIPE!$P$10,GERAL[Dia],"<=" &PROD_EQUIPE!$Q$10) -> 21 | D16: =SUMIFS(GERAL[LA],GERAL[Equipe],PROD_EQUIPE!B16,GERAL[Dia],">=" &PROD_EQUIPE!$P$10,GERAL[Dia],"<=" &PROD_EQUIPE!$Q$10) -> 14 | E16: =SUMIFS(GERAL[LE],GERAL[Equipe],PROD_EQUIPE!B16,GERAL[Dia],">=" &PROD_EQUIPE!$P$10,GERAL[Dia],"<=" &PROD_EQUIPE!$Q$10) -> 9 | F16: =SUMIFS(GERAL[PRA],GERAL[Equipe],PROD_EQUIPE!B16,GERAL[Dia],">=" &PROD_EQUIPE!$P$10,GERAL[Dia],"<=" &PROD_EQUIPE!$Q$10) -> 235 | G16: =SUMIFS(GERAL[PRE],GERAL[Equipe],PROD_EQUIPE!B16,GERAL[Dia],">=" &PROD_EQUIPE!$P$10,GERAL[Dia],"<=" &PROD_EQUIPE!$Q$10) -> 0 | H16: =SUMIFS(GERAL[PV''s],GERAL[Equipe],PROD_EQUIPE!B16,GERAL[Dia],">=" &PROD_EQUIPE!$P$10,GERAL[Dia],"<=" &PROD_EQUIPE!$Q$10) -> 2 | I16: =SUMIFS(GERAL[LIE],GERAL[Equipe],PROD_EQUIPE!B16,GERAL[Dia],">=" &PROD_EQUIPE!$P$10,GERAL[Dia],"<=" &PROD_EQUIPE!$Q$10) -> 8 | J16: =SUMIFS(GERAL[LIA],GERAL[Equipe],PROD_EQUIPE!B16,GERAL[Dia],">=" &PROD_EQUIPE!$P$10,GERAL[Dia],"<=" &PROD_EQUIPE!$Q$10) -> 27 | K16: =SUMIFS(GERAL[IHM],GERAL[Equipe],PROD_EQUIPE!B16,GERAL[Dia],">=" &PROD_EQUIPE!$P$10,GERAL[Dia],"<=" &PROD_EQUIPE!$Q$10) -> 8 | L16: =IFERROR(D16/C16,"") -> 0.66666667 | M16: =IFERROR(E16/C16,"") -> 0.42857143 | N16: =IFERROR(F16/C16,"") -> 11.190476 | O16: =IFERROR(G16/C16,"") -> 0 | P16: =IFERROR(SUM(F16:G16)/C16,"") -> 11.190476 | Q16: =IFERROR(SUM(D16:E16)/C16,"") -> 1.0952381
B17: SANDRO | C17: =COUNTIFS(GERAL[Dia Útil],"SIM",GERAL[Equipe],PROD_EQUIPE!B17,GERAL[Dia],">=" &PROD_EQUIPE!$P$10,GERAL[Dia],"<=" &PROD_EQUIPE!$Q$10) -> 22 | D17: =SUMIFS(GERAL[LA],GERAL[Equipe],PROD_EQUIPE!B17,GERAL[Dia],">=" &PROD_EQUIPE!$P$10,GERAL[Dia],"<=" &PROD_EQUIPE!$Q$10) -> 37 | E17: =SUMIFS(GERAL[LE],GERAL[Equipe],PROD_EQUIPE!B17,GERAL[Dia],">=" &PROD_EQUIPE!$P$10,GERAL[Dia],"<=" &PROD_EQUIPE!$Q$10) -> 9 | F17: =SUMIFS(GERAL[PRA],GERAL[Equipe],PROD_EQUIPE!B17,GERAL[Dia],">=" &PROD_EQUIPE!$P$10,GERAL[Dia],"<=" &PROD_EQUIPE!$Q$10) -> 105 | G17: =SUMIFS(GERAL[PRE],GERAL[Equipe],PROD_EQUIPE!B17,GERAL[Dia],">=" &PROD_EQUIPE!$P$10,GERAL[Dia],"<=" &PROD_EQUIPE!$Q$10) -> 0 | H17: =SUMIFS(GERAL[PV''s],GERAL[Equipe],PROD_EQUIPE!B17,GERAL[Dia],">=" &PROD_EQUIPE!$P$10,GERAL[Dia],"<=" &PROD_EQUIPE!$Q$10) -> 2 | I17: =SUMIFS(GERAL[LIE],GERAL[Equipe],PROD_EQUIPE!B17,GERAL[Dia],">=" &PROD_EQUIPE!$P$10,GERAL[Dia],"<=" &PROD_EQUIPE!$Q$10) -> 16 | J17: =SUMIFS(GERAL[LIA],GERAL[Equipe],PROD_EQUIPE!B17,GERAL[Dia],">=" &PROD_EQUIPE!$P$10,GERAL[Dia],"<=" &PROD_EQUIPE!$Q$10) -> 36 | K17: =SUMIFS(GERAL[IHM],GERAL[Equipe],PROD_EQUIPE!B17,GERAL[Dia],">=" &PROD_EQUIPE!$P$10,GERAL[Dia],"<=" &PROD_EQUIPE!$Q$10) -> 14 | L17: =IFERROR(D17/C17,"") -> 1.6818182 | M17: =IFERROR(E17/C17,"") -> 0.40909091 | N17: =IFERROR(F17/C17,"") -> 4.7727273 | O17: =IFERROR(G17/C17,"") -> 0 | P17: =IFERROR(SUM(F17:G17)/C17,"") -> 4.7727273 | Q17: =IFERROR(SUM(D17:E17)/C17,"") -> 2.0909091
B18: SANDRO | C18: =COUNTIFS(GERAL[Dia Útil],"SIM",GERAL[Equipe],PROD_EQUIPE!B18,GERAL[Dia],">=" &PROD_EQUIPE!$P$10,GERAL[Dia],"<=" &PROD_EQUIPE!$Q$10) -> 1 | D18: =SUMIFS(GERAL[LA],GERAL[Equipe],PROD_EQUIPE!B18,GERAL[Dia],">=" &PROD_EQUIPE!$P$10,GERAL[Dia],"<=" &PROD_EQUIPE!$Q$10) -> 4 | E18: =SUMIFS(GERAL[LE],GERAL[Equipe],PROD_EQUIPE!B18,GERAL[Dia],">=" &PROD_EQUIPE!$P$10,GERAL[Dia],"<=" &PROD_EQUIPE!$Q$10) -> 0 | F18: =SUMIFS(GERAL[PRA],GERAL[Equipe],PROD_EQUIPE!B18,GERAL[Dia],">=" &PROD_EQUIPE!$P$10,GERAL[Dia],"<=" &PROD_EQUIPE!$Q$10) -> 0 | G18: =SUMIFS(GERAL[PRE],GERAL[Equipe],PROD_EQUIPE!B18,GERAL[Dia],">=" &PROD_EQUIPE!$P$10,GERAL[Dia],"<=" &PROD_EQUIPE!$Q$10) -> 0 | H18: =SUMIFS(GERAL[PV''s],GERAL[Equipe],PROD_EQUIPE!B18,GERAL[Dia],">=" &PROD_EQUIPE!$P$10,GERAL[Dia],"<=" &PROD_EQUIPE!$Q$10) -> 0 | I18: =SUMIFS(GERAL[LIE],GERAL[Equipe],PROD_EQUIPE!B18,GERAL[Dia],">=" &PROD_EQUIPE!$P$10,GERAL[Dia],"<=" &PROD_EQUIPE!$Q$10) -> 0 | J18: =SUMIFS(GERAL[LIA],GERAL[Equipe],PROD_EQUIPE!B18,GERAL[Dia],">=" &PROD_EQUIPE!$P$10,GERAL[Dia],"<=" &PROD_EQUIPE!$Q$10) -> 4 | K18: =SUMIFS(GERAL[IHM],GERAL[Equipe],PROD_EQUIPE!B18,GERAL[Dia],">=" &PROD_EQUIPE!$P$10,GERAL[Dia],"<=" &PROD_EQUIPE!$Q$10) -> 4 | L18: =IFERROR(D18/C18,"") -> 4 | M18: =IFERROR(E18/C18,"") -> 0 | N18: =IFERROR(F18/C18,"") -> 0 | O18: =IFERROR(G18/C18,"") -> 0 | P18: =IFERROR(SUM(F18:G18)/C18,"") -> 0 | Q18: =IFERROR(SUM(D18:E18)/C18,"") -> 4
B19: (vazio) | C19: =COUNTIFS(GERAL[Dia Útil],"SIM",GERAL[Equipe],PROD_EQUIPE!B19,GERAL[Dia],">=" &PROD_EQUIPE!$P$10,GERAL[Dia],"<=" &PROD_EQUIPE!$Q$10) -> 0 | D19: =SUMIFS(GERAL[LA],GERAL[Equipe],PROD_EQUIPE!B19,GERAL[Dia],">=" &PROD_EQUIPE!$P$10,GERAL[Dia],"<=" &PROD_EQUIPE!$Q$10) -> 0 | E19: =SUMIFS(GERAL[LE],GERAL[Equipe],PROD_EQUIPE!B19,GERAL[Dia],">=" &PROD_EQUIPE!$P$10,GERAL[Dia],"<=" &PROD_EQUIPE!$Q$10) -> 0 | F19: =SUMIFS(GERAL[PRA],GERAL[Equipe],PROD_EQUIPE!B19,GERAL[Dia],">=" &PROD_EQUIPE!$P$10,GERAL[Dia],"<=" &PROD_EQUIPE!$Q$10) -> 0 | G19: =SUMIFS(GERAL[PRE],GERAL[Equipe],PROD_EQUIPE!B19,GERAL[Dia],">=" &PROD_EQUIPE!$P$10,GERAL[Dia],"<=" &PROD_EQUIPE!$Q$10) -> 0 | H19: =SUMIFS(GERAL[PV''s],GERAL[Equipe],PROD_EQUIPE!B19,GERAL[Dia],">=" &PROD_EQUIPE!$P$10,GERAL[Dia],"<=" &PROD_EQUIPE!$Q$10) -> 0 | I19: =SUMIFS(GERAL[LIE],GERAL[Equipe],PROD_EQUIPE!B19,GERAL[Dia],">=" &PROD_EQUIPE!$P$10,GERAL[Dia],"<=" &PROD_EQUIPE!$Q$10) -> 0 | J19: =SUMIFS(GERAL[LIA],GERAL[Equipe],PROD_EQUIPE!B19,GERAL[Dia],">=" &PROD_EQUIPE!$P$10,GERAL[Dia],"<=" &PROD_EQUIPE!$Q$10) -> 0 | K19: =SUMIFS(GERAL[IHM],GERAL[Equipe],PROD_EQUIPE!B19,GERAL[Dia],">=" &PROD_EQUIPE!$P$10,GERAL[Dia],"<=" &PROD_EQUIPE!$Q$10) -> 0 | L19: =IFERROR(D19/C19,"") | M19: =IFERROR(E19/C19,"") | N19: =IFERROR(F19/C19,"") | O19: =IFERROR(G19/C19,"") | P19: =IFERROR(SUM(F19:G19)/C19,"") | Q19: =IFERROR(SUM(D19:E19)/C19,"")
C20: =COUNTIFS(GERAL[Dia Útil],"SIM",GERAL[Equipe],PROD_EQUIPE!B20,GERAL[Dia],">=" &PROD_EQUIPE!$P$10,GERAL[Dia],"<=" &PROD_EQUIPE!$Q$10) -> 0 | D20: =SUMIFS(GERAL[LA],GERAL[Equipe],PROD_EQUIPE!B20,GERAL[Dia],">=" &PROD_EQUIPE!$P$10,GERAL[Dia],"<=" &PROD_EQUIPE!$Q$10) -> 0 | E20: =SUMIFS(GERAL[LE],GERAL[Equipe],PROD_EQUIPE!B20,GERAL[Dia],">=" &PROD_EQUIPE!$P$10,GERAL[Dia],"<=" &PROD_EQUIPE!$Q$10) -> 0 | F20: =SUMIFS(GERAL[PRA],GERAL[Equipe],PROD_EQUIPE!B20,GERAL[Dia],">=" &PROD_EQUIPE!$P$10,GERAL[Dia],"<=" &PROD_EQUIPE!$Q$10) -> 0 | G20: =SUMIFS(GERAL[PRE],GERAL[Equipe],PROD_EQUIPE!B20,GERAL[Dia],">=" &PROD_EQUIPE!$P$10,GERAL[Dia],"<=" &PROD_EQUIPE!$Q$10) -> 0 | H20: =SUMIFS(GERAL[PV''s],GERAL[Equipe],PROD_EQUIPE!B20,GERAL[Dia],">=" &PROD_EQUIPE!$P$10,GERAL[Dia],"<=" &PROD_EQUIPE!$Q$10) -> 0 | I20: =SUMIFS(GERAL[LIE],GERAL[Equipe],PROD_EQUIPE!B20,GERAL[Dia],">=" &PROD_EQUIPE!$P$10,GERAL[Dia],"<=" &PROD_EQUIPE!$Q$10) -> 0 | J20: =SUMIFS(GERAL[LIA],GERAL[Equipe],PROD_EQUIPE!B20,GERAL[Dia],">=" &PROD_EQUIPE!$P$10,GERAL[Dia],"<=" &PROD_EQUIPE!$Q$10) -> 0 | K20: =SUMIFS(GERAL[IHM],GERAL[Equipe],PROD_EQUIPE!B20,GERAL[Dia],">=" &PROD_EQUIPE!$P$10,GERAL[Dia],"<=" &PROD_EQUIPE!$Q$10) -> 0 | L20: =IFERROR(D20/C20,"") | M20: =IFERROR(E20/C20,"") | N20: =IFERROR(F20/C20,"") | O20: =IFERROR(G20/C20,"") | P20: =IFERROR(SUM(F20:G20)/C20,"") | Q20: =IFERROR(SUM(D20:E20)/C20,"")
C21: =COUNTIFS(GERAL[Dia Útil],"SIM",GERAL[Equipe],PROD_EQUIPE!B21,GERAL[Dia],">=" &PROD_EQUIPE!$P$10,GERAL[Dia],"<=" &PROD_EQUIPE!$Q$10) -> 0 | D21: =SUMIFS(GERAL[LA],GERAL[Equipe],PROD_EQUIPE!B21,GERAL[Dia],">=" &PROD_EQUIPE!$P$10,GERAL[Dia],"<=" &PROD_EQUIPE!$Q$10) -> 0 | E21: =SUMIFS(GERAL[LE],GERAL[Equipe],PROD_EQUIPE!B21,GERAL[Dia],">=" &PROD_EQUIPE!$P$10,GERAL[Dia],"<=" &PROD_EQUIPE!$Q$10) -> 0 | F21: =SUMIFS(GERAL[PRA],GERAL[Equipe],PROD_EQUIPE!B21,GERAL[Dia],">=" &PROD_EQUIPE!$P$10,GERAL[Dia],"<=" &PROD_EQUIPE!$Q$10) -> 0 | G21: =SUMIFS(GERAL[PRE],GERAL[Equipe],PROD_EQUIPE!B21,GERAL[Dia],">=" &PROD_EQUIPE!$P$10,GERAL[Dia],"<=" &PROD_EQUIPE!$Q$10) -> 0 | H21: =SUMIFS(GERAL[PV''s],GERAL[Equipe],PROD_EQUIPE!B21,GERAL[Dia],">=" &PROD_EQUIPE!$P$10,GERAL[Dia],"<=" &PROD_EQUIPE!$Q$10) -> 0 | I21: =SUMIFS(GERAL[LIE],GERAL[Equipe],PROD_EQUIPE!B21,GERAL[Dia],">=" &PROD_EQUIPE!$P$10,GERAL[Dia],"<=" &PROD_EQUIPE!$Q$10) -> 0 | J21: =SUMIFS(GERAL[LIA],GERAL[Equipe],PROD_EQUIPE!B21,GERAL[Dia],">=" &PROD_EQUIPE!$P$10,GERAL[Dia],"<=" &PROD_EQUIPE!$Q$10) -> 0 | K21: =SUMIFS(GERAL[IHM],GERAL[Equipe],PROD_EQUIPE!B21,GERAL[Dia],">=" &PROD_EQUIPE!$P$10,GERAL[Dia],"<=" &PROD_EQUIPE!$Q$10) -> 0 | L21: =IFERROR(D21/C21,"") | M21: =IFERROR(E21/C21,"") | N21: =IFERROR(F21/C21,"") | O21: =IFERROR(G21/C21,"") | P21: =IFERROR(SUM(F21:G21)/C21,"") | Q21: =IFERROR(SUM(D21:E21)/C21,"")
C22: =COUNTIFS(GERAL[Dia Útil],"SIM",GERAL[Equipe],PROD_EQUIPE!B22,GERAL[Dia],">=" &PROD_EQUIPE!$P$10,GERAL[Dia],"<=" &PROD_EQUIPE!$Q$10) -> 0 | D22: =SUMIFS(GERAL[LA],GERAL[Equipe],PROD_EQUIPE!B22,GERAL[Dia],">=" &PROD_EQUIPE!$P$10,GERAL[Dia],"<=" &PROD_EQUIPE!$Q$10) -> 0 | E22: =SUMIFS(GERAL[LE],GERAL[Equipe],PROD_EQUIPE!B22,GERAL[Dia],">=" &PROD_EQUIPE!$P$10,GERAL[Dia],"<=" &PROD_EQUIPE!$Q$10) -> 0 | F22: =SUMIFS(GERAL[PRA],GERAL[Equipe],PROD_EQUIPE!B22,GERAL[Dia],">=" &PROD_EQUIPE!$P$10,GERAL[Dia],"<=" &PROD_EQUIPE!$Q$10) -> 0 | G22: =SUMIFS(GERAL[PRE],GERAL[Equipe],PROD_EQUIPE!B22,GERAL[Dia],">=" &PROD_EQUIPE!$P$10,GERAL[Dia],"<=" &PROD_EQUIPE!$Q$10) -> 0 | H22: =SUMIFS(GERAL[PV''s],GERAL[Equipe],PROD_EQUIPE!B22,GERAL[Dia],">=" &PROD_EQUIPE!$P$10,GERAL[Dia],"<=" &PROD_EQUIPE!$Q$10) -> 0 | I22: =SUMIFS(GERAL[LIE],GERAL[Equipe],PROD_EQUIPE!B22,GERAL[Dia],">=" &PROD_EQUIPE!$P$10,GERAL[Dia],"<=" &PROD_EQUIPE!$Q$10) -> 0 | J22: =SUMIFS(GERAL[LIA],GERAL[Equipe],PROD_EQUIPE!B22,GERAL[Dia],">=" &PROD_EQUIPE!$P$10,GERAL[Dia],"<=" &PROD_EQUIPE!$Q$10) -> 0 | K22: =SUMIFS(GERAL[IHM],GERAL[Equipe],PROD_EQUIPE!B22,GERAL[Dia],">=" &PROD_EQUIPE!$P$10,GERAL[Dia],"<=" &PROD_EQUIPE!$Q$10) -> 0 | L22: =IFERROR(D22/C22,"") | M22: =IFERROR(E22/C22,"") | N22: =IFERROR(F22/C22,"") | O22: =IFERROR(G22/C22,"") | P22: =IFERROR(SUM(F22:G22)/C22,"") | Q22: =IFERROR(SUM(D22:E22)/C22,"")
C23: =COUNTIFS(GERAL[Dia Útil],"SIM",GERAL[Equipe],PROD_EQUIPE!B23,GERAL[Dia],">=" &PROD_EQUIPE!$P$10,GERAL[Dia],"<=" &PROD_EQUIPE!$Q$10) -> 0 | D23: =SUMIFS(GERAL[LA],GERAL[Equipe],PROD_EQUIPE!B23,GERAL[Dia],">=" &PROD_EQUIPE!$P$10,GERAL[Dia],"<=" &PROD_EQUIPE!$Q$10) -> 0 | E23: =SUMIFS(GERAL[LE],GERAL[Equipe],PROD_EQUIPE!B23,GERAL[Dia],">=" &PROD_EQUIPE!$P$10,GERAL[Dia],"<=" &PROD_EQUIPE!$Q$10) -> 0 | F23: =SUMIFS(GERAL[PRA],GERAL[Equipe],PROD_EQUIPE!B23,GERAL[Dia],">=" &PROD_EQUIPE!$P$10,GERAL[Dia],"<=" &PROD_EQUIPE!$Q$10) -> 0 | G23: =SUMIFS(GERAL[PRE],GERAL[Equipe],PROD_EQUIPE!B23,GERAL[Dia],">=" &PROD_EQUIPE!$P$10,GERAL[Dia],"<=" &PROD_EQUIPE!$Q$10) -> 0 | H23: =SUMIFS(GERAL[PV''s],GERAL[Equipe],PROD_EQUIPE!B23,GERAL[Dia],">=" &PROD_EQUIPE!$P$10,GERAL[Dia],"<=" &PROD_EQUIPE!$Q$10) -> 0 | I23: =SUMIFS(GERAL[LIE],GERAL[Equipe],PROD_EQUIPE!B23,GERAL[Dia],">=" &PROD_EQUIPE!$P$10,GERAL[Dia],"<=" &PROD_EQUIPE!$Q$10) -> 0 | J23: =SUMIFS(GERAL[LIA],GERAL[Equipe],PROD_EQUIPE!B23,GERAL[Dia],">=" &PROD_EQUIPE!$P$10,GERAL[Dia],"<=" &PROD_EQUIPE!$Q$10) -> 0 | K23: =SUMIFS(GERAL[IHM],GERAL[Equipe],PROD_EQUIPE!B23,GERAL[Dia],">=" &PROD_EQUIPE!$P$10,GERAL[Dia],"<=" &PROD_EQUIPE!$Q$10) -> 0 | L23: =IFERROR(D23/C23,"") | M23: =IFERROR(E23/C23,"") | N23: =IFERROR(F23/C23,"") | O23: =IFERROR(G23/C23,"") | P23: =IFERROR(SUM(F23:G23)/C23,"") | Q23: =IFERROR(SUM(D23:E23)/C23,"")
C24: =COUNTIFS(GERAL[Dia Útil],"SIM",GERAL[Equipe],PROD_EQUIPE!B24,GERAL[Dia],">=" &PROD_EQUIPE!$P$10,GERAL[Dia],"<=" &PROD_EQUIPE!$Q$10) -> 0 | D24: =SUMIFS(GERAL[LA],GERAL[Equipe],PROD_EQUIPE!B24,GERAL[Dia],">=" &PROD_EQUIPE!$P$10,GERAL[Dia],"<=" &PROD_EQUIPE!$Q$10) -> 0 | E24: =SUMIFS(GERAL[LE],GERAL[Equipe],PROD_EQUIPE!B24,GERAL[Dia],">=" &PROD_EQUIPE!$P$10,GERAL[Dia],"<=" &PROD_EQUIPE!$Q$10) -> 0 | F24: =SUMIFS(GERAL[PRA],GERAL[Equipe],PROD_EQUIPE!B24,GERAL[Dia],">=" &PROD_EQUIPE!$P$10,GERAL[Dia],"<=" &PROD_EQUIPE!$Q$10) -> 0 | G24: =SUMIFS(GERAL[PRE],GERAL[Equipe],PROD_EQUIPE!B24,GERAL[Dia],">=" &PROD_EQUIPE!$P$10,GERAL[Dia],"<=" &PROD_EQUIPE!$Q$10) -> 0 | H24: =SUMIFS(GERAL[PV''s],GERAL[Equipe],PROD_EQUIPE!B24,GERAL[Dia],">=" &PROD_EQUIPE!$P$10,GERAL[Dia],"<=" &PROD_EQUIPE!$Q$10) -> 0 | I24: =SUMIFS(GERAL[LIE],GERAL[Equipe],PROD_EQUIPE!B24,GERAL[Dia],">=" &PROD_EQUIPE!$P$10,GERAL[Dia],"<=" &PROD_EQUIPE!$Q$10) -> 0 | J24: =SUMIFS(GERAL[LIA],GERAL[Equipe],PROD_EQUIPE!B24,GERAL[Dia],">=" &PROD_EQUIPE!$P$10,GERAL[Dia],"<=" &PROD_EQUIPE!$Q$10) -> 0 | K24: =SUMIFS(GERAL[IHM],GERAL[Equipe],PROD_EQUIPE!B24,GERAL[Dia],">=" &PROD_EQUIPE!$P$10,GERAL[Dia],"<=" &PROD_EQUIPE!$Q$10) -> 0 | L24: =IFERROR(D24/C24,"") | M24: =IFERROR(E24/C24,"") | N24: =IFERROR(F24/C24,"") | O24: =IFERROR(G24/C24,"") | P24: =IFERROR(SUM(F24:G24)/C24,"") | Q24: =IFERROR(SUM(D24:E24)/C24,"")
C25: =COUNTIFS(GERAL[Dia Útil],"SIM",GERAL[Equipe],PROD_EQUIPE!B25,GERAL[Dia],">=" &PROD_EQUIPE!$P$10,GERAL[Dia],"<=" &PROD_EQUIPE!$Q$10) -> 0 | D25: =SUMIFS(GERAL[LA],GERAL[Equipe],PROD_EQUIPE!B25,GERAL[Dia],">=" &PROD_EQUIPE!$P$10,GERAL[Dia],"<=" &PROD_EQUIPE!$Q$10) -> 0 | E25: =SUMIFS(GERAL[LE],GERAL[Equipe],PROD_EQUIPE!B25,GERAL[Dia],">=" &PROD_EQUIPE!$P$10,GERAL[Dia],"<=" &PROD_EQUIPE!$Q$10) -> 0 | F25: =SUMIFS(GERAL[PRA],GERAL[Equipe],PROD_EQUIPE!B25,GERAL[Dia],">=" &PROD_EQUIPE!$P$10,GERAL[Dia],"<=" &PROD_EQUIPE!$Q$10) -> 0 | G25: =SUMIFS(GERAL[PRE],GERAL[Equipe],PROD_EQUIPE!B25,GERAL[Dia],">=" &PROD_EQUIPE!$P$10,GERAL[Dia],"<=" &PROD_EQUIPE!$Q$10) -> 0 | H25: =SUMIFS(GERAL[PV''s],GERAL[Equipe],PROD_EQUIPE!B25,GERAL[Dia],">=" &PROD_EQUIPE!$P$10,GERAL[Dia],"<=" &PROD_EQUIPE!$Q$10) -> 0 | I25: =SUMIFS(GERAL[LIE],GERAL[Equipe],PROD_EQUIPE!B25,GERAL[Dia],">=" &PROD_EQUIPE!$P$10,GERAL[Dia],"<=" &PROD_EQUIPE!$Q$10) -> 0 | J25: =SUMIFS(GERAL[LIA],GERAL[Equipe],PROD_EQUIPE!B25,GERAL[Dia],">=" &PROD_EQUIPE!$P$10,GERAL[Dia],"<=" &PROD_EQUIPE!$Q$10) -> 0 | K25: =SUMIFS(GERAL[IHM],GERAL[Equipe],PROD_EQUIPE!B25,GERAL[Dia],">=" &PROD_EQUIPE!$P$10,GERAL[Dia],"<=" &PROD_EQUIPE!$Q$10) -> 0 | L25: =IFERROR(D25/C25,"") | M25: =IFERROR(E25/C25,"") | N25: =IFERROR(F25/C25,"") | O25: =IFERROR(G25/C25,"") | P25: =IFERROR(SUM(F25:G25)/C25,"") | Q25: =IFERROR(SUM(D25:E25)/C25,"")
C26: =COUNTIFS(GERAL[Dia Útil],"SIM",GERAL[Equipe],PROD_EQUIPE!B26,GERAL[Dia],">=" &PROD_EQUIPE!$P$10,GERAL[Dia],"<=" &PROD_EQUIPE!$Q$10) -> 0 | D26: =SUMIFS(GERAL[LA],GERAL[Equipe],PROD_EQUIPE!B26,GERAL[Dia],">=" &PROD_EQUIPE!$P$10,GERAL[Dia],"<=" &PROD_EQUIPE!$Q$10) -> 0 | E26: =SUMIFS(GERAL[LE],GERAL[Equipe],PROD_EQUIPE!B26,GERAL[Dia],">=" &PROD_EQUIPE!$P$10,GERAL[Dia],"<=" &PROD_EQUIPE!$Q$10) -> 0 | F26: =SUMIFS(GERAL[PRA],GERAL[Equipe],PROD_EQUIPE!B26,GERAL[Dia],">=" &PROD_EQUIPE!$P$10,GERAL[Dia],"<=" &PROD_EQUIPE!$Q$10) -> 0 | G26: =SUMIFS(GERAL[PRE],GERAL[Equipe],PROD_EQUIPE!B26,GERAL[Dia],">=" &PROD_EQUIPE!$P$10,GERAL[Dia],"<=" &PROD_EQUIPE!$Q$10) -> 0 | H26: =SUMIFS(GERAL[PV''s],GERAL[Equipe],PROD_EQUIPE!B26,GERAL[Dia],">=" &PROD_EQUIPE!$P$10,GERAL[Dia],"<=" &PROD_EQUIPE!$Q$10) -> 0 | I26: =SUMIFS(GERAL[LIE],GERAL[Equipe],PROD_EQUIPE!B26,GERAL[Dia],">=" &PROD_EQUIPE!$P$10,GERAL[Dia],"<=" &PROD_EQUIPE!$Q$10) -> 0 | J26: =SUMIFS(GERAL[LIA],GERAL[Equipe],PROD_EQUIPE!B26,GERAL[Dia],">=" &PROD_EQUIPE!$P$10,GERAL[Dia],"<=" &PROD_EQUIPE!$Q$10) -> 0 | K26: =SUMIFS(GERAL[IHM],GERAL[Equipe],PROD_EQUIPE!B26,GERAL[Dia],">=" &PROD_EQUIPE!$P$10,GERAL[Dia],"<=" &PROD_EQUIPE!$Q$10) -> 0 | L26: =IFERROR(D26/C26,"") | M26: =IFERROR(E26/C26,"") | N26: =IFERROR(F26/C26,"") | O26: =IFERROR(G26/C26,"") | P26: =IFERROR(SUM(F26:G26)/C26,"") | Q26: =IFERROR(SUM(D26:E26)/C26,"")
C27: =COUNTIFS(GERAL[Dia Útil],"SIM",GERAL[Equipe],PROD_EQUIPE!B27,GERAL[Dia],">=" &PROD_EQUIPE!$P$10,GERAL[Dia],"<=" &PROD_EQUIPE!$Q$10) -> 0 | D27: =SUMIFS(GERAL[LA],GERAL[Equipe],PROD_EQUIPE!B27,GERAL[Dia],">=" &PROD_EQUIPE!$P$10,GERAL[Dia],"<=" &PROD_EQUIPE!$Q$10) -> 0 | E27: =SUMIFS(GERAL[LE],GERAL[Equipe],PROD_EQUIPE!B27,GERAL[Dia],">=" &PROD_EQUIPE!$P$10,GERAL[Dia],"<=" &PROD_EQUIPE!$Q$10) -> 0 | F27: =SUMIFS(GERAL[PRA],GERAL[Equipe],PROD_EQUIPE!B27,GERAL[Dia],">=" &PROD_EQUIPE!$P$10,GERAL[Dia],"<=" &PROD_EQUIPE!$Q$10) -> 0 | G27: =SUMIFS(GERAL[PRE],GERAL[Equipe],PROD_EQUIPE!B27,GERAL[Dia],">=" &PROD_EQUIPE!$P$10,GERAL[Dia],"<=" &PROD_EQUIPE!$Q$10) -> 0 | H27: =SUMIFS(GERAL[PV''s],GERAL[Equipe],PROD_EQUIPE!B27,GERAL[Dia],">=" &PROD_EQUIPE!$P$10,GERAL[Dia],"<=" &PROD_EQUIPE!$Q$10) -> 0 | I27: =SUMIFS(GERAL[LIE],GERAL[Equipe],PROD_EQUIPE!B27,GERAL[Dia],">=" &PROD_EQUIPE!$P$10,GERAL[Dia],"<=" &PROD_EQUIPE!$Q$10) -> 0 | J27: =SUMIFS(GERAL[LIA],GERAL[Equipe],PROD_EQUIPE!B27,GERAL[Dia],">=" &PROD_EQUIPE!$P$10,GERAL[Dia],"<=" &PROD_EQUIPE!$Q$10) -> 0 | K27: =SUMIFS(GERAL[IHM],GERAL[Equipe],PROD_EQUIPE!B27,GERAL[Dia],">=" &PROD_EQUIPE!$P$10,GERAL[Dia],"<=" &PROD_EQUIPE!$Q$10) -> 0 | L27: =IFERROR(D27/C27,"") | M27: =IFERROR(E27/C27,"") | N27: =IFERROR(F27/C27,"") | O27: =IFERROR(G27/C27,"") | P27: =IFERROR(SUM(F27:G27)/C27,"") | Q27: =IFERROR(SUM(D27:E27)/C27,"")
C28: =COUNTIFS(GERAL[Dia Útil],"SIM",GERAL[Equipe],PROD_EQUIPE!B28,GERAL[Dia],">=" &PROD_EQUIPE!$P$10,GERAL[Dia],"<=" &PROD_EQUIPE!$Q$10) -> 0 | D28: =SUMIFS(GERAL[LA],GERAL[Equipe],PROD_EQUIPE!B28,GERAL[Dia],">=" &PROD_EQUIPE!$P$10,GERAL[Dia],"<=" &PROD_EQUIPE!$Q$10) -> 0 | E28: =SUMIFS(GERAL[LE],GERAL[Equipe],PROD_EQUIPE!B28,GERAL[Dia],">=" &PROD_EQUIPE!$P$10,GERAL[Dia],"<=" &PROD_EQUIPE!$Q$10) -> 0 | F28: =SUMIFS(GERAL[PRA],GERAL[Equipe],PROD_EQUIPE!B28,GERAL[Dia],">=" &PROD_EQUIPE!$P$10,GERAL[Dia],"<=" &PROD_EQUIPE!$Q$10) -> 0 | G28: =SUMIFS(GERAL[PRE],GERAL[Equipe],PROD_EQUIPE!B28,GERAL[Dia],">=" &PROD_EQUIPE!$P$10,GERAL[Dia],"<=" &PROD_EQUIPE!$Q$10) -> 0 | H28: =SUMIFS(GERAL[PV''s],GERAL[Equipe],PROD_EQUIPE!B28,GERAL[Dia],">=" &PROD_EQUIPE!$P$10,GERAL[Dia],"<=" &PROD_EQUIPE!$Q$10) -> 0 | I28: =SUMIFS(GERAL[LIE],GERAL[Equipe],PROD_EQUIPE!B28,GERAL[Dia],">=" &PROD_EQUIPE!$P$10,GERAL[Dia],"<=" &PROD_EQUIPE!$Q$10) -> 0 | J28: =SUMIFS(GERAL[LIA],GERAL[Equipe],PROD_EQUIPE!B28,GERAL[Dia],">=" &PROD_EQUIPE!$P$10,GERAL[Dia],"<=" &PROD_EQUIPE!$Q$10) -> 0 | K28: =SUMIFS(GERAL[IHM],GERAL[Equipe],PROD_EQUIPE!B28,GERAL[Dia],">=" &PROD_EQUIPE!$P$10,GERAL[Dia],"<=" &PROD_EQUIPE!$Q$10) -> 0 | L28: =IFERROR(D28/C28,"") | M28: =IFERROR(E28/C28,"") | N28: =IFERROR(F28/C28,"") | O28: =IFERROR(G28/C28,"") | P28: =IFERROR(SUM(F28:G28)/C28,"") | Q28: =IFERROR(SUM(D28:E28)/C28,"")
C29: =COUNTIFS(GERAL[Dia Útil],"SIM",GERAL[Equipe],PROD_EQUIPE!B29,GERAL[Dia],">=" &PROD_EQUIPE!$P$10,GERAL[Dia],"<=" &PROD_EQUIPE!$Q$10) -> 0 | D29: =SUMIFS(GERAL[LA],GERAL[Equipe],PROD_EQUIPE!B29,GERAL[Dia],">=" &PROD_EQUIPE!$P$10,GERAL[Dia],"<=" &PROD_EQUIPE!$Q$10) -> 0 | E29: =SUMIFS(GERAL[LE],GERAL[Equipe],PROD_EQUIPE!B29,GERAL[Dia],">=" &PROD_EQUIPE!$P$10,GERAL[Dia],"<=" &PROD_EQUIPE!$Q$10) -> 0 | F29: =SUMIFS(GERAL[PRA],GERAL[Equipe],PROD_EQUIPE!B29,GERAL[Dia],">=" &PROD_EQUIPE!$P$10,GERAL[Dia],"<=" &PROD_EQUIPE!$Q$10) -> 0 | G29: =SUMIFS(GERAL[PRE],GERAL[Equipe],PROD_EQUIPE!B29,GERAL[Dia],">=" &PROD_EQUIPE!$P$10,GERAL[Dia],"<=" &PROD_EQUIPE!$Q$10) -> 0 | H29: =SUMIFS(GERAL[PV''s],GERAL[Equipe],PROD_EQUIPE!B29,GERAL[Dia],">=" &PROD_EQUIPE!$P$10,GERAL[Dia],"<=" &PROD_EQUIPE!$Q$10) -> 0 | I29: =SUMIFS(GERAL[LIE],GERAL[Equipe],PROD_EQUIPE!B29,GERAL[Dia],">=" &PROD_EQUIPE!$P$10,GERAL[Dia],"<=" &PROD_EQUIPE!$Q$10) -> 0 | J29: =SUMIFS(GERAL[LIA],GERAL[Equipe],PROD_EQUIPE!B29,GERAL[Dia],">=" &PROD_EQUIPE!$P$10,GERAL[Dia],"<=" &PROD_EQUIPE!$Q$10) -> 0 | K29: =SUMIFS(GERAL[IHM],GERAL[Equipe],PROD_EQUIPE!B29,GERAL[Dia],">=" &PROD_EQUIPE!$P$10,GERAL[Dia],"<=" &PROD_EQUIPE!$Q$10) -> 0 | L29: =IFERROR(D29/C29,"") | M29: =IFERROR(E29/C29,"") | N29: =IFERROR(F29/C29,"") | O29: =IFERROR(G29/C29,"") | P29: =IFERROR(SUM(F29:G29)/C29,"") | Q29: =IFERROR(SUM(D29:E29)/C29,"")
C30: =COUNTIFS(GERAL[Dia Útil],"SIM",GERAL[Equipe],PROD_EQUIPE!B30,GERAL[Dia],">=" &PROD_EQUIPE!$P$10,GERAL[Dia],"<=" &PROD_EQUIPE!$Q$10) -> 0 | D30: =SUMIFS(GERAL[LA],GERAL[Equipe],PROD_EQUIPE!B30,GERAL[Dia],">=" &PROD_EQUIPE!$P$10,GERAL[Dia],"<=" &PROD_EQUIPE!$Q$10) -> 0 | E30: =SUMIFS(GERAL[LE],GERAL[Equipe],PROD_EQUIPE!B30,GERAL[Dia],">=" &PROD_EQUIPE!$P$10,GERAL[Dia],"<=" &PROD_EQUIPE!$Q$10) -> 0 | F30: =SUMIFS(GERAL[PRA],GERAL[Equipe],PROD_EQUIPE!B30,GERAL[Dia],">=" &PROD_EQUIPE!$P$10,GERAL[Dia],"<=" &PROD_EQUIPE!$Q$10) -> 0 | G30: =SUMIFS(GERAL[PRE],GERAL[Equipe],PROD_EQUIPE!B30,GERAL[Dia],">=" &PROD_EQUIPE!$P$10,GERAL[Dia],"<=" &PROD_EQUIPE!$Q$10) -> 0 | H30: =SUMIFS(GERAL[PV''s],GERAL[Equipe],PROD_EQUIPE!B30,GERAL[Dia],">=" &PROD_EQUIPE!$P$10,GERAL[Dia],"<=" &PROD_EQUIPE!$Q$10) -> 0 | I30: =SUMIFS(GERAL[LIE],GERAL[Equipe],PROD_EQUIPE!B30,GERAL[Dia],">=" &PROD_EQUIPE!$P$10,GERAL[Dia],"<=" &PROD_EQUIPE!$Q$10) -> 0 | J30: =SUMIFS(GERAL[LIA],GERAL[Equipe],PROD_EQUIPE!B30,GERAL[Dia],">=" &PROD_EQUIPE!$P$10,GERAL[Dia],"<=" &PROD_EQUIPE!$Q$10) -> 0 | K30: =SUMIFS(GERAL[IHM],GERAL[Equipe],PROD_EQUIPE!B30,GERAL[Dia],">=" &PROD_EQUIPE!$P$10,GERAL[Dia],"<=" &PROD_EQUIPE!$Q$10) -> 0 | L30: =IFERROR(D30/C30,"") | M30: =IFERROR(E30/C30,"") | N30: =IFERROR(F30/C30,"") | O30: =IFERROR(G30/C30,"") | P30: =IFERROR(SUM(F30:G30)/C30,"") | Q30: =IFERROR(SUM(D30:E30)/C30,"")
C31: =COUNTIFS(GERAL[Dia Útil],"SIM",GERAL[Equipe],PROD_EQUIPE!B31,GERAL[Dia],">=" &PROD_EQUIPE!$P$10,GERAL[Dia],"<=" &PROD_EQUIPE!$Q$10) -> 0 | D31: =SUMIFS(GERAL[LA],GERAL[Equipe],PROD_EQUIPE!B31,GERAL[Dia],">=" &PROD_EQUIPE!$P$10,GERAL[Dia],"<=" &PROD_EQUIPE!$Q$10) -> 0 | E31: =SUMIFS(GERAL[LE],GERAL[Equipe],PROD_EQUIPE!B31,GERAL[Dia],">=" &PROD_EQUIPE!$P$10,GERAL[Dia],"<=" &PROD_EQUIPE!$Q$10) -> 0 | F31: =SUMIFS(GERAL[PRA],GERAL[Equipe],PROD_EQUIPE!B31,GERAL[Dia],">=" &PROD_EQUIPE!$P$10,GERAL[Dia],"<=" &PROD_EQUIPE!$Q$10) -> 0 | G31: =SUMIFS(GERAL[PRE],GERAL[Equipe],PROD_EQUIPE!B31,GERAL[Dia],">=" &PROD_EQUIPE!$P$10,GERAL[Dia],"<=" &PROD_EQUIPE!$Q$10) -> 0 | H31: =SUMIFS(GERAL[PV''s],GERAL[Equipe],PROD_EQUIPE!B31,GERAL[Dia],">=" &PROD_EQUIPE!$P$10,GERAL[Dia],"<=" &PROD_EQUIPE!$Q$10) -> 0 | I31: =SUMIFS(GERAL[LIE],GERAL[Equipe],PROD_EQUIPE!B31,GERAL[Dia],">=" &PROD_EQUIPE!$P$10,GERAL[Dia],"<=" &PROD_EQUIPE!$Q$10) -> 0 | J31: =SUMIFS(GERAL[LIA],GERAL[Equipe],PROD_EQUIPE!B31,GERAL[Dia],">=" &PROD_EQUIPE!$P$10,GERAL[Dia],"<=" &PROD_EQUIPE!$Q$10) -> 0 | K31: =SUMIFS(GERAL[IHM],GERAL[Equipe],PROD_EQUIPE!B31,GERAL[Dia],">=" &PROD_EQUIPE!$P$10,GERAL[Dia],"<=" &PROD_EQUIPE!$Q$10) -> 0 | L31: =IFERROR(D31/C31,"") | M31: =IFERROR(E31/C31,"") | N31: =IFERROR(F31/C31,"") | O31: =IFERROR(G31/C31,"") | P31: =IFERROR(SUM(F31:G31)/C31,"") | Q31: =IFERROR(SUM(D31:E31)/C31,"")
... C33: =COUNTIFS(GERAL[Dia Útil],"SIM",GERAL[Equipe],PROD_EQUIPE!B33,GERAL[Dia],">=" &PROD_EQUIPE!$P$10,GERAL[Dia],"<=" &PROD_EQUIPE!$Q$10) -> 0 | D33: =SUMIFS(GERAL[LA],GERAL[Equipe],PROD_EQUIPE!B33,GERAL[Dia],">=" &PROD_EQUIPE!$P$10,GERAL[Dia],"<=" &PROD_EQUIPE!$Q$10) -> 0 | E33: =SUMIFS(GERAL[LE],GERAL[Equipe],PROD_EQUIPE!B33,GERAL[Dia],">=" &PROD_EQUIPE!$P$10,GERAL[Dia],"<=" &PROD_EQUIPE!$Q$10) -> 0 | F33: =SUMIFS(GERAL[PRA],GERAL[Equipe],PROD_EQUIPE!B33,GERAL[Dia],">=" &PROD_EQUIPE!$P$10,GERAL[Dia],"<=" &PROD_EQUIPE!$Q$10) -> 0 | G33: =SUMIFS(GERAL[PRE],GERAL[Equipe],PROD_EQUIPE!B33,GERAL[Dia],">=" &PROD_EQUIPE!$P$10,GERAL[Dia],"<=" &PROD_EQUIPE!$Q$10) -> 0 | H33: =SUMIFS(GERAL[PV''s],GERAL[Equipe],PROD_EQUIPE!B33,GERAL[Dia],">=" &PROD_EQUIPE!$P$10,GERAL[Dia],"<=" &PROD_EQUIPE!$Q$10) -> 0 | I33: =SUMIFS(GERAL[LIE],GERAL[Equipe],PROD_EQUIPE!B33,GERAL[Dia],">=" &PROD_EQUIPE!$P$10,GERAL[Dia],"<=" &PROD_EQUIPE!$Q$10) -> 0 | J33: =SUMIFS(GERAL[LIA],GERAL[Equipe],PROD_EQUIPE!B33,GERAL[Dia],">=" &PROD_EQUIPE!$P$10,GERAL[Dia],"<=" &PROD_EQUIPE!$Q$10) -> 0 | K33: =SUMIFS(GERAL[IHM],GERAL[Equipe],PROD_EQUIPE!B33,GERAL[Dia],">=" &PROD_EQUIPE!$P$10,GERAL[Dia],"<=" &PROD_EQUIPE!$Q$10) -> 0 | L33: =IFERROR(D33/C33,"") | M33: =IFERROR(E33/C33,"") | N33: =IFERROR(F33/C33,"") | O33: =IFERROR(G33/C33,"") | P33: =IFERROR(SUM(F33:G33)/C33,"") | Q33: =IFERROR(SUM(D33:E33)/C33,"")

Sheet PROD_NÚCLEO
R2: Informar período
E3: SE LIGA NA REDE - SANTOS
E4: PRODUÇÃO POR NÚCLEO - RUA
J7: PRODUTIVIDADE MÉDIA | L7: =IFERROR(AVERAGE(L14:L46),"") -> 0.57727938 | M7: =IFERROR(AVERAGE(M14:M46),"") -> 1.7684503 | N7: =IFERROR(AVERAGE(N14:N46),"") -> 2.8331813 | O7: =IFERROR(AVERAGE(O14:O46),"") -> 1.7282698 | P7: =IFERROR(AVERAGE(P14:P46),"") -> 4.5614511 | Q7: =IFERROR(AVERAGE(Q14:Q46),"") -> 2.3457297
J8: MÉDIA INTERNA | L8: {=IFERROR(TRIMMEAN(IF(L14:L46>0.01,L14:L46),40%),"")} -> 1.876158 | M8: {=IFERROR(TRIMMEAN(IF(M14:M46>0.01,M14:M46),40%),"")} -> 1.8946937 | N8: {=IFERROR(TRIMMEAN(IF(N14:N46>0.01,N14:N46),40%),"")} -> 7.1111111 | O8: {=IFERROR(TRIMMEAN(IF(O14:O46>0.01,O14:O46),40%),"")} -> 2.5582492 | P8: {=IFERROR(TRIMMEAN(IF(P14:P46>0.01,P14:P46),40%),"")} -> 5.9992167 | Q8: {=IFERROR(TRIMMEAN(IF(Q14:Q46>0.01,Q14:Q46),40%),"")} -> 2.1799027
P10: DE | Q10: ATÉ
O11: PERÍODO | P11: 46052 | Q11: =TODAY()-1 -> 46135
C12: =SUM(C14:C996) -> 127 | D12: =SUM(D14:D996) -> 160 | E12: =SUM(E14:E996) -> 144 | F12: =SUM(F14:F996) -> 747 | G12: =SUM(G14:G996) -> 244 | H12: =SUM(H14:H996) -> 27 | I12: =SUM(I14:I996) -> 28 | J12: =SUM(J14:J996) -> 274 | K12: =SUM(K14:K996) -> 72
B13: RUA | C13: DIAS ÚTEIS | D13: LA | E13: LE | F13: PRA | G13: PRE | H13: PV's | I13: LIE | J13: LIA | K13: IHM | L13: Ind. Prod. LA | M13: Ind Prod LE | N13: Ind Prod PRA | O13: Ind Prod PRE | P13: IND. PROD REDE | Q13: IND. PROD LIG
B14: BECO 10 | C14: =COUNTIFS(GERAL[Dia Útil],"SIM",GERAL[Rua],B14,GERAL[Dia],">=" &$P$11,GERAL[Dia],"<=" &$Q$11) -> 6 | D14: =SUMIFS(GERAL[LA],GERAL[Rua],B14,GERAL[Dia],">=" &$P$11,GERAL[Dia],"<=" &$Q$11) -> 0 | E14: =SUMIFS(GERAL[LE],GERAL[Rua],B14,GERAL[Dia],">=" &$P$11,GERAL[Dia],"<=" &$Q$11) -> 4 | F14: =SUMIFS(GERAL[PRA],GERAL[Rua],B14,GERAL[Dia],">=" &$P$11,GERAL[Dia],"<=" &$Q$11) -> 0 | G14: =SUMIFS(GERAL[PRE],GERAL[Rua],B14,GERAL[Dia],">=" &$P$11,GERAL[Dia],"<=" &$Q$11) -> 26 | H14: =SUMIFS(GERAL[PV''s],GERAL[Rua],B14,GERAL[Dia],">=" &$P$11,GERAL[Dia],"<=" &$Q$11) -> 0 | I14: =SUMIFS(GERAL[LIE],GERAL[Rua],B14,GERAL[Dia],">=" &$P$11,GERAL[Dia],"<=" &$Q$11) -> 0 | J14: =SUMIFS(GERAL[LIA],GERAL[Rua],B14,GERAL[Dia],">=" &$P$11,GERAL[Dia],"<=" &$Q$11) -> 0 | K14: =SUMIFS(GERAL[IHM],GERAL[Rua],B14,GERAL[Dia],">=" &$P$11,GERAL[Dia],"<=" &$Q$11) -> 0 | L14: =IFERROR(D14/C14,"") -> 0 | M14: =IFERROR(E14/C14,"") -> 0.66666667 | N14: =IFERROR(F14/C14,"") -> 0 | O14: =IFERROR(G14/C14,"") -> 4.3333333 | P14: =IFERROR(SUM(F14:G14)/C14,"") -> 4.3333333 | Q14: =IFERROR(SUM(D14:E14)/C14,"") -> 0.66666667
B15: BECO 11 | C15: =COUNTIFS(GERAL[Dia Útil],"SIM",GERAL[Rua],B15,GERAL[Dia],">=" &$P$11,GERAL[Dia],"<=" &$Q$11) -> 9 | D15: =SUMIFS(GERAL[LA],GERAL[Rua],B15,GERAL[Dia],">=" &$P$11,GERAL[Dia],"<=" &$Q$11) -> 7 | E15: =SUMIFS(GERAL[LE],GERAL[Rua],B15,GERAL[Dia],">=" &$P$11,GERAL[Dia],"<=" &$Q$11) -> 14 | F15: =SUMIFS(GERAL[PRA],GERAL[Rua],B15,GERAL[Dia],">=" &$P$11,GERAL[Dia],"<=" &$Q$11) -> 60 | G15: =SUMIFS(GERAL[PRE],GERAL[Rua],B15,GERAL[Dia],">=" &$P$11,GERAL[Dia],"<=" &$Q$11) -> 17 | H15: =SUMIFS(GERAL[PV''s],GERAL[Rua],B15,GERAL[Dia],">=" &$P$11,GERAL[Dia],"<=" &$Q$11) -> 2 | I15: =SUMIFS(GERAL[LIE],GERAL[Rua],B15,GERAL[Dia],">=" &$P$11,GERAL[Dia],"<=" &$Q$11) -> 0 | J15: =SUMIFS(GERAL[LIA],GERAL[Rua],B15,GERAL[Dia],">=" &$P$11,GERAL[Dia],"<=" &$Q$11) -> 0 | K15: =SUMIFS(GERAL[IHM],GERAL[Rua],B15,GERAL[Dia],">=" &$P$11,GERAL[Dia],"<=" &$Q$11) -> 0 | L15: =IFERROR(D15/C15,"") -> 0.77777778 | M15: =IFERROR(E15/C15,"") -> 1.5555556 | N15: =IFERROR(F15/C15,"") -> 6.6666667 | O15: =IFERROR(G15/C15,"") -> 1.8888889 | P15: =IFERROR(SUM(F15:G15)/C15,"") -> 8.5555556 | Q15: =IFERROR(SUM(D15:E15)/C15,"") -> 2.3333333
B16: BECO 11 | C16: =COUNTIFS(GERAL[Dia Útil],"SIM",GERAL[Rua],B16,GERAL[Dia],">=" &$P$11,GERAL[Dia],"<=" &$Q$11) -> 2 | D16: =SUMIFS(GERAL[LA],GERAL[Rua],B16,GERAL[Dia],">=" &$P$11,GERAL[Dia],"<=" &$Q$11) -> 0 | E16: =SUMIFS(GERAL[LE],GERAL[Rua],B16,GERAL[Dia],">=" &$P$11,GERAL[Dia],"<=" &$Q$11) -> 3 | F16: =SUMIFS(GERAL[PRA],GERAL[Rua],B16,GERAL[Dia],">=" &$P$11,GERAL[Dia],"<=" &$Q$11) -> 0 | G16: =SUMIFS(GERAL[PRE],GERAL[Rua],B16,GERAL[Dia],">=" &$P$11,GERAL[Dia],"<=" &$Q$11) -> 6 | H16: =SUMIFS(GERAL[PV''s],GERAL[Rua],B16,GERAL[Dia],">=" &$P$11,GERAL[Dia],"<=" &$Q$11) -> 0 | I16: =SUMIFS(GERAL[LIE],GERAL[Rua],B16,GERAL[Dia],">=" &$P$11,GERAL[Dia],"<=" &$Q$11) -> 0 | J16: =SUMIFS(GERAL[LIA],GERAL[Rua],B16,GERAL[Dia],">=" &$P$11,GERAL[Dia],"<=" &$Q$11) -> 0 | K16: =SUMIFS(GERAL[IHM],GERAL[Rua],B16,GERAL[Dia],">=" &$P$11,GERAL[Dia],"<=" &$Q$11) -> 0 | L16: =IFERROR(D16/C16,"") -> 0 | M16: =IFERROR(E16/C16,"") -> 1.5 | N16: =IFERROR(F16/C16,"") -> 0 | O16: =IFERROR(G16/C16,"") -> 3 | P16: =IFERROR(SUM(F16:G16)/C16,"") -> 3 | Q16: =IFERROR(SUM(D16:E16)/C16,"") -> 1.5
B17: BECO 12 | C17: =COUNTIFS(GERAL[Dia Útil],"SIM",GERAL[Rua],B17,GERAL[Dia],">=" &$P$11,GERAL[Dia],"<=" &$Q$11) -> 3 | D17: =SUMIFS(GERAL[LA],GERAL[Rua],B17,GERAL[Dia],">=" &$P$11,GERAL[Dia],"<=" &$Q$11) -> 0 | E17: =SUMIFS(GERAL[LE],GERAL[Rua],B17,GERAL[Dia],">=" &$P$11,GERAL[Dia],"<=" &$Q$11) -> 7 | F17: =SUMIFS(GERAL[PRA],GERAL[Rua],B17,GERAL[Dia],">=" &$P$11,GERAL[Dia],"<=" &$Q$11) -> 0 | G17: =SUMIFS(GERAL[PRE],GERAL[Rua],B17,GERAL[Dia],">=" &$P$11,GERAL[Dia],"<=" &$Q$11) -> 3 | H17: =SUMIFS(GERAL[PV''s],GERAL[Rua],B17,GERAL[Dia],">=" &$P$11,GERAL[Dia],"<=" &$Q$11) -> 2 | I17: =SUMIFS(GERAL[LIE],GERAL[Rua],B17,GERAL[Dia],">=" &$P$11,GERAL[Dia],"<=" &$Q$11) -> 0 | J17: =SUMIFS(GERAL[LIA],GERAL[Rua],B17,GERAL[Dia],">=" &$P$11,GERAL[Dia],"<=" &$Q$11) -> 0 | K17: =SUMIFS(GERAL[IHM],GERAL[Rua],B17,GERAL[Dia],">=" &$P$11,GERAL[Dia],"<=" &$Q$11) -> 0 | L17: =IFERROR(D17/C17,"") -> 0 | M17: =IFERROR(E17/C17,"") -> 2.3333333 | N17: =IFERROR(F17/C17,"") -> 0 | O17: =IFERROR(G17/C17,"") -> 1 | P17: =IFERROR(SUM(F17:G17)/C17,"") -> 1 | Q17: =IFERROR(SUM(D17:E17)/C17,"") -> 2.3333333
B18: BECO 14 | C18: =COUNTIFS(GERAL[Dia Útil],"SIM",GERAL[Rua],B18,GERAL[Dia],">=" &$P$11,GERAL[Dia],"<=" &$Q$11) -> 7 | D18: =SUMIFS(GERAL[LA],GERAL[Rua],B18,GERAL[Dia],">=" &$P$11,GERAL[Dia],"<=" &$Q$11) -> 0 | E18: =SUMIFS(GERAL[LE],GERAL[Rua],B18,GERAL[Dia],">=" &$P$11,GERAL[Dia],"<=" &$Q$11) -> 17 | F18: =SUMIFS(GERAL[PRA],GERAL[Rua],B18,GERAL[Dia],">=" &$P$11,GERAL[Dia],"<=" &$Q$11) -> 56 | G18: =SUMIFS(GERAL[PRE],GERAL[Rua],B18,GERAL[Dia],">=" &$P$11,GERAL[Dia],"<=" &$Q$11) -> 6 | H18: =SUMIFS(GERAL[PV''s],GERAL[Rua],B18,GERAL[Dia],">=" &$P$11,GERAL[Dia],"<=" &$Q$11) -> 1 | I18: =SUMIFS(GERAL[LIE],GERAL[Rua],B18,GERAL[Dia],">=" &$P$11,GERAL[Dia],"<=" &$Q$11) -> 0 | J18: =SUMIFS(GERAL[LIA],GERAL[Rua],B18,GERAL[Dia],">=" &$P$11,GERAL[Dia],"<=" &$Q$11) -> 0 | K18: =SUMIFS(GERAL[IHM],GERAL[Rua],B18,GERAL[Dia],">=" &$P$11,GERAL[Dia],"<=" &$Q$11) -> 0 | L18: =IFERROR(D18/C18,"") -> 0 | M18: =IFERROR(E18/C18,"") -> 2.4285714 | N18: =IFERROR(F18/C18,"") -> 8 | O18: =IFERROR(G18/C18,"") -> 0.85714286 | P18: =IFERROR(SUM(F18:G18)/C18,"") -> 8.8571429 | Q18: =IFERROR(SUM(D18:E18)/C18,"") -> 2.4285714
B19: BECO 16 | C19: =COUNTIFS(GERAL[Dia Útil],"SIM",GERAL[Rua],B19,GERAL[Dia],">=" &$P$11,GERAL[Dia],"<=" &$Q$11) -> 11 | D19: =SUMIFS(GERAL[LA],GERAL[Rua],B19,GERAL[Dia],">=" &$P$11,GERAL[Dia],"<=" &$Q$11) -> 0 | E19: =SUMIFS(GERAL[LE],GERAL[Rua],B19,GERAL[Dia],">=" &$P$11,GERAL[Dia],"<=" &$Q$11) -> 28 | F19: =SUMIFS(GERAL[PRA],GERAL[Rua],B19,GERAL[Dia],">=" &$P$11,GERAL[Dia],"<=" &$Q$11) -> 60 | G19: =SUMIFS(GERAL[PRE],GERAL[Rua],B19,GERAL[Dia],">=" &$P$11,GERAL[Dia],"<=" &$Q$11) -> 30 | H19: =SUMIFS(GERAL[PV''s],GERAL[Rua],B19,GERAL[Dia],">=" &$P$11,GERAL[Dia],"<=" &$Q$11) -> 3 | I19: =SUMIFS(GERAL[LIE],GERAL[Rua],B19,GERAL[Dia],">=" &$P$11,GERAL[Dia],"<=" &$Q$11) -> 0 | J19: =SUMIFS(GERAL[LIA],GERAL[Rua],B19,GERAL[Dia],">=" &$P$11,GERAL[Dia],"<=" &$Q$11) -> 0 | K19: =SUMIFS(GERAL[IHM],GERAL[Rua],B19,GERAL[Dia],">=" &$P$11,GERAL[Dia],"<=" &$Q$11) -> 0 | L19: =IFERROR(D19/C19,"") -> 0 | M19: =IFERROR(E19/C19,"") -> 2.5454545 | N19: =IFERROR(F19/C19,"") -> 5.4545455 | O19: =IFERROR(G19/C19,"") -> 2.7272727 | P19: =IFERROR(SUM(F19:G19)/C19,"") -> 8.1818182 | Q19: =IFERROR(SUM(D19:E19)/C19,"") -> 2.5454545
B20: BECO 17 | C20: =COUNTIFS(GERAL[Dia Útil],"SIM",GERAL[Rua],B20,GERAL[Dia],">=" &$P$11,GERAL[Dia],"<=" &$Q$11) -> 1 | D20: =SUMIFS(GERAL[LA],GERAL[Rua],B20,GERAL[Dia],">=" &$P$11,GERAL[Dia],"<=" &$Q$11) -> 0 | E20: =SUMIFS(GERAL[LE],GERAL[Rua],B20,GERAL[Dia],">=" &$P$11,GERAL[Dia],"<=" &$Q$11) -> 2 | F20: =SUMIFS(GERAL[PRA],GERAL[Rua],B20,GERAL[Dia],">=" &$P$11,GERAL[Dia],"<=" &$Q$11) -> 0 | G20: =SUMIFS(GERAL[PRE],GERAL[Rua],B20,GERAL[Dia],">=" &$P$11,GERAL[Dia],"<=" &$Q$11) -> 0 | H20: =SUMIFS(GERAL[PV''s],GERAL[Rua],B20,GERAL[Dia],">=" &$P$11,GERAL[Dia],"<=" &$Q$11) -> 0 | I20: =SUMIFS(GERAL[LIE],GERAL[Rua],B20,GERAL[Dia],">=" &$P$11,GERAL[Dia],"<=" &$Q$11) -> 0 | J20: =SUMIFS(GERAL[LIA],GERAL[Rua],B20,GERAL[Dia],">=" &$P$11,GERAL[Dia],"<=" &$Q$11) -> 0 | K20: =SUMIFS(GERAL[IHM],GERAL[Rua],B20,GERAL[Dia],">=" &$P$11,GERAL[Dia],"<=" &$Q$11) -> 0 | L20: =IFERROR(D20/C20,"") -> 0 | M20: =IFERROR(E20/C20,"") -> 2 | N20: =IFERROR(F20/C20,"") -> 0 | O20: =IFERROR(G20/C20,"") -> 0 | P20: =IFERROR(SUM(F20:G20)/C20,"") -> 0 | Q20: =IFERROR(SUM(D20:E20)/C20,"") -> 2
B21: BECO 17 | C21: =COUNTIFS(GERAL[Dia Útil],"SIM",GERAL[Rua],B21,GERAL[Dia],">=" &$P$11,GERAL[Dia],"<=" &$Q$11) -> 5 | D21: =SUMIFS(GERAL[LA],GERAL[Rua],B21,GERAL[Dia],">=" &$P$11,GERAL[Dia],"<=" &$Q$11) -> 0 | E21: =SUMIFS(GERAL[LE],GERAL[Rua],B21,GERAL[Dia],">=" &$P$11,GERAL[Dia],"<=" &$Q$11) -> 12 | F21: =SUMIFS(GERAL[PRA],GERAL[Rua],B21,GERAL[Dia],">=" &$P$11,GERAL[Dia],"<=" &$Q$11) -> 0 | G21: =SUMIFS(GERAL[PRE],GERAL[Rua],B21,GERAL[Dia],">=" &$P$11,GERAL[Dia],"<=" &$Q$11) -> 12 | H21: =SUMIFS(GERAL[PV''s],GERAL[Rua],B21,GERAL[Dia],">=" &$P$11,GERAL[Dia],"<=" &$Q$11) -> 0 | I21: =SUMIFS(GERAL[LIE],GERAL[Rua],B21,GERAL[Dia],">=" &$P$11,GERAL[Dia],"<=" &$Q$11) -> 0 | J21: =SUMIFS(GERAL[LIA],GERAL[Rua],B21,GERAL[Dia],">=" &$P$11,GERAL[Dia],"<=" &$Q$11) -> 0 | K21: =SUMIFS(GERAL[IHM],GERAL[Rua],B21,GERAL[Dia],">=" &$P$11,GERAL[Dia],"<=" &$Q$11) -> 0 | L21: =IFERROR(D21/C21,"") -> 0 | M21: =IFERROR(E21/C21,"") -> 2.4 | N21: =IFERROR(F21/C21,"") -> 0 | O21: =IFERROR(G21/C21,"") -> 2.4 | P21: =IFERROR(SUM(F21:G21)/C21,"") -> 2.4 | Q21: =IFERROR(SUM(D21:E21)/C21,"") -> 2.4
B22: BECO 3 | C22: =COUNTIFS(GERAL[Dia Útil],"SIM",GERAL[Rua],B22,GERAL[Dia],">=" &$P$11,GERAL[Dia],"<=" &$Q$11) -> 5 | D22: =SUMIFS(GERAL[LA],GERAL[Rua],B22,GERAL[Dia],">=" &$P$11,GERAL[Dia],"<=" &$Q$11) -> 11 | E22: =SUMIFS(GERAL[LE],GERAL[Rua],B22,GERAL[Dia],">=" &$P$11,GERAL[Dia],"<=" &$Q$11) -> 12 | F22: =SUMIFS(GERAL[PRA],GERAL[Rua],B22,GERAL[Dia],">=" &$P$11,GERAL[Dia],"<=" &$Q$11) -> 0 | G22: =SUMIFS(GERAL[PRE],GERAL[Rua],B22,GERAL[Dia],">=" &$P$11,GERAL[Dia],"<=" &$Q$11) -> 0 | H22: =SUMIFS(GERAL[PV''s],GERAL[Rua],B22,GERAL[Dia],">=" &$P$11,GERAL[Dia],"<=" &$Q$11) -> 0 | I22: =SUMIFS(GERAL[LIE],GERAL[Rua],B22,GERAL[Dia],">=" &$P$11,GERAL[Dia],"<=" &$Q$11) -> 0 | J22: =SUMIFS(GERAL[LIA],GERAL[Rua],B22,GERAL[Dia],">=" &$P$11,GERAL[Dia],"<=" &$Q$11) -> 0 | K22: =SUMIFS(GERAL[IHM],GERAL[Rua],B22,GERAL[Dia],">=" &$P$11,GERAL[Dia],"<=" &$Q$11) -> 15 | L22: =IFERROR(D22/C22,"") -> 2.2 | M22: =IFERROR(E22/C22,"") -> 2.4 | N22: =IFERROR(F22/C22,"") -> 0 | O22: =IFERROR(G22/C22,"") -> 0 | P22: =IFERROR(SUM(F22:G22)/C22,"") -> 0 | Q22: =IFERROR(SUM(D22:E22)/C22,"") -> 4.6
B23: BECO 8 | C23: =COUNTIFS(GERAL[Dia Útil],"SIM",GERAL[Rua],B23,GERAL[Dia],">=" &$P$11,GERAL[Dia],"<=" &$Q$11) -> 1 | D23: =SUMIFS(GERAL[LA],GERAL[Rua],B23,GERAL[Dia],">=" &$P$11,GERAL[Dia],"<=" &$Q$11) -> 0 | E23: =SUMIFS(GERAL[LE],GERAL[Rua],B23,GERAL[Dia],">=" &$P$11,GERAL[Dia],"<=" &$Q$11) -> 1 | F23: =SUMIFS(GERAL[PRA],GERAL[Rua],B23,GERAL[Dia],">=" &$P$11,GERAL[Dia],"<=" &$Q$11) -> 0 | G23: =SUMIFS(GERAL[PRE],GERAL[Rua],B23,GERAL[Dia],">=" &$P$11,GERAL[Dia],"<=" &$Q$11) -> 0 | H23: =SUMIFS(GERAL[PV''s],GERAL[Rua],B23,GERAL[Dia],">=" &$P$11,GERAL[Dia],"<=" &$Q$11) -> 0 | I23: =SUMIFS(GERAL[LIE],GERAL[Rua],B23,GERAL[Dia],">=" &$P$11,GERAL[Dia],"<=" &$Q$11) -> 0 | J23: =SUMIFS(GERAL[LIA],GERAL[Rua],B23,GERAL[Dia],">=" &$P$11,GERAL[Dia],"<=" &$Q$11) -> 0 | K23: =SUMIFS(GERAL[IHM],GERAL[Rua],B23,GERAL[Dia],">=" &$P$11,GERAL[Dia],"<=" &$Q$11) -> 0 | L23: =IFERROR(D23/C23,"") -> 0 | M23: =IFERROR(E23/C23,"") -> 1 | N23: =IFERROR(F23/C23,"") -> 0 | O23: =IFERROR(G23/C23,"") -> 0 | P23: =IFERROR(SUM(F23:G23)/C23,"") -> 0 | Q23: =IFERROR(SUM(D23:E23)/C23,"") -> 1
B24: BECO 9 | C24: =COUNTIFS(GERAL[Dia Útil],"SIM",GERAL[Rua],B24,GERAL[Dia],">=" &$P$11,GERAL[Dia],"<=" &$Q$11) -> 3 | D24: =SUMIFS(GERAL[LA],GERAL[Rua],B24,GERAL[Dia],">=" &$P$11,GERAL[Dia],"<=" &$Q$11) -> 0 | E24: =SUMIFS(GERAL[LE],GERAL[Rua],B24,GERAL[Dia],">=" &$P$11,GERAL[Dia],"<=" &$Q$11) -> 8 | F24: =SUMIFS(GERAL[PRA],GERAL[Rua],B24,GERAL[Dia],">=" &$P$11,GERAL[Dia],"<=" &$Q$11) -> 0 | G24: =SUMIFS(GERAL[PRE],GERAL[Rua],B24,GERAL[Dia],">=" &$P$11,GERAL[Dia],"<=" &$Q$11) -> 0 | H24: =SUMIFS(GERAL[PV''s],GERAL[Rua],B24,GERAL[Dia],">=" &$P$11,GERAL[Dia],"<=" &$Q$11) -> 0 | I24: =SUMIFS(GERAL[LIE],GERAL[Rua],B24,GERAL[Dia],">=" &$P$11,GERAL[Dia],"<=" &$Q$11) -> 0 | J24: =SUMIFS(GERAL[LIA],GERAL[Rua],B24,GERAL[Dia],">=" &$P$11,GERAL[Dia],"<=" &$Q$11) -> 0 | K24: =SUMIFS(GERAL[IHM],GERAL[Rua],B24,GERAL[Dia],">=" &$P$11,GERAL[Dia],"<=" &$Q$11) -> 0 | L24: =IFERROR(D24/C24,"") -> 0 | M24: =IFERROR(E24/C24,"") -> 2.6666667 | N24: =IFERROR(F24/C24,"") -> 0 | O24: =IFERROR(G24/C24,"") -> 0 | P24: =IFERROR(SUM(F24:G24)/C24,"") -> 0 | Q24: =IFERROR(SUM(D24:E24)/C24,"") -> 2.6666667
B25: CHUVA | C25: =COUNTIFS(GERAL[Dia Útil],"SIM",GERAL[Rua],B25,GERAL[Dia],">=" &$P$11,GERAL[Dia],"<=" &$Q$11) -> 0 | D25: =SUMIFS(GERAL[LA],GERAL[Rua],B25,GERAL[Dia],">=" &$P$11,GERAL[Dia],"<=" &$Q$11) -> 0 | E25: =SUMIFS(GERAL[LE],GERAL[Rua],B25,GERAL[Dia],">=" &$P$11,GERAL[Dia],"<=" &$Q$11) -> 0 | F25: =SUMIFS(GERAL[PRA],GERAL[Rua],B25,GERAL[Dia],">=" &$P$11,GERAL[Dia],"<=" &$Q$11) -> 0 | G25: =SUMIFS(GERAL[PRE],GERAL[Rua],B25,GERAL[Dia],">=" &$P$11,GERAL[Dia],"<=" &$Q$11) -> 0 | H25: =SUMIFS(GERAL[PV''s],GERAL[Rua],B25,GERAL[Dia],">=" &$P$11,GERAL[Dia],"<=" &$Q$11) -> 0 | I25: =SUMIFS(GERAL[LIE],GERAL[Rua],B25,GERAL[Dia],">=" &$P$11,GERAL[Dia],"<=" &$Q$11) -> 0 | J25: =SUMIFS(GERAL[LIA],GERAL[Rua],B25,GERAL[Dia],">=" &$P$11,GERAL[Dia],"<=" &$Q$11) -> 0 | K25: =SUMIFS(GERAL[IHM],GERAL[Rua],B25,GERAL[Dia],">=" &$P$11,GERAL[Dia],"<=" &$Q$11) -> 0 | L25: =IFERROR(D25/C25,"") | M25: =IFERROR(E25/C25,"") | N25: =IFERROR(F25/C25,"") | O25: =IFERROR(G25/C25,"") | P25: =IFERROR(SUM(F25:G25)/C25,"") | Q25: =IFERROR(SUM(D25:E25)/C25,"")
... B28: (vazio) | C28: =COUNTIFS(GERAL[Dia Útil],"SIM",GERAL[Rua],B28,GERAL[Dia],">=" &$P$11,GERAL[Dia],"<=" &$Q$11) -> 0 | D28: =SUMIFS(GERAL[LA],GERAL[Rua],B28,GERAL[Dia],">=" &$P$11,GERAL[Dia],"<=" &$Q$11) -> 0 | E28: =SUMIFS(GERAL[LE],GERAL[Rua],B28,GERAL[Dia],">=" &$P$11,GERAL[Dia],"<=" &$Q$11) -> 0 | F28: =SUMIFS(GERAL[PRA],GERAL[Rua],B28,GERAL[Dia],">=" &$P$11,GERAL[Dia],"<=" &$Q$11) -> 0 | G28: =SUMIFS(GERAL[PRE],GERAL[Rua],B28,GERAL[Dia],">=" &$P$11,GERAL[Dia],"<=" &$Q$11) -> 0 | H28: =SUMIFS(GERAL[PV''s],GERAL[Rua],B28,GERAL[Dia],">=" &$P$11,GERAL[Dia],"<=" &$Q$11) -> 0 | I28: =SUMIFS(GERAL[LIE],GERAL[Rua],B28,GERAL[Dia],">=" &$P$11,GERAL[Dia],"<=" &$Q$11) -> 0 | J28: =SUMIFS(GERAL[LIA],GERAL[Rua],B28,GERAL[Dia],">=" &$P$11,GERAL[Dia],"<=" &$Q$11) -> 0 | K28: =SUMIFS(GERAL[IHM],GERAL[Rua],B28,GERAL[Dia],">=" &$P$11,GERAL[Dia],"<=" &$Q$11) -> 0 | L28: =IFERROR(D28/C28,"") | M28: =IFERROR(E28/C28,"") | N28: =IFERROR(F28/C28,"") | O28: =IFERROR(G28/C28,"") | P28: =IFERROR(SUM(F28:G28)/C28,"") | Q28: =IFERROR(SUM(D28:E28)/C28,"")
C29: =COUNTIFS(GERAL[Dia Útil],"SIM",GERAL[Rua],B29,GERAL[Dia],">=" &$P$11,GERAL[Dia],"<=" &$Q$11) -> 0 | D29: =SUMIFS(GERAL[LA],GERAL[Rua],B29,GERAL[Dia],">=" &$P$11,GERAL[Dia],"<=" &$Q$11) -> 0 | E29: =SUMIFS(GERAL[LE],GERAL[Rua],B29,GERAL[Dia],">=" &$P$11,GERAL[Dia],"<=" &$Q$11) -> 0 | F29: =SUMIFS(GERAL[PRA],GERAL[Rua],B29,GERAL[Dia],">=" &$P$11,GERAL[Dia],"<=" &$Q$11) -> 0 | G29: =SUMIFS(GERAL[PRE],GERAL[Rua],B29,GERAL[Dia],">=" &$P$11,GERAL[Dia],"<=" &$Q$11) -> 0 | H29: =SUMIFS(GERAL[PV''s],GERAL[Rua],B29,GERAL[Dia],">=" &$P$11,GERAL[Dia],"<=" &$Q$11) -> 0 | I29: =SUMIFS(GERAL[LIE],GERAL[Rua],B29,GERAL[Dia],">=" &$P$11,GERAL[Dia],"<=" &$Q$11) -> 0 | J29: =SUMIFS(GERAL[LIA],GERAL[Rua],B29,GERAL[Dia],">=" &$P$11,GERAL[Dia],"<=" &$Q$11) -> 0 | K29: =SUMIFS(GERAL[IHM],GERAL[Rua],B29,GERAL[Dia],">=" &$P$11,GERAL[Dia],"<=" &$Q$11) -> 0 | L29: =IFERROR(D29/C29,"") | M29: =IFERROR(E29/C29,"") | N29: =IFERROR(F29/C29,"") | O29: =IFERROR(G29/C29,"") | P29: =IFERROR(SUM(F29:G29)/C29,"") | Q29: =IFERROR(SUM(D29:E29)/C29,"")
C30: =COUNTIFS(GERAL[Dia Útil],"SIM",GERAL[Rua],B30,GERAL[Dia],">=" &$P$11,GERAL[Dia],"<=" &$Q$11) -> 0 | D30: =SUMIFS(GERAL[LA],GERAL[Rua],B30,GERAL[Dia],">=" &$P$11,GERAL[Dia],"<=" &$Q$11) -> 0 | E30: =SUMIFS(GERAL[LE],GERAL[Rua],B30,GERAL[Dia],">=" &$P$11,GERAL[Dia],"<=" &$Q$11) -> 0 | F30: =SUMIFS(GERAL[PRA],GERAL[Rua],B30,GERAL[Dia],">=" &$P$11,GERAL[Dia],"<=" &$Q$11) -> 0 | G30: =SUMIFS(GERAL[PRE],GERAL[Rua],B30,GERAL[Dia],">=" &$P$11,GERAL[Dia],"<=" &$Q$11) -> 0 | H30: =SUMIFS(GERAL[PV''s],GERAL[Rua],B30,GERAL[Dia],">=" &$P$11,GERAL[Dia],"<=" &$Q$11) -> 0 | I30: =SUMIFS(GERAL[LIE],GERAL[Rua],B30,GERAL[Dia],">=" &$P$11,GERAL[Dia],"<=" &$Q$11) -> 0 | J30: =SUMIFS(GERAL[LIA],GERAL[Rua],B30,GERAL[Dia],">=" &$P$11,GERAL[Dia],"<=" &$Q$11) -> 0 | K30: =SUMIFS(GERAL[IHM],GERAL[Rua],B30,GERAL[Dia],">=" &$P$11,GERAL[Dia],"<=" &$Q$11) -> 0 | L30: =IFERROR(D30/C30,"") | M30: =IFERROR(E30/C30,"") | N30: =IFERROR(F30/C30,"") | O30: =IFERROR(G30/C30,"") | P30: =IFERROR(SUM(F30:G30)/C30,"") | Q30: =IFERROR(SUM(D30:E30)/C30,"")
C31: =COUNTIFS(GERAL[Dia Útil],"SIM",GERAL[Rua],B31,GERAL[Dia],">=" &$P$11,GERAL[Dia],"<=" &$Q$11) -> 0 | D31: =SUMIFS(GERAL[LA],GERAL[Rua],B31,GERAL[Dia],">=" &$P$11,GERAL[Dia],"<=" &$Q$11) -> 0 | E31: =SUMIFS(GERAL[LE],GERAL[Rua],B31,GERAL[Dia],">=" &$P$11,GERAL[Dia],"<=" &$Q$11) -> 0 | F31: =SUMIFS(GERAL[PRA],GERAL[Rua],B31,GERAL[Dia],">=" &$P$11,GERAL[Dia],"<=" &$Q$11) -> 0 | G31: =SUMIFS(GERAL[PRE],GERAL[Rua],B31,GERAL[Dia],">=" &$P$11,GERAL[Dia],"<=" &$Q$11) -> 0 | H31: =SUMIFS(GERAL[PV''s],GERAL[Rua],B31,GERAL[Dia],">=" &$P$11,GERAL[Dia],"<=" &$Q$11) -> 0 | I31: =SUMIFS(GERAL[LIE],GERAL[Rua],B31,GERAL[Dia],">=" &$P$11,GERAL[Dia],"<=" &$Q$11) -> 0 | J31: =SUMIFS(GERAL[LIA],GERAL[Rua],B31,GERAL[Dia],">=" &$P$11,GERAL[Dia],"<=" &$Q$11) -> 0 | K31: =SUMIFS(GERAL[IHM],GERAL[Rua],B31,GERAL[Dia],">=" &$P$11,GERAL[Dia],"<=" &$Q$11) -> 0 | L31: =IFERROR(D31/C31,"") | M31: =IFERROR(E31/C31,"") | N31: =IFERROR(F31/C31,"") | O31: =IFERROR(G31/C31,"") | P31: =IFERROR(SUM(F31:G31)/C31,"") | Q31: =IFERROR(SUM(D31:E31)/C31,"")
C32: =COUNTIFS(GERAL[Dia Útil],"SIM",GERAL[Rua],B32,GERAL[Dia],">=" &$P$11,GERAL[Dia],"<=" &$Q$11) -> 0 | D32: =SUMIFS(GERAL[LA],GERAL[Rua],B32,GERAL[Dia],">=" &$P$11,GERAL[Dia],"<=" &$Q$11) -> 0 | E32: =SUMIFS(GERAL[LE],GERAL[Rua],B32,GERAL[Dia],">=" &$P$11,GERAL[Dia],"<=" &$Q$11) -> 0 | F32: =SUMIFS(GERAL[PRA],GERAL[Rua],B32,GERAL[Dia],">=" &$P$11,GERAL[Dia],"<=" &$Q$11) -> 0 | G32: =SUMIFS(GERAL[PRE],GERAL[Rua],B32,GERAL[Dia],">=" &$P$11,GERAL[Dia],"<=" &$Q$11) -> 0 | H32: =SUMIFS(GERAL[PV''s],GERAL[Rua],B32,GERAL[Dia],">=" &$P$11,GERAL[Dia],"<=" &$Q$11) -> 0 | I32: =SUMIFS(GERAL[LIE],GERAL[Rua],B32,GERAL[Dia],">=" &$P$11,GERAL[Dia],"<=" &$Q$11) -> 0 | J32: =SUMIFS(GERAL[LIA],GERAL[Rua],B32,GERAL[Dia],">=" &$P$11,GERAL[Dia],"<=" &$Q$11) -> 0 | K32: =SUMIFS(GERAL[IHM],GERAL[Rua],B32,GERAL[Dia],">=" &$P$11,GERAL[Dia],"<=" &$Q$11) -> 0 | L32: =IFERROR(D32/C32,"") | M32: =IFERROR(E32/C32,"") | N32: =IFERROR(F32/C32,"") | O32: =IFERROR(G32/C32,"") | P32: =IFERROR(SUM(F32:G32)/C32,"") | Q32: =IFERROR(SUM(D32:E32)/C32,"")
C33: =COUNTIFS(GERAL[Dia Útil],"SIM",GERAL[Rua],B33,GERAL[Dia],">=" &$P$11,GERAL[Dia],"<=" &$Q$11) -> 0 | D33: =SUMIFS(GERAL[LA],GERAL[Rua],B33,GERAL[Dia],">=" &$P$11,GERAL[Dia],"<=" &$Q$11) -> 0 | E33: =SUMIFS(GERAL[LE],GERAL[Rua],B33,GERAL[Dia],">=" &$P$11,GERAL[Dia],"<=" &$Q$11) -> 0 | F33: =SUMIFS(GERAL[PRA],GERAL[Rua],B33,GERAL[Dia],">=" &$P$11,GERAL[Dia],"<=" &$Q$11) -> 0 | G33: =SUMIFS(GERAL[PRE],GERAL[Rua],B33,GERAL[Dia],">=" &$P$11,GERAL[Dia],"<=" &$Q$11) -> 0 | H33: =SUMIFS(GERAL[PV''s],GERAL[Rua],B33,GERAL[Dia],">=" &$P$11,GERAL[Dia],"<=" &$Q$11) -> 0 | I33: =SUMIFS(GERAL[LIE],GERAL[Rua],B33,GERAL[Dia],">=" &$P$11,GERAL[Dia],"<=" &$Q$11) -> 0 | J33: =SUMIFS(GERAL[LIA],GERAL[Rua],B33,GERAL[Dia],">=" &$P$11,GERAL[Dia],"<=" &$Q$11) -> 0 | K33: =SUMIFS(GERAL[IHM],GERAL[Rua],B33,GERAL[Dia],">=" &$P$11,GERAL[Dia],"<=" &$Q$11) -> 0 | L33: =IFERROR(D33/C33,"") | M33: =IFERROR(E33/C33,"") | N33: =IFERROR(F33/C33,"") | O33: =IFERROR(G33/C33,"") | P33: =IFERROR(SUM(F33:G33)/C33,"") | Q33: =IFERROR(SUM(D33:E33)/C33,"")
C34: =COUNTIFS(GERAL[Dia Útil],"SIM",GERAL[Rua],B34,GERAL[Dia],">=" &$P$11,GERAL[Dia],"<=" &$Q$11) -> 0 | D34: =SUMIFS(GERAL[LA],GERAL[Rua],B34,GERAL[Dia],">=" &$P$11,GERAL[Dia],"<=" &$Q$11) -> 0 | E34: =SUMIFS(GERAL[LE],GERAL[Rua],B34,GERAL[Dia],">=" &$P$11,GERAL[Dia],"<=" &$Q$11) -> 0 | F34: =SUMIFS(GERAL[PRA],GERAL[Rua],B34,GERAL[Dia],">=" &$P$11,GERAL[Dia],"<=" &$Q$11) -> 0 | G34: =SUMIFS(GERAL[PRE],GERAL[Rua],B34,GERAL[Dia],">=" &$P$11,GERAL[Dia],"<=" &$Q$11) -> 0 | H34: =SUMIFS(GERAL[PV''s],GERAL[Rua],B34,GERAL[Dia],">=" &$P$11,GERAL[Dia],"<=" &$Q$11) -> 0 | I34: =SUMIFS(GERAL[LIE],GERAL[Rua],B34,GERAL[Dia],">=" &$P$11,GERAL[Dia],"<=" &$Q$11) -> 0 | J34: =SUMIFS(GERAL[LIA],GERAL[Rua],B34,GERAL[Dia],">=" &$P$11,GERAL[Dia],"<=" &$Q$11) -> 0 | K34: =SUMIFS(GERAL[IHM],GERAL[Rua],B34,GERAL[Dia],">=" &$P$11,GERAL[Dia],"<=" &$Q$11) -> 0 | L34: =IFERROR(D34/C34,"") | M34: =IFERROR(E34/C34,"") | N34: =IFERROR(F34/C34,"") | O34: =IFERROR(G34/C34,"") | P34: =IFERROR(SUM(F34:G34)/C34,"") | Q34: =IFERROR(SUM(D34:E34)/C34,"")
C35: =COUNTIFS(GERAL[Dia Útil],"SIM",GERAL[Rua],B35,GERAL[Dia],">=" &$P$11,GERAL[Dia],"<=" &$Q$11) -> 0 | D35: =SUMIFS(GERAL[LA],GERAL[Rua],B35,GERAL[Dia],">=" &$P$11,GERAL[Dia],"<=" &$Q$11) -> 0 | E35: =SUMIFS(GERAL[LE],GERAL[Rua],B35,GERAL[Dia],">=" &$P$11,GERAL[Dia],"<=" &$Q$11) -> 0 | F35: =SUMIFS(GERAL[PRA],GERAL[Rua],B35,GERAL[Dia],">=" &$P$11,GERAL[Dia],"<=" &$Q$11) -> 0 | G35: =SUMIFS(GERAL[PRE],GERAL[Rua],B35,GERAL[Dia],">=" &$P$11,GERAL[Dia],"<=" &$Q$11) -> 0 | H35: =SUMIFS(GERAL[PV''s],GERAL[Rua],B35,GERAL[Dia],">=" &$P$11,GERAL[Dia],"<=" &$Q$11) -> 0 | I35: =SUMIFS(GERAL[LIE],GERAL[Rua],B35,GERAL[Dia],">=" &$P$11,GERAL[Dia],"<=" &$Q$11) -> 0 | J35: =SUMIFS(GERAL[LIA],GERAL[Rua],B35,GERAL[Dia],">=" &$P$11,GERAL[Dia],"<=" &$Q$11) -> 0 | K35: =SUMIFS(GERAL[IHM],GERAL[Rua],B35,GERAL[Dia],">=" &$P$11,GERAL[Dia],"<=" &$Q$11) -> 0 | L35: =IFERROR(D35/C35,"") | M35: =IFERROR(E35/C35,"") | N35: =IFERROR(F35/C35,"") | O35: =IFERROR(G35/C35,"") | P35: =IFERROR(SUM(F35:G35)/C35,"") | Q35: =IFERROR(SUM(D35:E35)/C35,"")
C36: =COUNTIFS(GERAL[Dia Útil],"SIM",GERAL[Rua],B36,GERAL[Dia],">=" &$P$11,GERAL[Dia],"<=" &$Q$11) -> 0 | D36: =SUMIFS(GERAL[LA],GERAL[Rua],B36,GERAL[Dia],">=" &$P$11,GERAL[Dia],"<=" &$Q$11) -> 0 | E36: =SUMIFS(GERAL[LE],GERAL[Rua],B36,GERAL[Dia],">=" &$P$11,GERAL[Dia],"<=" &$Q$11) -> 0 | F36: =SUMIFS(GERAL[PRA],GERAL[Rua],B36,GERAL[Dia],">=" &$P$11,GERAL[Dia],"<=" &$Q$11) -> 0 | G36: =SUMIFS(GERAL[PRE],GERAL[Rua],B36,GERAL[Dia],">=" &$P$11,GERAL[Dia],"<=" &$Q$11) -> 0 | H36: =SUMIFS(GERAL[PV''s],GERAL[Rua],B36,GERAL[Dia],">=" &$P$11,GERAL[Dia],"<=" &$Q$11) -> 0 | I36: =SUMIFS(GERAL[LIE],GERAL[Rua],B36,GERAL[Dia],">=" &$P$11,GERAL[Dia],"<=" &$Q$11) -> 0 | J36: =SUMIFS(GERAL[LIA],GERAL[Rua],B36,GERAL[Dia],">=" &$P$11,GERAL[Dia],"<=" &$Q$11) -> 0 | K36: =SUMIFS(GERAL[IHM],GERAL[Rua],B36,GERAL[Dia],">=" &$P$11,GERAL[Dia],"<=" &$Q$11) -> 0 | L36: =IFERROR(D36/C36,"") | M36: =IFERROR(E36/C36,"") | N36: =IFERROR(F36/C36,"") | O36: =IFERROR(G36/C36,"") | P36: =IFERROR(SUM(F36:G36)/C36,"") | Q36: =IFERROR(SUM(D36:E36)/C36,"")
C37: =COUNTIFS(GERAL[Dia Útil],"SIM",GERAL[Rua],B37,GERAL[Dia],">=" &$P$11,GERAL[Dia],"<=" &$Q$11) -> 0 | D37: =SUMIFS(GERAL[LA],GERAL[Rua],B37,GERAL[Dia],">=" &$P$11,GERAL[Dia],"<=" &$Q$11) -> 0 | E37: =SUMIFS(GERAL[LE],GERAL[Rua],B37,GERAL[Dia],">=" &$P$11,GERAL[Dia],"<=" &$Q$11) -> 0 | F37: =SUMIFS(GERAL[PRA],GERAL[Rua],B37,GERAL[Dia],">=" &$P$11,GERAL[Dia],"<=" &$Q$11) -> 0 | G37: =SUMIFS(GERAL[PRE],GERAL[Rua],B37,GERAL[Dia],">=" &$P$11,GERAL[Dia],"<=" &$Q$11) -> 0 | H37: =SUMIFS(GERAL[PV''s],GERAL[Rua],B37,GERAL[Dia],">=" &$P$11,GERAL[Dia],"<=" &$Q$11) -> 0 | I37: =SUMIFS(GERAL[LIE],GERAL[Rua],B37,GERAL[Dia],">=" &$P$11,GERAL[Dia],"<=" &$Q$11) -> 0 | J37: =SUMIFS(GERAL[LIA],GERAL[Rua],B37,GERAL[Dia],">=" &$P$11,GERAL[Dia],"<=" &$Q$11) -> 0 | K37: =SUMIFS(GERAL[IHM],GERAL[Rua],B37,GERAL[Dia],">=" &$P$11,GERAL[Dia],"<=" &$Q$11) -> 0 | L37: =IFERROR(D37/C37,"") | M37: =IFERROR(E37/C37,"") | N37: =IFERROR(F37/C37,"") | O37: =IFERROR(G37/C37,"") | P37: =IFERROR(SUM(F37:G37)/C37,"") | Q37: =IFERROR(SUM(D37:E37)/C37,"")
C38: =COUNTIFS(GERAL[Dia Útil],"SIM",GERAL[Rua],B38,GERAL[Dia],">=" &$P$11,GERAL[Dia],"<=" &$Q$11) -> 0 | D38: =SUMIFS(GERAL[LA],GERAL[Rua],B38,GERAL[Dia],">=" &$P$11,GERAL[Dia],"<=" &$Q$11) -> 0 | E38: =SUMIFS(GERAL[LE],GERAL[Rua],B38,GERAL[Dia],">=" &$P$11,GERAL[Dia],"<=" &$Q$11) -> 0 | F38: =SUMIFS(GERAL[PRA],GERAL[Rua],B38,GERAL[Dia],">=" &$P$11,GERAL[Dia],"<=" &$Q$11) -> 0 | G38: =SUMIFS(GERAL[PRE],GERAL[Rua],B38,GERAL[Dia],">=" &$P$11,GERAL[Dia],"<=" &$Q$11) -> 0 | H38: =SUMIFS(GERAL[PV''s],GERAL[Rua],B38,GERAL[Dia],">=" &$P$11,GERAL[Dia],"<=" &$Q$11) -> 0 | I38: =SUMIFS(GERAL[LIE],GERAL[Rua],B38,GERAL[Dia],">=" &$P$11,GERAL[Dia],"<=" &$Q$11) -> 0 | J38: =SUMIFS(GERAL[LIA],GERAL[Rua],B38,GERAL[Dia],">=" &$P$11,GERAL[Dia],"<=" &$Q$11) -> 0 | K38: =SUMIFS(GERAL[IHM],GERAL[Rua],B38,GERAL[Dia],">=" &$P$11,GERAL[Dia],"<=" &$Q$11) -> 0 | L38: =IFERROR(D38/C38,"") | M38: =IFERROR(E38/C38,"") | N38: =IFERROR(F38/C38,"") | O38: =IFERROR(G38/C38,"") | P38: =IFERROR(SUM(F38:G38)/C38,"") | Q38: =IFERROR(SUM(D38:E38)/C38,"")
C39: =COUNTIFS(GERAL[Dia Útil],"SIM",GERAL[Rua],B39,GERAL[Dia],">=" &$P$11,GERAL[Dia],"<=" &$Q$11) -> 0 | D39: =SUMIFS(GERAL[LA],GERAL[Rua],B39,GERAL[Dia],">=" &$P$11,GERAL[Dia],"<=" &$Q$11) -> 0 | E39: =SUMIFS(GERAL[LE],GERAL[Rua],B39,GERAL[Dia],">=" &$P$11,GERAL[Dia],"<=" &$Q$11) -> 0 | F39: =SUMIFS(GERAL[PRA],GERAL[Rua],B39,GERAL[Dia],">=" &$P$11,GERAL[Dia],"<=" &$Q$11) -> 0 | G39: =SUMIFS(GERAL[PRE],GERAL[Rua],B39,GERAL[Dia],">=" &$P$11,GERAL[Dia],"<=" &$Q$11) -> 0 | H39: =SUMIFS(GERAL[PV''s],GERAL[Rua],B39,GERAL[Dia],">=" &$P$11,GERAL[Dia],"<=" &$Q$11) -> 0 | I39: =SUMIFS(GERAL[LIE],GERAL[Rua],B39,GERAL[Dia],">=" &$P$11,GERAL[Dia],"<=" &$Q$11) -> 0 | J39: =SUMIFS(GERAL[LIA],GERAL[Rua],B39,GERAL[Dia],">=" &$P$11,GERAL[Dia],"<=" &$Q$11) -> 0 | K39: =SUMIFS(GERAL[IHM],GERAL[Rua],B39,GERAL[Dia],">=" &$P$11,GERAL[Dia],"<=" &$Q$11) -> 0 | L39: =IFERROR(D39/C39,"") | M39: =IFERROR(E39/C39,"") | N39: =IFERROR(F39/C39,"") | O39: =IFERROR(G39/C39,"") | P39: =IFERROR(SUM(F39:G39)/C39,"") | Q39: =IFERROR(SUM(D39:E39)/C39,"")
C40: =COUNTIFS(GERAL[Dia Útil],"SIM",GERAL[Rua],B40,GERAL[Dia],">=" &$P$11,GERAL[Dia],"<=" &$Q$11) -> 0 | D40: =SUMIFS(GERAL[LA],GERAL[Rua],B40,GERAL[Dia],">=" &$P$11,GERAL[Dia],"<=" &$Q$11) -> 0 | E40: =SUMIFS(GERAL[LE],GERAL[Rua],B40,GERAL[Dia],">=" &$P$11,GERAL[Dia],"<=" &$Q$11) -> 0 | F40: =SUMIFS(GERAL[PRA],GERAL[Rua],B40,GERAL[Dia],">=" &$P$11,GERAL[Dia],"<=" &$Q$11) -> 0 | G40: =SUMIFS(GERAL[PRE],GERAL[Rua],B40,GERAL[Dia],">=" &$P$11,GERAL[Dia],"<=" &$Q$11) -> 0 | H40: =SUMIFS(GERAL[PV''s],GERAL[Rua],B40,GERAL[Dia],">=" &$P$11,GERAL[Dia],"<=" &$Q$11) -> 0 | I40: =SUMIFS(GERAL[LIE],GERAL[Rua],B40,GERAL[Dia],">=" &$P$11,GERAL[Dia],"<=" &$Q$11) -> 0 | J40: =SUMIFS(GERAL[LIA],GERAL[Rua],B40,GERAL[Dia],">=" &$P$11,GERAL[Dia],"<=" &$Q$11) -> 0 | K40: =SUMIFS(GERAL[IHM],GERAL[Rua],B40,GERAL[Dia],">=" &$P$11,GERAL[Dia],"<=" &$Q$11) -> 0 | L40: =IFERROR(D40/C40,"") | M40: =IFERROR(E40/C40,"") | N40: =IFERROR(F40/C40,"") | O40: =IFERROR(G40/C40,"") | P40: =IFERROR(SUM(F40:G40)/C40,"") | Q40: =IFERROR(SUM(D40:E40)/C40,"")
... C45: =COUNTIFS(GERAL[Dia Útil],"SIM",GERAL[Rua],B45,GERAL[Dia],">=" &$P$11,GERAL[Dia],"<=" &$Q$11) -> 0 | D45: =SUMIFS(GERAL[LA],GERAL[Rua],B45,GERAL[Dia],">=" &$P$11,GERAL[Dia],"<=" &$Q$11) -> 0 | E45: =SUMIFS(GERAL[LE],GERAL[Rua],B45,GERAL[Dia],">=" &$P$11,GERAL[Dia],"<=" &$Q$11) -> 0 | F45: =SUMIFS(GERAL[PRA],GERAL[Rua],B45,GERAL[Dia],">=" &$P$11,GERAL[Dia],"<=" &$Q$11) -> 0 | G45: =SUMIFS(GERAL[PRE],GERAL[Rua],B45,GERAL[Dia],">=" &$P$11,GERAL[Dia],"<=" &$Q$11) -> 0 | H45: =SUMIFS(GERAL[PV''s],GERAL[Rua],B45,GERAL[Dia],">=" &$P$11,GERAL[Dia],"<=" &$Q$11) -> 0 | I45: =SUMIFS(GERAL[LIE],GERAL[Rua],B45,GERAL[Dia],">=" &$P$11,GERAL[Dia],"<=" &$Q$11) -> 0 | J45: =SUMIFS(GERAL[LIA],GERAL[Rua],B45,GERAL[Dia],">=" &$P$11,GERAL[Dia],"<=" &$Q$11) -> 0 | K45: =SUMIFS(GERAL[IHM],GERAL[Rua],B45,GERAL[Dia],">=" &$P$11,GERAL[Dia],"<=" &$Q$11) -> 0 | L45: =IFERROR(D45/C45,"") | M45: =IFERROR(E45/C45,"") | N45: =IFERROR(F45/C45,"") | O45: =IFERROR(G45/C45,"") | P45: =IFERROR(SUM(F45:G45)/C45,"") | Q45: =IFERROR(SUM(D45:E45)/C45,"")

Sheet PROD_META_30D
E3: SE LIGA NA REDE - SANTOS
E4: PRODUÇÃO - META DOS 30 DIAS | AG4: Data Atual: | AI4: Dia da Semana: | AM4: Semana:
AG5: =TODAY() -> 46136 | AI5: {=_xlfn.IFS( WEEKDAY(AG5,2)=1,"SEGUNDA", WEEKDAY(AG5,2)=2,"TERÇA", WEEKDAY(AG5,2)=3,"QUARTA", WEEKDAY(AG5,2)=4,"QUINTA", WEEKDAY(AG5,2)=5,"SEXTA", WEEKDAY(AG5,2)=6,"SÁBADO", WEEKDAY(AG5,2)=7,"DOMINGO" )} -> SEXTA | AM5: =_xlfn.XLOOKUP(AG5,GERAL!B:B,GERAL!A:A) -> Semana 13
AH6: Data: | AI6: {=_xlfn.IFS(AI5="SEGUNDA",AG5,AI5="TERÇA",AG5-1,AI5="QUARTA",AG5-2,AI5="QUINTA",AG5-3,AI5="SEXTA",AG5-4,AI5="SÁBADO",AG5-5,AI5="DOMINGO",AG5-6)} -> 46132 | AK6: {=_xlfn.IFS(AI5="SEGUNDA",0,AI5="TERÇA",AG5,AI5="QUARTA",AG5-1,AI5="QUINTA",AG5-2,AI5="SEXTA",AG5-3,AI5="SÁBADO",AG5-4,AI5="DOMINGO",AG5-5)} -> 46133 | AM6: {=_xlfn.IFS(AI5="SEGUNDA",0,AI5="TERÇA",0,AI5="QUARTA",AG5,AI5="QUINTA",AG5-1,AI5="SEXTA",AG5-2,AI5="SÁBADO",AG5-3,AI5="DOMINGO",AG5-4)} -> 46134 | AO6: {=_xlfn.IFS(AI5="SEGUNDA",0,AI5="TERÇA",0,AI5="QUARTA",0,AI5="QUINTA",AG5,AI5="SEXTA",AG5-1,AI5="SÁBADO",AG5-2,AI5="DOMINGO",AG5-3)} -> 46135 | AQ6: {=_xlfn.IFS(AI5="SEGUNDA",0,AI5="TERÇA",0,AI5="QUARTA",0,AI5="QUINTA",0,AI5="SEXTA",AG5,AI5="SÁBADO",AG5-1,AI5="DOMINGO",AG5-2)} -> 46136 | AS6: {=_xlfn.IFS(AI5="SEGUNDA",0,AI5="TERÇA",0,AI5="QUARTA",0,AI5="QUINTA",0,AI5="SEXTA",0,AI5="SÁBADO",AG5,AI5="DOMINGO",AG5-1)} -> 0
B7: NÚCLEO | C7: NO MÊS - ATÉ A DATA | I7: FEVEREIRO | W7: RESUMO SEMANAL | AG7: SEMANA CORRENTE | AU7: SEMANA ANTERIOR
C8: DESVIO PREV x REALIZ. | E8: PREVISTO | G8: REALIZADO | I8: ACUM SEMANA 1 | K8: ACUM SEMANA 2 | M8: ACUM SEMANA 3 | O8: ACUM SEMANA 4 | Q8: ACUM SEMANA 5 | S8: ACUM SEMANA 6 | U8: ACUM SEMANA 7 | W8: ACUM SEMANA | Y8: DESVIO SEM. | AA8: META MÊS | AC8: %Rede | AD8: %Lig | AE8: META SEMANA | AG8: META DIÁRIA | AI8: SEGUNDA | AK8: TERÇA | AM8: QUARTA | AO8: QUINTA | AQ8: SEXTA | AS8: SÁBADO | AU8: META DIÁRIA | AW8: SEGUNDA | AY8: TERÇA | BA8: QUARTA | BC8: QUINTA | BE8: SEXTA | BG8: SÁBADO
C9: REDE | D9: LIG | E9: REDE | F9: LIG | G9: REDE | H9: LIG | I9: REDE | J9: LIG | K9: REDE | L9: LIG | M9: REDE | N9: LIG | O9: REDE | P9: LIG | Q9: REDE | R9: LIG | S9: REDE | T9: LIG | U9: REDE | V9: LIG | W9: REDE | X9: LIG | Y9: REDE | Z9: LIG | AA9: REDE | AB9: LIG | AC9: Equiv. | AD9: Equiv. | AE9: REDE | AF9: LIG | AG9: REDE | AH9: LIG | AI9: REDE | AJ9: LIG | AK9: REDE | AL9: LIG | AM9: REDE | AN9: LIG | AO9: REDE | AP9: LIG | AQ9: REDE | AR9: LIG | AS9: REDE | AT9: LIG | AU9: REDE | AV9: LIG | AW9: REDE | AX9: LIG | AY9: REDE | AZ9: LIG | BA9: REDE | BB9: LIG | BC9: REDE | BD9: LIG | BE9: REDE | BF9: LIG | BG9: REDE | BH9: LIG
B10: São Manoel | C10: =G10-E10 -> 856.04989 | D10: =H10-F10 -> -48.477016 | E10: =SUMIFS(PREVISTO!J:J,PREVISTO!B:B,"<="&PROD_META_30D!$AG$5)*PROD_META_30D!AC10 -> 1496.6501 | F10: =SUMIFS(PREVISTO!I:I,PREVISTO!B:B,"<="&PROD_META_30D!$AG$5)*PROD_META_30D!AD10 -> 170.47702 | G10: =SUMIFS(GERAL!J:J,GERAL!B:B,"<="& PROD_META_30D!$AG$5,GERAL!W:W,PROD_META_30D!B10,GERAL!X:X,"Prazo_30")+SUMIFS(GERAL!M:M,GERAL!B:B,"<="&PROD_META_30D!$AG$5,GERAL!W:W,PROD_META_30D!B10,GERAL!X:X,"Prazo_30") -> 2352.7 | H10: =SUMIFS(GERAL!R:R,GERAL!B:B,"<="&PROD_META_30D!$AG$5,GERAL!W:W,PROD_META_30D!B10,GERAL!X:X,"Prazo_30")+SUMIFS(GERAL!S:S,GERAL!B:B,"<="&PROD_META_30D!$AG$5,GERAL!W:W,PROD_META_30D!B10,GERAL!X:X,"Prazo_30") -> 122 | I10: =SUMIFS(GERAL!J:J,GERAL!A:A,"Semana 1",GERAL!AE:AE,PROD_META_30D!B10)+SUMIFS(GERAL!K:K,GERAL!A:A,"Semana 1",GERAL!AE:AE,PROD_META_30D!B10) -> 0 | J10: =SUMIFS(GERAL!M:M,GERAL!A:A,"Semana 1",GERAL!AE:AE,PROD_META_30D!B10)+SUMIFS(GERAL!N:N,GERAL!A:A,"Semana 1",GERAL!AE:AE,PROD_META_30D!B10) -> 0 | K10: =SUMIFS(GERAL!J:J,GERAL!A:A,"Semana 2",GERAL!AE:AE,PROD_META_30D!B10)+SUMIFS(GERAL!K:K,GERAL!A:A,"Semana 2",GERAL!AE:AE,PROD_META_30D!B10) -> 0 | L10: =SUMIFS(GERAL!M:M,GERAL!A:A,"Semana 2",GERAL!AE:AE,PROD_META_30D!B10)+SUMIFS(GERAL!N:N,GERAL!A:A,"Semana 1",GERAL!AE:AE,PROD_META_30D!B10) -> 0 | M10: =SUMIFS(GERAL!J:J,GERAL!A:A,"Semana 3",GERAL!AE:AE,PROD_META_30D!B10)+SUMIFS(GERAL!K:K,GERAL!A:A,"Semana 3",GERAL!AE:AE,PROD_META_30D!B10) -> 0 | N10: =SUMIFS(GERAL!M:M,GERAL!A:A,"Semana 3",GERAL!AE:AE,PROD_META_30D!B10)+SUMIFS(GERAL!N:N,GERAL!A:A,"Semana 3",GERAL!AE:AE,PROD_META_30D!B10) -> 0 | O10: =SUMIFS(GERAL!J:J,GERAL!A:A,"Semana 4",GERAL!AE:AE,PROD_META_30D!B10)+SUMIFS(GERAL!K:K,GERAL!A:A,"Semana 4",GERAL!AE:AE,PROD_META_30D!B10) -> 0 | P10: =SUMIFS(GERAL!M:M,GERAL!A:A,"Semana 4",GERAL!AE:AE,PROD_META_30D!B10)+SUMIFS(GERAL!N:N,GERAL!A:A,"Semana 4",GERAL!AE:AE,PROD_META_30D!B10) -> 0 | Q10: =SUMIFS(GERAL!J:J,GERAL!A:A,"Semana 5",GERAL!AE:AE,PROD_META_30D!B10)+SUMIFS(GERAL!K:K,GERAL!A:A,"Semana 5",GERAL!AE:AE,PROD_META_30D!B10) -> 0 | R10: =SUMIFS(GERAL!M:M,GERAL!A:A,"Semana 5",GERAL!AE:AE,PROD_META_30D!B10)+SUMIFS(GERAL!N:N,GERAL!A:A,"Semana 5",GERAL!AE:AE,PROD_META_30D!B10) -> 0 | S10: =SUMIFS(GERAL!J:J,GERAL!A:A,"Semana 6",GERAL!AE:AE,PROD_META_30D!B10)+SUMIFS(GERAL!K:K,GERAL!A:A,"Semana 6",GERAL!AE:AE,PROD_META_30D!B10) -> 0 | T10: =SUMIFS(GERAL!M:M,GERAL!A:A,"Semana 6",GERAL!AE:AE,PROD_META_30D!B10)+SUMIFS(GERAL!N:N,GERAL!A:A,"Semana 6",GERAL!AE:AE,PROD_META_30D!B10) -> 0 | U10: =SUMIFS(GERAL!J:J,GERAL!A:A,"Semana 7",GERAL!AE:AE,PROD_META_30D!B10)+SUMIFS(GERAL!K:K,GERAL!A:A,"Semana 7",GERAL!AE:AE,PROD_META_30D!B10) -> 0 | V10: =SUMIFS(GERAL!M:M,GERAL!A:A,"Semana 7",GERAL!AE:AE,PROD_META_30D!B10)+SUMIFS(GERAL!N:N,GERAL!A:A,"Semana 7",GERAL!AE:AE,PROD_META_30D!B10) -> 0 | W10: =SUM(AI10,AK10,AM10,AO10,AQ10,AS10) -> 96 | X10: =SUM(AJ10,AL10,AN10,AP10,AR10,AT10) -> 20 | Y10: =W10-AE10 -> -104 | Z10: =X10-AF10 -> -3 | AA10: 1491 | AB10: 182 | AC10: =AA10/SUM($AA$10:$AA$15) -> 0.21474867 | AD10: =AB10/SUM($AB$10:$AB$15) -> 0.15784909 | AE10: 200 | AF10: 23 | AG10: 50 | AH10: 6 | AI10: =SUMIFS(GERAL!J:J,GERAL!D:D,PROD_META_30D!$AI$6,GERAL!W:W,PROD_META_30D!B10)+SUMIFS(GERAL!M:M,GERAL!D:D,PROD_META_30D!$AI$6,GERAL!W:W,PROD_META_30D!B10) -> 12 | AJ10: =SUMIFS(GERAL!R:R,GERAL!D:D,PROD_META_30D!$AI$6,GERAL!W:W,PROD_META_30D!B10)+SUMIFS(GERAL!S:S,GERAL!D:D,PROD_META_30D!$AI$6,GERAL!W:W,PROD_META_30D!B10) -> 3 | AK10: =SUMIFS(GERAL!J:J,GERAL!D:D,$AK$6,GERAL!W:W,PROD_META_30D!B10)+SUMIFS(GERAL!M:M,GERAL!D:D,$AK$6,GERAL!W:W,PROD_META_30D!B10) -> 24 | AL10: =SUMIFS(GERAL!R:R,GERAL!D:D,$AK$6,GERAL!W:W,PROD_META_30D!B10)+SUMIFS(GERAL!S:S,GERAL!D:D,$AK$6,GERAL!W:W,PROD_META_30D!B10) -> 0 | AM10: =SUMIFS(GERAL!J:J,GERAL!D:D,PROD_META_30D!$AM$6,GERAL!W:W,PROD_META_30D!B10)+SUMIFS(GERAL!M:M,GERAL!D:D,PROD_META_30D!$AM$6,GERAL!W:W,PROD_META_30D!B10) -> 42 | AN10: =SUMIFS(GERAL!R:R,GERAL!D:D,PROD_META_30D!$AM$6,GERAL!W:W,PROD_META_30D!B10)+SUMIFS(GERAL!S:S,GERAL!D:D,PROD_META_30D!$AM$6,GERAL!W:W,PROD_META_30D!B10) -> 11 | AO10: =SUMIFS(GERAL!J:J,GERAL!D:D,PROD_META_30D!$AO$6,GERAL!W:W,PROD_META_30D!B10)+SUMIFS(GERAL!M:M,GERAL!D:D,PROD_META_30D!$AO$6,GERAL!W:W,PROD_META_30D!B10) -> 18 | AP10: =SUMIFS(GERAL!R:R,GERAL!D:D,PROD_META_30D!$AO$6,GERAL!W:W,PROD_META_30D!B10)+SUMIFS(GERAL!S:S,GERAL!D:D,PROD_META_30D!$AO$6,GERAL!W:W,PROD_META_30D!B10) -> 6 | AQ10: =SUMIFS(GERAL!J:J,GERAL!D:D,$AQ$6,GERAL!W:W,PROD_META_30D!B10)+SUMIFS(GERAL!M:M,GERAL!D:D,$AQ$6,GERAL!W:W,PROD_META_30D!B10) -> 0 | AR10: =SUMIFS(GERAL!R:R,GERAL!D:D,$AQ$6,GERAL!W:W,PROD_META_30D!B10)+SUMIFS(GERAL!S:S,GERAL!D:D,$AQ$6,GERAL!W:W,PROD_META_30D!B10) -> 0 | AS10: =SUMIFS(GERAL!J:J,GERAL!D:D,$AS$6,GERAL!W:W,PROD_META_30D!B10)+SUMIFS(GERAL!M:M,GERAL!D:D,$AS$6,GERAL!W:W,PROD_META_30D!B10) -> 0 | AT10: =SUMIFS(GERAL!R:R,GERAL!D:D,$AS$6,GERAL!W:W,PROD_META_30D!B10)+SUMIFS(GERAL!S:S,GERAL!D:D,$AS$6,GERAL!W:W,PROD_META_30D!B10) -> 0 | AU10: 50 | AV10: 6 | AW10: =SUMIFS(GERAL!J:J,GERAL!D:D,PROD_META_30D!$AW$18,GERAL!W:W,PROD_META_30D!B10)+SUMIFS(GERAL!M:M,GERAL!D:D,PROD_META_30D!$AW$18,GERAL!W:W,PROD_META_30D!B10) -> 40 | AX10: =SUMIFS(GERAL!R:R,GERAL!D:D,PROD_META_30D!$AW$18,GERAL!W:W,PROD_META_30D!B10)+SUMIFS(GERAL!S:S,GERAL!D:D,PROD_META_30D!$AW$18,GERAL!W:W,PROD_META_30D!B10) -> 0 | AY10: =SUMIFS(GERAL!J:J,GERAL!D:D,PROD_META_30D!$AY$18,GERAL!W:W,PROD_META_30D!B10)+SUMIFS(GERAL!M:M,GERAL!D:D,$AY$18,GERAL!W:W,PROD_META_30D!B10) -> 48 | AZ10: =SUMIFS(GERAL!R:R,GERAL!D:D,PROD_META_30D!$AY$18,GERAL!W:W,PROD_META_30D!B10)+SUMIFS(GERAL!S:S,GERAL!D:D,PROD_META_30D!$AY$18,GERAL!W:W,PROD_META_30D!B10) -> 6 | BA10: =SUMIFS(GERAL!J:J,GERAL!D:D,PROD_META_30D!$BA$18,GERAL!W:W,PROD_META_30D!B10)+SUMIFS(GERAL!M:M,GERAL!D:D,$BA$18,GERAL!W:W,PROD_META_30D!B10) -> 42 | BB10: =SUMIFS(GERAL!R:R,GERAL!D:D,PROD_META_30D!$BA$18,GERAL!W:W,PROD_META_30D!B10)+SUMIFS(GERAL!S:S,GERAL!D:D,PROD_META_30D!$BA$18,GERAL!W:W,PROD_META_30D!B10) -> 11 | BC10: =SUMIFS(GERAL!J:J,GERAL!D:D,PROD_META_30D!$BC$18,GERAL!W:W,PROD_META_30D!B10)+SUMIFS(GERAL!M:M,GERAL!D:D,$BC$18,GERAL!W:W,PROD_META_30D!B10) -> 48 | BD10: =SUMIFS(GERAL!R:R,GERAL!D:D,PROD_META_30D!$BC$18,GERAL!W:W,PROD_META_30D!B10)+SUMIFS(GERAL!S:S,GERAL!D:D,PROD_META_30D!$BC$18,GERAL!W:W,PROD_META_30D!B10) -> 4 | BE10: =SUMIFS(GERAL!J:J,GERAL!D:D,PROD_META_30D!$BE$18,GERAL!W:W,PROD_META_30D!B10)+SUMIFS(GERAL!M:M,GERAL!D:D,$BE$18,GERAL!W:W,PROD_META_30D!B10) -> 0 | BF10: =SUMIFS(GERAL!R:R,GERAL!D:D,PROD_META_30D!$BE$18,GERAL!W:W,PROD_META_30D!B10)+SUMIFS(GERAL!S:S,GERAL!D:D,PROD_META_30D!$BE$18,GERAL!W:W,PROD_META_30D!B10) -> 6 | BG10: =SUMIFS(GERAL!J:J,GERAL!D:D,PROD_META_30D!$BG$18,GERAL!W:W,PROD_META_30D!B10)+SUMIFS(GERAL!M:M,GERAL!D:D,$BG$18,GERAL!W:W,PROD_META_30D!B10) -> 0 | BH10: =SUMIFS(GERAL!R:R,GERAL!D:D,PROD_META_30D!$BG$18,GERAL!W:W,PROD_META_30D!B10)+SUMIFS(GERAL!S:S,GERAL!D:D,PROD_META_30D!$BG$18,GERAL!W:W,PROD_META_30D!B10) -> 0
B11: João Carlos | C11: =G11-E11 -> -667.22948 | D11: =H11-F11 -> 148.38335 | E11: =SUMIFS(PREVISTO!J:J,PREVISTO!B:B,"<="&PROD_META_30D!$AG$5)*PROD_META_30D!AC11 -> 1385.2295 | F11: =SUMIFS(PREVISTO!I:I,PREVISTO!B:B,"<="&PROD_META_30D!$AG$5)*PROD_META_30D!AD11 -> 153.61665 | G11: =SUMIFS(GERAL!J:J,GERAL!B:B,"<="&PROD_META_30D!$AG$5,GERAL!W:W,PROD_META_30D!B11,GERAL!X:X,"Prazo_30")+SUMIFS(GERAL!M:M,GERAL!B:B,"<="&PROD_META_30D!$AG$5,GERAL!W:W,PROD_META_30D!B11,GERAL!X:X,"Prazo_30") -> 718 | H11: =SUMIFS(GERAL!R:R,GERAL!B:B,"<="&PROD_META_30D!$AG$5,GERAL!W:W,PROD_META_30D!B11,GERAL!X:X,"Prazo_30")+SUMIFS(GERAL!S:S,GERAL!B:B,"<="&PROD_META_30D!$AG$5,GERAL!W:W,PROD_META_30D!B11,GERAL!X:X,"Prazo_30") -> 302 | I11: =SUMIFS(GERAL!J:J,GERAL!A:A,"Semana 1",GERAL!AE:AE,PROD_META_30D!B11)+SUMIFS(GERAL!K:K,GERAL!A:A,"Semana 1",GERAL!AE:AE,PROD_META_30D!B11) -> 0 | J11: =SUMIFS(GERAL!M:M,GERAL!A:A,"Semana 1",GERAL!AE:AE,PROD_META_30D!B11)+SUMIFS(GERAL!N:N,GERAL!A:A,"Semana 1",GERAL!AE:AE,PROD_META_30D!B11) -> 0 | K11: =SUMIFS(GERAL!J:J,GERAL!A:A,"Semana 2",GERAL!AE:AE,PROD_META_30D!B11)+SUMIFS(GERAL!K:K,GERAL!A:A,"Semana 2",GERAL!AE:AE,PROD_META_30D!B11) -> 0 | L11: =SUMIFS(GERAL!M:M,GERAL!A:A,"Semana 2",GERAL!AE:AE,PROD_META_30D!B11)+SUMIFS(GERAL!N:N,GERAL!A:A,"Semana 1",GERAL!AE:AE,PROD_META_30D!B11) -> 0 | M11: =SUMIFS(GERAL!J:J,GERAL!A:A,"Semana 3",GERAL!AE:AE,PROD_META_30D!B11)+SUMIFS(GERAL!K:K,GERAL!A:A,"Semana 3",GERAL!AE:AE,PROD_META_30D!B11) -> 0 | N11: =SUMIFS(GERAL!M:M,GERAL!A:A,"Semana 3",GERAL!AE:AE,PROD_META_30D!B11)+SUMIFS(GERAL!N:N,GERAL!A:A,"Semana 3",GERAL!AE:AE,PROD_META_30D!B11) -> 0 | O11: =SUMIFS(GERAL!J:J,GERAL!A:A,"Semana 4",GERAL!AE:AE,PROD_META_30D!B11)+SUMIFS(GERAL!K:K,GERAL!A:A,"Semana 4",GERAL!AE:AE,PROD_META_30D!B11) -> 0 | P11: =SUMIFS(GERAL!M:M,GERAL!A:A,"Semana 4",GERAL!AE:AE,PROD_META_30D!B11)+SUMIFS(GERAL!N:N,GERAL!A:A,"Semana 4",GERAL!AE:AE,PROD_META_30D!B11) -> 0 | Q11: =SUMIFS(GERAL!J:J,GERAL!A:A,"Semana 5",GERAL!AE:AE,PROD_META_30D!B11)+SUMIFS(GERAL!K:K,GERAL!A:A,"Semana 5",GERAL!AE:AE,PROD_META_30D!B11) -> 0 | R11: =SUMIFS(GERAL!M:M,GERAL!A:A,"Semana 5",GERAL!AE:AE,PROD_META_30D!B11)+SUMIFS(GERAL!N:N,GERAL!A:A,"Semana 5",GERAL!AE:AE,PROD_META_30D!B11) -> 0 | S11: =SUMIFS(GERAL!J:J,GERAL!A:A,"Semana 6",GERAL!AE:AE,PROD_META_30D!B11)+SUMIFS(GERAL!K:K,GERAL!A:A,"Semana 6",GERAL!AE:AE,PROD_META_30D!B11) -> 0 | T11: =SUMIFS(GERAL!M:M,GERAL!A:A,"Semana 6",GERAL!AE:AE,PROD_META_30D!B11)+SUMIFS(GERAL!N:N,GERAL!A:A,"Semana 6",GERAL!AE:AE,PROD_META_30D!B11) -> 0 | U11: =SUMIFS(GERAL!J:J,GERAL!A:A,"Semana 7",GERAL!AE:AE,PROD_META_30D!B11)+SUMIFS(GERAL!K:K,GERAL!A:A,"Semana 7",GERAL!AE:AE,PROD_META_30D!B11) -> 0 | V11: =SUMIFS(GERAL!M:M,GERAL!A:A,"Semana 7",GERAL!AE:AE,PROD_META_30D!B11)+SUMIFS(GERAL!N:N,GERAL!A:A,"Semana 7",GERAL!AE:AE,PROD_META_30D!B11) -> 0 | W11: =SUM(AI11,AK11,AM11,AO11,AQ11,AS11) -> 0 | X11: =SUM(AJ11,AL11,AN11,AP11,AR11,AT11) -> 6 | Y11: =W11-AE11 -> -185 | Z11: =X11-AF11 -> -14 | AA11: 1380 | AB11: 164 | AC11: =AA11/SUM($AA$10:$AA$15) -> 0.19876134 | AD11: =AB11/SUM($AB$10:$AB$15) -> 0.14223764 | AE11: 185 | AF11: 20 | AG11: 46 | AH11: 5 | AI11: =SUMIFS(GERAL!J:J,GERAL!D:D,PROD_META_30D!$AI$6,GERAL!W:W,PROD_META_30D!B11)+SUMIFS(GERAL!M:M,GERAL!D:D,PROD_META_30D!$AI$6,GERAL!W:W,PROD_META_30D!B11) -> 0 | AJ11: =SUMIFS(GERAL!R:R,GERAL!D:D,PROD_META_30D!$AI$6,GERAL!W:W,PROD_META_30D!B11)+SUMIFS(GERAL!S:S,GERAL!D:D,PROD_META_30D!$AI$6,GERAL!W:W,PROD_META_30D!B11) -> 6 | AK11: =SUMIFS(GERAL!J:J,GERAL!D:D,$AK$6,GERAL!W:W,PROD_META_30D!B11)+SUMIFS(GERAL!M:M,GERAL!D:D,$AK$6,GERAL!W:W,PROD_META_30D!B11) -> 0 | AL11: =SUMIFS(GERAL!R:R,GERAL!D:D,$AK$6,GERAL!W:W,PROD_META_30D!B11)+SUMIFS(GERAL!S:S,GERAL!D:D,$AK$6,GERAL!W:W,PROD_META_30D!B11) -> 0 | AM11: =SUMIFS(GERAL!J:J,GERAL!D:D,PROD_META_30D!$AM$6,GERAL!W:W,PROD_META_30D!B11)+SUMIFS(GERAL!M:M,GERAL!D:D,PROD_META_30D!$AM$6,GERAL!W:W,PROD_META_30D!B11) -> 0 | AN11: =SUMIFS(GERAL!R:R,GERAL!D:D,PROD_META_30D!$AM$6,GERAL!W:W,PROD_META_30D!B11)+SUMIFS(GERAL!S:S,GERAL!D:D,PROD_META_30D!$AM$6,GERAL!W:W,PROD_META_30D!B11) -> 0 | AO11: =SUMIFS(GERAL!J:J,GERAL!D:D,PROD_META_30D!$AO$6,GERAL!W:W,PROD_META_30D!B11)+SUMIFS(GERAL!M:M,GERAL!D:D,PROD_META_30D!$AO$6,GERAL!W:W,PROD_META_30D!B11) -> 0 | AP11: =SUMIFS(GERAL!R:R,GERAL!D:D,PROD_META_30D!$AO$6,GERAL!W:W,PROD_META_30D!B11)+SUMIFS(GERAL!S:S,GERAL!D:D,PROD_META_30D!$AO$6,GERAL!W:W,PROD_META_30D!B11) -> 0 | AQ11: =SUMIFS(GERAL!J:J,GERAL!D:D,$AQ$6,GERAL!W:W,PROD_META_30D!B11)+SUMIFS(GERAL!M:M,GERAL!D:D,$AQ$6,GERAL!W:W,PROD_META_30D!B11) -> 0 | AR11: =SUMIFS(GERAL!R:R,GERAL!D:D,$AQ$6,GERAL!W:W,PROD_META_30D!B11)+SUMIFS(GERAL!S:S,GERAL!D:D,$AQ$6,GERAL!W:W,PROD_META_30D!B11) -> 0 | AS11: =SUMIFS(GERAL!J:J,GERAL!D:D,$AS$6,GERAL!W:W,PROD_META_30D!B11)+SUMIFS(GERAL!M:M,GERAL!D:D,$AS$6,GERAL!W:W,PROD_META_30D!B11) -> 0 | AT11: =SUMIFS(GERAL!R:R,GERAL!D:D,$AS$6,GERAL!W:W,PROD_META_30D!B11)+SUMIFS(GERAL!S:S,GERAL!D:D,$AS$6,GERAL!W:W,PROD_META_30D!B11) -> 0 | AU11: 46 | AV11: 5 | AW11: =SUMIFS(GERAL!J:J,GERAL!D:D,PROD_META_30D!$AW$18,GERAL!W:W,PROD_META_30D!B11)+SUMIFS(GERAL!M:M,GERAL!D:D,PROD_META_30D!$AW$18,GERAL!W:W,PROD_META_30D!B11) -> 0 | AX11: =SUMIFS(GERAL!R:R,GERAL!D:D,PROD_META_30D!$AW$18,GERAL!W:W,PROD_META_30D!B11)+SUMIFS(GERAL!S:S,GERAL!D:D,PROD_META_30D!$AW$18,GERAL!W:W,PROD_META_30D!B11) -> 0 | AY11: =SUMIFS(GERAL!J:J,GERAL!D:D,PROD_META_30D!$AY$18,GERAL!W:W,PROD_META_30D!B11)+SUMIFS(GERAL!M:M,GERAL!D:D,$AY$18,GERAL!W:W,PROD_META_30D!B11) -> 0 | AZ11: =SUMIFS(GERAL!R:R,GERAL!D:D,PROD_META_30D!$AY$18,GERAL!W:W,PROD_META_30D!B11)+SUMIFS(GERAL!S:S,GERAL!D:D,PROD_META_30D!$AY$18,GERAL!W:W,PROD_META_30D!B11) -> 2 | BA11: =SUMIFS(GERAL!J:J,GERAL!D:D,PROD_META_30D!$BA$18,GERAL!W:W,PROD_META_30D!B11)+SUMIFS(GERAL!M:M,GERAL!D:D,$BA$18,GERAL!W:W,PROD_META_30D!B11) -> 0 | BB11: =SUMIFS(GERAL!R:R,GERAL!D:D,PROD_META_30D!$BA$18,GERAL!W:W,PROD_META_30D!B11)+SUMIFS(GERAL!S:S,GERAL!D:D,PROD_META_30D!$BA$18,GERAL!W:W,PROD_META_30D!B11) -> 30 | BC11: =SUMIFS(GERAL!J:J,GERAL!D:D,PROD_META_30D!$BC$18,GERAL!W:W,PROD_META_30D!B11)+SUMIFS(GERAL!M:M,GERAL!D:D,$BC$18,GERAL!W:W,PROD_META_30D!B11) -> 0 | BD11: =SUMIFS(GERAL!R:R,GERAL!D:D,PROD_META_30D!$BC$18,GERAL!W:W,PROD_META_30D!B11)+SUMIFS(GERAL!S:S,GERAL!D:D,PROD_META_30D!$BC$18,GERAL!W:W,PROD_META_30D!B11) -> 30 | BE11: =SUMIFS(GERAL!J:J,GERAL!D:D,PROD_META_30D!$BE$18,GERAL!W:W,PROD_META_30D!B11)+SUMIFS(GERAL!M:M,GERAL!D:D,$BE$18,GERAL!W:W,PROD_META_30D!B11) -> 0 | BF11: =SUMIFS(GERAL!R:R,GERAL!D:D,PROD_META_30D!$BE$18,GERAL!W:W,PROD_META_30D!B11)+SUMIFS(GERAL!S:S,GERAL!D:D,PROD_META_30D!$BE$18,GERAL!W:W,PROD_META_30D!B11) -> 0 | BG11: =SUMIFS(GERAL!J:J,GERAL!D:D,PROD_META_30D!$BG$18,GERAL!W:W,PROD_META_30D!B11)+SUMIFS(GERAL!M:M,GERAL!D:D,$BG$18,GERAL!W:W,PROD_META_30D!B11) -> 0 | BH11: =SUMIFS(GERAL!R:R,GERAL!D:D,PROD_META_30D!$BG$18,GERAL!W:W,PROD_META_30D!B11)+SUMIFS(GERAL!S:S,GERAL!D:D,PROD_META_30D!$BG$18,GERAL!W:W,PROD_META_30D!B11) -> 0
B12: Vila Israel | C12: =G12-E12 -> 603.27242 | D12: =H12-F12 -> 113.03903 | E12: =SUMIFS(PREVISTO!J:J,PREVISTO!B:B,"<="&PROD_META_30D!$AG$5)*PROD_META_30D!AC12 -> 192.72758 | F12: =SUMIFS(PREVISTO!I:I,PREVISTO!B:B,"<="&PROD_META_30D!$AG$5)*PROD_META_30D!AD12 -> 44.960971 | G12: =SUMIFS(GERAL!J:J,GERAL!B:B,"<="&PROD_META_30D!$AG$5,GERAL!W:W,PROD_META_30D!B12,GERAL!X:X,"Prazo_30")+SUMIFS(GERAL!M:M,GERAL!B:B,"<="&PROD_META_30D!$AG$5,GERAL!W:W,PROD_META_30D!B12,GERAL!X:X,"Prazo_30") -> 796 | H12: =SUMIFS(GERAL!R:R,GERAL!B:B,"<="&PROD_META_30D!$AG$5,GERAL!W:W,PROD_META_30D!B12,GERAL!X:X,"Prazo_30")+SUMIFS(GERAL!S:S,GERAL!B:B,"<="&PROD_META_30D!$AG$5,GERAL!W:W,PROD_META_30D!B12,GERAL!X:X,"Prazo_30") -> 158 | I12: =SUMIFS(GERAL!J:J,GERAL!A:A,"Semana 1",GERAL!AE:AE,PROD_META_30D!B12)+SUMIFS(GERAL!K:K,GERAL!A:A,"Semana 1",GERAL!AE:AE,PROD_META_30D!B12) -> 0 | J12: =SUMIFS(GERAL!M:M,GERAL!A:A,"Semana 1",GERAL!AE:AE,PROD_META_30D!B12)+SUMIFS(GERAL!N:N,GERAL!A:A,"Semana 1",GERAL!AE:AE,PROD_META_30D!B12) -> 0 | K12: =SUMIFS(GERAL!J:J,GERAL!A:A,"Semana 2",GERAL!AE:AE,PROD_META_30D!B12)+SUMIFS(GERAL!K:K,GERAL!A:A,"Semana 2",GERAL!AE:AE,PROD_META_30D!B12) -> 0 | L12: =SUMIFS(GERAL!M:M,GERAL!A:A,"Semana 2",GERAL!AE:AE,PROD_META_30D!B12)+SUMIFS(GERAL!N:N,GERAL!A:A,"Semana 1",GERAL!AE:AE,PROD_META_30D!B12) -> 0 | M12: =SUMIFS(GERAL!J:J,GERAL!A:A,"Semana 3",GERAL!AE:AE,PROD_META_30D!B12)+SUMIFS(GERAL!K:K,GERAL!A:A,"Semana 3",GERAL!AE:AE,PROD_META_30D!B12) -> 0 | N12: =SUMIFS(GERAL!M:M,GERAL!A:A,"Semana 3",GERAL!AE:AE,PROD_META_30D!B12)+SUMIFS(GERAL!N:N,GERAL!A:A,"Semana 3",GERAL!AE:AE,PROD_META_30D!B12) -> 0 | O12: =SUMIFS(GERAL!J:J,GERAL!A:A,"Semana 4",GERAL!AE:AE,PROD_META_30D!B12)+SUMIFS(GERAL!K:K,GERAL!A:A,"Semana 4",GERAL!AE:AE,PROD_META_30D!B12) -> 0 | P12: =SUMIFS(GERAL!M:M,GERAL!A:A,"Semana 4",GERAL!AE:AE,PROD_META_30D!B12)+SUMIFS(GERAL!N:N,GERAL!A:A,"Semana 4",GERAL!AE:AE,PROD_META_30D!B12) -> 0 | Q12: =SUMIFS(GERAL!J:J,GERAL!A:A,"Semana 5",GERAL!AE:AE,PROD_META_30D!B12)+SUMIFS(GERAL!K:K,GERAL!A:A,"Semana 5",GERAL!AE:AE,PROD_META_30D!B12) -> 0 | R12: =SUMIFS(GERAL!M:M,GERAL!A:A,"Semana 5",GERAL!AE:AE,PROD_META_30D!B12)+SUMIFS(GERAL!N:N,GERAL!A:A,"Semana 5",GERAL!AE:AE,PROD_META_30D!B12) -> 0 | S12: =SUMIFS(GERAL!J:J,GERAL!A:A,"Semana 6",GERAL!AE:AE,PROD_META_30D!B12)+SUMIFS(GERAL!K:K,GERAL!A:A,"Semana 6",GERAL!AE:AE,PROD_META_30D!B12) -> 0 | T12: =SUMIFS(GERAL!M:M,GERAL!A:A,"Semana 6",GERAL!AE:AE,PROD_META_30D!B12)+SUMIFS(GERAL!N:N,GERAL!A:A,"Semana 6",GERAL!AE:AE,PROD_META_30D!B12) -> 0 | U12: =SUMIFS(GERAL!J:J,GERAL!A:A,"Semana 7",GERAL!AE:AE,PROD_META_30D!B12)+SUMIFS(GERAL!K:K,GERAL!A:A,"Semana 7",GERAL!AE:AE,PROD_META_30D!B12) -> 0 | V12: =SUMIFS(GERAL!M:M,GERAL!A:A,"Semana 7",GERAL!AE:AE,PROD_META_30D!B12)+SUMIFS(GERAL!N:N,GERAL!A:A,"Semana 7",GERAL!AE:AE,PROD_META_30D!B12) -> 0 | W12: =SUM(AI12,AK12,AM12,AO12,AQ12,AS12) -> 95 | X12: =SUM(AJ12,AL12,AN12,AP12,AR12,AT12) -> 7 | Y12: =W12-AE12 -> 69 | Z12: =X12-AF12 -> 1 | AA12: 192 | AB12: 48 | AC12: =AA12/SUM($AA$10:$AA$15) -> 0.027653752 | AD12: =AB12/SUM($AB$10:$AB$15) -> 0.041630529 | AE12: 26 | AF12: 6 | AG12: 6 | AH12: 1 | AI12: =SUMIFS(GERAL!J:J,GERAL!D:D,PROD_META_30D!$AI$6,GERAL!W:W,PROD_META_30D!B12)+SUMIFS(GERAL!M:M,GERAL!D:D,PROD_META_30D!$AI$6,GERAL!W:W,PROD_META_30D!B12) -> 12 | AJ12: =SUMIFS(GERAL!R:R,GERAL!D:D,PROD_META_30D!$AI$6,GERAL!W:W,PROD_META_30D!B12)+SUMIFS(GERAL!S:S,GERAL!D:D,PROD_META_30D!$AI$6,GERAL!W:W,PROD_META_30D!B12) -> 0 | AK12: =SUMIFS(GERAL!J:J,GERAL!D:D,$AK$6,GERAL!W:W,PROD_META_30D!B12)+SUMIFS(GERAL!M:M,GERAL!D:D,$AK$6,GERAL!W:W,PROD_META_30D!B12) -> 65 | AL12: =SUMIFS(GERAL!R:R,GERAL!D:D,$AK$6,GERAL!W:W,PROD_META_30D!B12)+SUMIFS(GERAL!S:S,GERAL!D:D,$AK$6,GERAL!W:W,PROD_META_30D!B12) -> 0 | AM12: =SUMIFS(GERAL!J:J,GERAL!D:D,PROD_META_30D!$AM$6,GERAL!W:W,PROD_META_30D!B12)+SUMIFS(GERAL!M:M,GERAL!D:D,PROD_META_30D!$AM$6,GERAL!W:W,PROD_META_30D!B12) -> 6 | AN12: =SUMIFS(GERAL!R:R,GERAL!D:D,PROD_META_30D!$AM$6,GERAL!W:W,PROD_META_30D!B12)+SUMIFS(GERAL!S:S,GERAL!D:D,PROD_META_30D!$AM$6,GERAL!W:W,PROD_META_30D!B12) -> 3 | AO12: =SUMIFS(GERAL!J:J,GERAL!D:D,PROD_META_30D!$AO$6,GERAL!W:W,PROD_META_30D!B12)+SUMIFS(GERAL!M:M,GERAL!D:D,PROD_META_30D!$AO$6,GERAL!W:W,PROD_META_30D!B12) -> 12 | AP12: =SUMIFS(GERAL!R:R,GERAL!D:D,PROD_META_30D!$AO$6,GERAL!W:W,PROD_META_30D!B12)+SUMIFS(GERAL!S:S,GERAL!D:D,PROD_META_30D!$AO$6,GERAL!W:W,PROD_META_30D!B12) -> 4 | AQ12: =SUMIFS(GERAL!J:J,GERAL!D:D,$AQ$6,GERAL!W:W,PROD_META_30D!B12)+SUMIFS(GERAL!M:M,GERAL!D:D,$AQ$6,GERAL!W:W,PROD_META_30D!B12) -> 0 | AR12: =SUMIFS(GERAL!R:R,GERAL!D:D,$AQ$6,GERAL!W:W,PROD_META_30D!B12)+SUMIFS(GERAL!S:S,GERAL!D:D,$AQ$6,GERAL!W:W,PROD_META_30D!B12) -> 0 | AS12: =SUMIFS(GERAL!J:J,GERAL!D:D,$AS$6,GERAL!W:W,PROD_META_30D!B12)+SUMIFS(GERAL!M:M,GERAL!D:D,$AS$6,GERAL!W:W,PROD_META_30D!B12) -> 0 | AT12: =SUMIFS(GERAL!R:R,GERAL!D:D,$AS$6,GERAL!W:W,PROD_META_30D!B12)+SUMIFS(GERAL!S:S,GERAL!D:D,$AS$6,GERAL!W:W,PROD_META_30D!B12) -> 0 | AU12: 6 | AV12: 1 | AW12: =SUMIFS(GERAL!J:J,GERAL!D:D,PROD_META_30D!$AW$18,GERAL!W:W,PROD_META_30D!B12)+SUMIFS(GERAL!M:M,GERAL!D:D,PROD_META_30D!$AW$18,GERAL!W:W,PROD_META_30D!B12) -> 0 | AX12: =SUMIFS(GERAL!R:R,GERAL!D:D,PROD_META_30D!$AW$18,GERAL!W:W,PROD_META_30D!B12)+SUMIFS(GERAL!S:S,GERAL!D:D,PROD_META_30D!$AW$18,GERAL!W:W,PROD_META_30D!B12) -> 0 | AY12: =SUMIFS(GERAL!J:J,GERAL!D:D,PROD_META_30D!$AY$18,GERAL!W:W,PROD_META_30D!B12)+SUMIFS(GERAL!M:M,GERAL!D:D,$AY$18,GERAL!W:W,PROD_META_30D!B12) -> 0 | AZ12: =SUMIFS(GERAL!R:R,GERAL!D:D,PROD_META_30D!$AY$18,GERAL!W:W,PROD_META_30D!B12)+SUMIFS(GERAL!S:S,GERAL!D:D,PROD_META_30D!$AY$18,GERAL!W:W,PROD_META_30D!B12) -> 0 | BA12: =SUMIFS(GERAL!J:J,GERAL!D:D,PROD_META_30D!$BA$18,GERAL!W:W,PROD_META_30D!B12)+SUMIFS(GERAL!M:M,GERAL!D:D,$BA$18,GERAL!W:W,PROD_META_30D!B12) -> 24 | BB12: =SUMIFS(GERAL!R:R,GERAL!D:D,PROD_META_30D!$BA$18,GERAL!W:W,PROD_META_30D!B12)+SUMIFS(GERAL!S:S,GERAL!D:D,PROD_META_30D!$BA$18,GERAL!W:W,PROD_META_30D!B12) -> 2 | BC12: =SUMIFS(GERAL!J:J,GERAL!D:D,PROD_META_30D!$BC$18,GERAL!W:W,PROD_META_30D!B12)+SUMIFS(GERAL!M:M,GERAL!D:D,$BC$18,GERAL!W:W,PROD_META_30D!B12) -> 31 | BD12: =SUMIFS(GERAL!R:R,GERAL!D:D,PROD_META_30D!$BC$18,GERAL!W:W,PROD_META_30D!B12)+SUMIFS(GERAL!S:S,GERAL!D:D,PROD_META_30D!$BC$18,GERAL!W:W,PROD_META_30D!B12) -> 0 | BE12: =SUMIFS(GERAL!J:J,GERAL!D:D,PROD_META_30D!$BE$18,GERAL!W:W,PROD_META_30D!B12)+SUMIFS(GERAL!M:M,GERAL!D:D,$BE$18,GERAL!W:W,PROD_META_30D!B12) -> 12 | BF12: =SUMIFS(GERAL!R:R,GERAL!D:D,PROD_META_30D!$BE$18,GERAL!W:W,PROD_META_30D!B12)+SUMIFS(GERAL!S:S,GERAL!D:D,PROD_META_30D!$BE$18,GERAL!W:W,PROD_META_30D!B12) -> 0 | BG12: =SUMIFS(GERAL!J:J,GERAL!D:D,PROD_META_30D!$BG$18,GERAL!W:W,PROD_META_30D!B12)+SUMIFS(GERAL!M:M,GERAL!D:D,$BG$18,GERAL!W:W,PROD_META_30D!B12) -> 0 | BH12: =SUMIFS(GERAL!R:R,GERAL!D:D,PROD_META_30D!$BG$18,GERAL!W:W,PROD_META_30D!B12)+SUMIFS(GERAL!S:S,GERAL!D:D,PROD_META_30D!$BG$18,GERAL!W:W,PROD_META_30D!B12) -> 0
B13: Morro do Tetéu | C13: =G13-E13 -> 123.38799 | D13: =H13-F13 -> 96.701648 | E13: =SUMIFS(PREVISTO!J:J,PREVISTO!B:B,"<="&PROD_META_30D!$AG$5)*PROD_META_30D!AC13 -> 1354.112 | F13: =SUMIFS(PREVISTO!I:I,PREVISTO!B:B,"<="&PROD_META_30D!$AG$5)*PROD_META_30D!AD13 -> 232.29835 | G13: =SUMIFS(GERAL!J:J,GERAL!B:B,"<="&PROD_META_30D!$AG$5,GERAL!W:W,PROD_META_30D!B13,GERAL!X:X,"Prazo_30")+SUMIFS(GERAL!M:M,GERAL!B:B,"<="&PROD_META_30D!$AG$5,GERAL!W:W,PROD_META_30D!B13,GERAL!X:X,"Prazo_30") -> 1477.5 | H13: =SUMIFS(GERAL!R:R,GERAL!B:B,"<="&PROD_META_30D!$AG$5,GERAL!W:W,PROD_META_30D!B13,GERAL!X:X,"Prazo_30")+SUMIFS(GERAL!S:S,GERAL!B:B,"<="&PROD_META_30D!$AG$5,GERAL!W:W,PROD_META_30D!B13,GERAL!X:X,"Prazo_30") -> 329 | I13: =SUMIFS(GERAL!J:J,GERAL!A:A,"Semana 1",GERAL!AE:AE,PROD_META_30D!B13)+SUMIFS(GERAL!K:K,GERAL!A:A,"Semana 1",GERAL!AE:AE,PROD_META_30D!B13) -> 0 | J13: =SUMIFS(GERAL!M:M,GERAL!A:A,"Semana 1",GERAL!AE:AE,PROD_META_30D!B13)+SUMIFS(GERAL!N:N,GERAL!A:A,"Semana 1",GERAL!AE:AE,PROD_META_30D!B13) -> 0 | K13: =SUMIFS(GERAL!J:J,GERAL!A:A,"Semana 2",GERAL!AE:AE,PROD_META_30D!B13)+SUMIFS(GERAL!K:K,GERAL!A:A,"Semana 2",GERAL!AE:AE,PROD_META_30D!B13) -> 0 | L13: =SUMIFS(GERAL!M:M,GERAL!A:A,"Semana 2",GERAL!AE:AE,PROD_META_30D!B13)+SUMIFS(GERAL!N:N,GERAL!A:A,"Semana 1",GERAL!AE:AE,PROD_META_30D!B13) -> 0 | M13: =SUMIFS(GERAL!J:J,GERAL!A:A,"Semana 3",GERAL!AE:AE,PROD_META_30D!B13)+SUMIFS(GERAL!K:K,GERAL!A:A,"Semana 3",GERAL!AE:AE,PROD_META_30D!B13) -> 0 | N13: =SUMIFS(GERAL!M:M,GERAL!A:A,"Semana 3",GERAL!AE:AE,PROD_META_30D!B13)+SUMIFS(GERAL!N:N,GERAL!A:A,"Semana 3",GERAL!AE:AE,PROD_META_30D!B13) -> 0 | O13: =SUMIFS(GERAL!J:J,GERAL!A:A,"Semana 4",GERAL!AE:AE,PROD_META_30D!B13)+SUMIFS(GERAL!K:K,GERAL!A:A,"Semana 4",GERAL!AE:AE,PROD_META_30D!B13) -> 0 | P13: =SUMIFS(GERAL!M:M,GERAL!A:A,"Semana 4",GERAL!AE:AE,PROD_META_30D!B13)+SUMIFS(GERAL!N:N,GERAL!A:A,"Semana 4",GERAL!AE:AE,PROD_META_30D!B13) -> 0 | Q13: =SUMIFS(GERAL!J:J,GERAL!A:A,"Semana 5",GERAL!AE:AE,PROD_META_30D!B13)+SUMIFS(GERAL!K:K,GERAL!A:A,"Semana 5",GERAL!AE:AE,PROD_META_30D!B13) -> 0 | R13: =SUMIFS(GERAL!M:M,GERAL!A:A,"Semana 5",GERAL!AE:AE,PROD_META_30D!B13)+SUMIFS(GERAL!N:N,GERAL!A:A,"Semana 5",GERAL!AE:AE,PROD_META_30D!B13) -> 0 | S13: =SUMIFS(GERAL!J:J,GERAL!A:A,"Semana 6",GERAL!AE:AE,PROD_META_30D!B13)+SUMIFS(GERAL!K:K,GERAL!A:A,"Semana 6",GERAL!AE:AE,PROD_META_30D!B13) -> 0 | T13: =SUMIFS(GERAL!M:M,GERAL!A:A,"Semana 6",GERAL!AE:AE,PROD_META_30D!B13)+SUMIFS(GERAL!N:N,GERAL!A:A,"Semana 6",GERAL!AE:AE,PROD_META_30D!B13) -> 0 | U13: =SUMIFS(GERAL!J:J,GERAL!A:A,"Semana 7",GERAL!AE:AE,PROD_META_30D!B13)+SUMIFS(GERAL!K:K,GERAL!A:A,"Semana 7",GERAL!AE:AE,PROD_META_30D!B13) -> 0 | V13: =SUMIFS(GERAL!M:M,GERAL!A:A,"Semana 7",GERAL!AE:AE,PROD_META_30D!B13)+SUMIFS(GERAL!N:N,GERAL!A:A,"Semana 7",GERAL!AE:AE,PROD_META_30D!B13) -> 0 | W13: =SUM(AI13,AK13,AM13,AO13,AQ13,AS13) -> 48 | X13: =SUM(AJ13,AL13,AN13,AP13,AR13,AT13) -> 58 | Y13: =W13-AE13 -> -133 | Z13: =X13-AF13 -> 27 | AA13: 1349 | AB13: 248 | AC13: =AA13/SUM($AA$10:$AA$15) -> 0.19429641 | AD13: =AB13/SUM($AB$10:$AB$15) -> 0.21509107 | AE13: 181 | AF13: 31 | AG13: 45 | AH13: 8 | AI13: =SUMIFS(GERAL!J:J,GERAL!D:D,PROD_META_30D!$AI$6,GERAL!W:W,PROD_META_30D!B13)+SUMIFS(GERAL!M:M,GERAL!D:D,PROD_META_30D!$AI$6,GERAL!W:W,PROD_META_30D!B13) -> 0 | AJ13: =SUMIFS(GERAL!R:R,GERAL!D:D,PROD_META_30D!$AI$6,GERAL!W:W,PROD_META_30D!B13)+SUMIFS(GERAL!S:S,GERAL!D:D,PROD_META_30D!$AI$6,GERAL!W:W,PROD_META_30D!B13) -> 26 | AK13: =SUMIFS(GERAL!J:J,GERAL!D:D,$AK$6,GERAL!W:W,PROD_META_30D!B13)+SUMIFS(GERAL!M:M,GERAL!D:D,$AK$6,GERAL!W:W,PROD_META_30D!B13) -> 0 | AL13: =SUMIFS(GERAL!R:R,GERAL!D:D,$AK$6,GERAL!W:W,PROD_META_30D!B13)+SUMIFS(GERAL!S:S,GERAL!D:D,$AK$6,GERAL!W:W,PROD_META_30D!B13) -> 0 | AM13: =SUMIFS(GERAL!J:J,GERAL!D:D,PROD_META_30D!$AM$6,GERAL!W:W,PROD_META_30D!B13)+SUMIFS(GERAL!M:M,GERAL!D:D,PROD_META_30D!$AM$6,GERAL!W:W,PROD_META_30D!B13) -> 48 | AN13: =SUMIFS(GERAL!R:R,GERAL!D:D,PROD_META_30D!$AM$6,GERAL!W:W,PROD_META_30D!B13)+SUMIFS(GERAL!S:S,GERAL!D:D,PROD_META_30D!$AM$6,GERAL!W:W,PROD_META_30D!B13) -> 22 | AO13: =SUMIFS(GERAL!J:J,GERAL!D:D,PROD_META_30D!$AO$6,GERAL!W:W,PROD_META_30D!B13)+SUMIFS(GERAL!M:M,GERAL!D:D,PROD_META_30D!$AO$6,GERAL!W:W,PROD_META_30D!B13) -> 0 | AP13: =SUMIFS(GERAL!R:R,GERAL!D:D,PROD_META_30D!$AO$6,GERAL!W:W,PROD_META_30D!B13)+SUMIFS(GERAL!S:S,GERAL!D:D,PROD_META_30D!$AO$6,GERAL!W:W,PROD_META_30D!B13) -> 10 | AQ13: =SUMIFS(GERAL!J:J,GERAL!D:D,$AQ$6,GERAL!W:W,PROD_META_30D!B13)+SUMIFS(GERAL!M:M,GERAL!D:D,$AQ$6,GERAL!W:W,PROD_META_30D!B13) -> 0 | AR13: =SUMIFS(GERAL!R:R,GERAL!D:D,$AQ$6,GERAL!W:W,PROD_META_30D!B13)+SUMIFS(GERAL!S:S,GERAL!D:D,$AQ$6,GERAL!W:W,PROD_META_30D!B13) -> 0 | AS13: =SUMIFS(GERAL!J:J,GERAL!D:D,$AS$6,GERAL!W:W,PROD_META_30D!B13)+SUMIFS(GERAL!M:M,GERAL!D:D,$AS$6,GERAL!W:W,PROD_META_30D!B13) -> 0 | AT13: =SUMIFS(GERAL!R:R,GERAL!D:D,$AS$6,GERAL!W:W,PROD_META_30D!B13)+SUMIFS(GERAL!S:S,GERAL!D:D,$AS$6,GERAL!W:W,PROD_META_30D!B13) -> 0 | AU13: 45 | AV13: 8 | AW13: =SUMIFS(GERAL!J:J,GERAL!D:D,PROD_META_30D!$AW$18,GERAL!W:W,PROD_META_30D!B13)+SUMIFS(GERAL!M:M,GERAL!D:D,PROD_META_30D!$AW$18,GERAL!W:W,PROD_META_30D!B13) -> 0 | AX13: =SUMIFS(GERAL!R:R,GERAL!D:D,PROD_META_30D!$AW$18,GERAL!W:W,PROD_META_30D!B13)+SUMIFS(GERAL!S:S,GERAL!D:D,PROD_META_30D!$AW$18,GERAL!W:W,PROD_META_30D!B13) -> 0 | AY13: =SUMIFS(GERAL!J:J,GERAL!D:D,PROD_META_30D!$AY$18,GERAL!W:W,PROD_META_30D!B13)+SUMIFS(GERAL!M:M,GERAL!D:D,$AY$18,GERAL!W:W,PROD_META_30D!B13) -> 0 | AZ13: =SUMIFS(GERAL!R:R,GERAL!D:D,PROD_META_30D!$AY$18,GERAL!W:W,PROD_META_30D!B13)+SUMIFS(GERAL!S:S,GERAL!D:D,PROD_META_30D!$AY$18,GERAL!W:W,PROD_META_30D!B13) -> 16 | BA13: =SUMIFS(GERAL!J:J,GERAL!D:D,PROD_META_30D!$BA$18,GERAL!W:W,PROD_META_30D!B13)+SUMIFS(GERAL!M:M,GERAL!D:D,$BA$18,GERAL!W:W,PROD_META_30D!B13) -> 0 | BB13: =SUMIFS(GERAL!R:R,GERAL!D:D,PROD_META_30D!$BA$18,GERAL!W:W,PROD_META_30D!B13)+SUMIFS(GERAL!S:S,GERAL!D:D,PROD_META_30D!$BA$18,GERAL!W:W,PROD_META_30D!B13) -> 20 | BC13: =SUMIFS(GERAL!J:J,GERAL!D:D,PROD_META_30D!$BC$18,GERAL!W:W,PROD_META_30D!B13)+SUMIFS(GERAL!M:M,GERAL!D:D,$BC$18,GERAL!W:W,PROD_META_30D!B13) -> 56 | BD13: =SUMIFS(GERAL!R:R,GERAL!D:D,PROD_META_30D!$BC$18,GERAL!W:W,PROD_META_30D!B13)+SUMIFS(GERAL!S:S,GERAL!D:D,PROD_META_30D!$BC$18,GERAL!W:W,PROD_META_30D!B13) -> 22 | BE13: =SUMIFS(GERAL!J:J,GERAL!D:D,PROD_META_30D!$BE$18,GERAL!W:W,PROD_META_30D!B13)+SUMIFS(GERAL!M:M,GERAL!D:D,$BE$18,GERAL!W:W,PROD_META_30D!B13) -> 30 | BF13: =SUMIFS(GERAL!R:R,GERAL!D:D,PROD_META_30D!$BE$18,GERAL!W:W,PROD_META_30D!B13)+SUMIFS(GERAL!S:S,GERAL!D:D,PROD_META_30D!$BE$18,GERAL!W:W,PROD_META_30D!B13) -> 10 | BG13: =SUMIFS(GERAL!J:J,GERAL!D:D,PROD_META_30D!$BG$18,GERAL!W:W,PROD_META_30D!B13)+SUMIFS(GERAL!M:M,GERAL!D:D,$BG$18,GERAL!W:W,PROD_META_30D!B13) -> 0 | BH13: =SUMIFS(GERAL!R:R,GERAL!D:D,PROD_META_30D!$BG$18,GERAL!W:W,PROD_META_30D!B13)+SUMIFS(GERAL!S:S,GERAL!D:D,PROD_META_30D!$BG$18,GERAL!W:W,PROD_META_30D!B13) -> 0
B14: Vila dos Criadores | C14: =G14-E14 -> 1428.0524 | D14: =H14-F14 -> -102.16045 | E14: =SUMIFS(PREVISTO!J:J,PREVISTO!B:B,"<="&PROD_META_30D!$AG$5)*PROD_META_30D!AC14 -> 860.24758 | F14: =SUMIFS(PREVISTO!I:I,PREVISTO!B:B,"<="&PROD_META_30D!$AG$5)*PROD_META_30D!AD14 -> 175.16045 | G14: =SUMIFS(GERAL!J:J,GERAL!B:B,"<="&PROD_META_30D!$AG$5,GERAL!W:W,PROD_META_30D!B14,GERAL!X:X,"Prazo_30")+SUMIFS(GERAL!M:M,GERAL!B:B,"<="&PROD_META_30D!$AG$5,GERAL!W:W,PROD_META_30D!B14,GERAL!X:X,"Prazo_30") -> 2288.3 | H14: =SUMIFS(GERAL!R:R,GERAL!B:B,"<="&PROD_META_30D!$AG$5,GERAL!W:W,PROD_META_30D!B14,GERAL!X:X,"Prazo_30")+SUMIFS(GERAL!S:S,GERAL!B:B,"<="&PROD_META_30D!$AG$5,GERAL!W:W,PROD_META_30D!B14,GERAL!X:X,"Prazo_30") -> 73 | I14: =SUMIFS(GERAL!J:J,GERAL!A:A,"Semana 1",GERAL!AE:AE,PROD_META_30D!B14)+SUMIFS(GERAL!K:K,GERAL!A:A,"Semana 1",GERAL!AE:AE,PROD_META_30D!B14) -> 0 | J14: =SUMIFS(GERAL!M:M,GERAL!A:A,"Semana 1",GERAL!AE:AE,PROD_META_30D!B14)+SUMIFS(GERAL!N:N,GERAL!A:A,"Semana 1",GERAL!AE:AE,PROD_META_30D!B14) -> 0 | K14: =SUMIFS(GERAL!J:J,GERAL!A:A,"Semana 2",GERAL!AE:AE,PROD_META_30D!B14)+SUMIFS(GERAL!K:K,GERAL!A:A,"Semana 2",GERAL!AE:AE,PROD_META_30D!B14) -> 0 | L14: =SUMIFS(GERAL!M:M,GERAL!A:A,"Semana 2",GERAL!AE:AE,PROD_META_30D!B14)+SUMIFS(GERAL!N:N,GERAL!A:A,"Semana 1",GERAL!AE:AE,PROD_META_30D!B14) -> 0 | M14: =SUMIFS(GERAL!J:J,GERAL!A:A,"Semana 3",GERAL!AE:AE,PROD_META_30D!B14)+SUMIFS(GERAL!K:K,GERAL!A:A,"Semana 3",GERAL!AE:AE,PROD_META_30D!B14) -> 0 | N14: =SUMIFS(GERAL!M:M,GERAL!A:A,"Semana 3",GERAL!AE:AE,PROD_META_30D!B14)+SUMIFS(GERAL!N:N,GERAL!A:A,"Semana 3",GERAL!AE:AE,PROD_META_30D!B14) -> 0 | O14: =SUMIFS(GERAL!J:J,GERAL!A:A,"Semana 4",GERAL!AE:AE,PROD_META_30D!B14)+SUMIFS(GERAL!K:K,GERAL!A:A,"Semana 4",GERAL!AE:AE,PROD_META_30D!B14) -> 0 | P14: =SUMIFS(GERAL!M:M,GERAL!A:A,"Semana 4",GERAL!AE:AE,PROD_META_30D!B14)+SUMIFS(GERAL!N:N,GERAL!A:A,"Semana 4",GERAL!AE:AE,PROD_META_30D!B14) -> 0 | Q14: =SUMIFS(GERAL!J:J,GERAL!A:A,"Semana 5",GERAL!AE:AE,PROD_META_30D!B14)+SUMIFS(GERAL!K:K,GERAL!A:A,"Semana 5",GERAL!AE:AE,PROD_META_30D!B14) -> 0 | R14: =SUMIFS(GERAL!M:M,GERAL!A:A,"Semana 5",GERAL!AE:AE,PROD_META_30D!B14)+SUMIFS(GERAL!N:N,GERAL!A:A,"Semana 5",GERAL!AE:AE,PROD_META_30D!B14) -> 0 | S14: =SUMIFS(GERAL!J:J,GERAL!A:A,"Semana 6",GERAL!AE:AE,PROD_META_30D!B14)+SUMIFS(GERAL!K:K,GERAL!A:A,"Semana 6",GERAL!AE:AE,PROD_META_30D!B14) -> 0 | T14: =SUMIFS(GERAL!M:M,GERAL!A:A,"Semana 6",GERAL!AE:AE,PROD_META_30D!B14)+SUMIFS(GERAL!N:N,GERAL!A:A,"Semana 6",GERAL!AE:AE,PROD_META_30D!B14) -> 0 | U14: =SUMIFS(GERAL!J:J,GERAL!A:A,"Semana 7",GERAL!AE:AE,PROD_META_30D!B14)+SUMIFS(GERAL!K:K,GERAL!A:A,"Semana 7",GERAL!AE:AE,PROD_META_30D!B14) -> 0 | V14: =SUMIFS(GERAL!M:M,GERAL!A:A,"Semana 7",GERAL!AE:AE,PROD_META_30D!B14)+SUMIFS(GERAL!N:N,GERAL!A:A,"Semana 7",GERAL!AE:AE,PROD_META_30D!B14) -> 0 | W14: =SUM(AI14,AK14,AM14,AO14,AQ14,AS14) -> 200 | X14: =SUM(AJ14,AL14,AN14,AP14,AR14,AT14) -> 11 | Y14: =W14-AE14 -> 85 | Z14: =X14-AF14 -> -12 | AA14: 857 | AB14: 187 | AC14: =AA14/SUM($AA$10:$AA$15) -> 0.12343367 | AD14: =AB14/SUM($AB$10:$AB$15) -> 0.1621856 | AE14: 115 | AF14: 23 | AG14: 29 | AH14: 6 | AI14: =SUMIFS(GERAL!J:J,GERAL!D:D,PROD_META_30D!$AI$6,GERAL!W:W,PROD_META_30D!B14)+SUMIFS(GERAL!M:M,GERAL!D:D,PROD_META_30D!$AI$6,GERAL!W:W,PROD_META_30D!B14) -> 34 | AJ14: =SUMIFS(GERAL!R:R,GERAL!D:D,PROD_META_30D!$AI$6,GERAL!W:W,PROD_META_30D!B14)+SUMIFS(GERAL!S:S,GERAL!D:D,PROD_META_30D!$AI$6,GERAL!W:W,PROD_META_30D!B14) -> 0 | AK14: =SUMIFS(GERAL!J:J,GERAL!D:D,$AK$6,GERAL!W:W,PROD_META_30D!B14)+SUMIFS(GERAL!M:M,GERAL!D:D,$AK$6,GERAL!W:W,PROD_META_30D!B14) -> 8 | AL14: =SUMIFS(GERAL!R:R,GERAL!D:D,$AK$6,GERAL!W:W,PROD_META_30D!B14)+SUMIFS(GERAL!S:S,GERAL!D:D,$AK$6,GERAL!W:W,PROD_META_30D!B14) -> 0 | AM14: =SUMIFS(GERAL!J:J,GERAL!D:D,PROD_META_30D!$AM$6,GERAL!W:W,PROD_META_30D!B14)+SUMIFS(GERAL!M:M,GERAL!D:D,PROD_META_30D!$AM$6,GERAL!W:W,PROD_META_30D!B14) -> 35 | AN14: =SUMIFS(GERAL!R:R,GERAL!D:D,PROD_META_30D!$AM$6,GERAL!W:W,PROD_META_30D!B14)+SUMIFS(GERAL!S:S,GERAL!D:D,PROD_META_30D!$AM$6,GERAL!W:W,PROD_META_30D!B14) -> 11 | AO14: =SUMIFS(GERAL!J:J,GERAL!D:D,PROD_META_30D!$AO$6,GERAL!W:W,PROD_META_30D!B14)+SUMIFS(GERAL!M:M,GERAL!D:D,PROD_META_30D!$AO$6,GERAL!W:W,PROD_META_30D!B14) -> 123 | AP14: =SUMIFS(GERAL!R:R,GERAL!D:D,PROD_META_30D!$AO$6,GERAL!W:W,PROD_META_30D!B14)+SUMIFS(GERAL!S:S,GERAL!D:D,PROD_META_30D!$AO$6,GERAL!W:W,PROD_META_30D!B14) -> 0 | AQ14: =SUMIFS(GERAL!J:J,GERAL!D:D,$AQ$6,GERAL!W:W,PROD_META_30D!B14)+SUMIFS(GERAL!M:M,GERAL!D:D,$AQ$6,GERAL!W:W,PROD_META_30D!B14) -> 0 | AR14: =SUMIFS(GERAL!R:R,GERAL!D:D,$AQ$6,GERAL!W:W,PROD_META_30D!B14)+SUMIFS(GERAL!S:S,GERAL!D:D,$AQ$6,GERAL!W:W,PROD_META_30D!B14) -> 0 | AS14: =SUMIFS(GERAL!J:J,GERAL!D:D,$AS$6,GERAL!W:W,PROD_META_30D!B14)+SUMIFS(GERAL!M:M,GERAL!D:D,$AS$6,GERAL!W:W,PROD_META_30D!B14) -> 0 | AT14: =SUMIFS(GERAL!R:R,GERAL!D:D,$AS$6,GERAL!W:W,PROD_META_30D!B14)+SUMIFS(GERAL!S:S,GERAL!D:D,$AS$6,GERAL!W:W,PROD_META_30D!B14) -> 0 | AU14: 29 | AV14: 6 | AW14: =SUMIFS(GERAL!J:J,GERAL!D:D,PROD_META_30D!$AW$18,GERAL!W:W,PROD_META_30D!B14)+SUMIFS(GERAL!M:M,GERAL!D:D,PROD_META_30D!$AW$18,GERAL!W:W,PROD_META_30D!B14) -> 0 | AX14: =SUMIFS(GERAL!R:R,GERAL!D:D,PROD_META_30D!$AW$18,GERAL!W:W,PROD_META_30D!B14)+SUMIFS(GERAL!S:S,GERAL!D:D,PROD_META_30D!$AW$18,GERAL!W:W,PROD_META_30D!B14) -> 0 | AY14: =SUMIFS(GERAL!J:J,GERAL!D:D,PROD_META_30D!$AY$18,GERAL!W:W,PROD_META_30D!B14)+SUMIFS(GERAL!M:M,GERAL!D:D,$AY$18,GERAL!W:W,PROD_META_30D!B14) -> 18 | AZ14: =SUMIFS(GERAL!R:R,GERAL!D:D,PROD_META_30D!$AY$18,GERAL!W:W,PROD_META_30D!B14)+SUMIFS(GERAL!S:S,GERAL!D:D,PROD_META_30D!$AY$18,GERAL!W:W,PROD_META_30D!B14) -> 0 | BA14: =SUMIFS(GERAL!J:J,GERAL!D:D,PROD_META_30D!$BA$18,GERAL!W:W,PROD_META_30D!B14)+SUMIFS(GERAL!M:M,GERAL!D:D,$BA$18,GERAL!W:W,PROD_META_30D!B14) -> 35 | BB14: =SUMIFS(GERAL!R:R,GERAL!D:D,PROD_META_30D!$BA$18,GERAL!W:W,PROD_META_30D!B14)+SUMIFS(GERAL!S:S,GERAL!D:D,PROD_META_30D!$BA$18,GERAL!W:W,PROD_META_30D!B14) -> 0 | BC14: =SUMIFS(GERAL!J:J,GERAL!D:D,PROD_META_30D!$BC$18,GERAL!W:W,PROD_META_30D!B14)+SUMIFS(GERAL!M:M,GERAL!D:D,$BC$18,GERAL!W:W,PROD_META_30D!B14) -> 39 | BD14: =SUMIFS(GERAL!R:R,GERAL!D:D,PROD_META_30D!$BC$18,GERAL!W:W,PROD_META_30D!B14)+SUMIFS(GERAL!S:S,GERAL!D:D,PROD_META_30D!$BC$18,GERAL!W:W,PROD_META_30D!B14) -> 5 | BE14: =SUMIFS(GERAL!J:J,GERAL!D:D,PROD_META_30D!$BE$18,GERAL!W:W,PROD_META_30D!B14)+SUMIFS(GERAL!M:M,GERAL!D:D,$BE$18,GERAL!W:W,PROD_META_30D!B14) -> 24 | BF14: =SUMIFS(GERAL!R:R,GERAL!D:D,PROD_META_30D!$BE$18,GERAL!W:W,PROD_META_30D!B14)+SUMIFS(GERAL!S:S,GERAL!D:D,PROD_META_30D!$BE$18,GERAL!W:W,PROD_META_30D!B14) -> 10 | BG14: =SUMIFS(GERAL!J:J,GERAL!D:D,PROD_META_30D!$BG$18,GERAL!W:W,PROD_META_30D!B14)+SUMIFS(GERAL!M:M,GERAL!D:D,$BG$18,GERAL!W:W,PROD_META_30D!B14) -> 0 | BH14: =SUMIFS(GERAL!R:R,GERAL!D:D,PROD_META_30D!$BG$18,GERAL!W:W,PROD_META_30D!B14)+SUMIFS(GERAL!S:S,GERAL!D:D,PROD_META_30D!$BG$18,GERAL!W:W,PROD_META_30D!B14) -> 0
B15: Pantanal Baixo | C15: =G15-E15 -> -114.34359 | D15: =H15-F15 -> -111.48656 | E15: =SUMIFS(PREVISTO!J:J,PREVISTO!B:B,"<="&PROD_META_30D!$AG$5)*PROD_META_30D!AC15 -> 1680.3436 | F15: =SUMIFS(PREVISTO!I:I,PREVISTO!B:B,"<="&PROD_META_30D!$AG$5)*PROD_META_30D!AD15 -> 303.48656 | G15: =SUMIFS(GERAL!J:J,GERAL!B:B,"<="&PROD_META_30D!$AG$5,GERAL!W:W,PROD_META_30D!B15,GERAL!X:X,"Prazo_30")+SUMIFS(GERAL!M:M,GERAL!B:B,"<="&PROD_META_30D!$AG$5,GERAL!W:W,PROD_META_30D!B15,GERAL!X:X,"Prazo_30") -> 1566 | H15: =SUMIFS(GERAL!R:R,GERAL!B:B,"<="&PROD_META_30D!$AG$5,GERAL!W:W,PROD_META_30D!B15,GERAL!X:X,"Prazo_30")+SUMIFS(GERAL!S:S,GERAL!B:B,"<="&PROD_META_30D!$AG$5,GERAL!W:W,PROD_META_30D!B15,GERAL!X:X,"Prazo_30") -> 192 | I15: =SUMIFS(GERAL!J:J,GERAL!A:A,"Semana 1",GERAL!AE:AE,PROD_META_30D!B15)+SUMIFS(GERAL!K:K,GERAL!A:A,"Semana 1",GERAL!AE:AE,PROD_META_30D!B15) -> 0 | J15: =SUMIFS(GERAL!M:M,GERAL!A:A,"Semana 1",GERAL!AE:AE,PROD_META_30D!B15)+SUMIFS(GERAL!N:N,GERAL!A:A,"Semana 1",GERAL!AE:AE,PROD_META_30D!B15) -> 0 | K15: =SUMIFS(GERAL!J:J,GERAL!A:A,"Semana 2",GERAL!AE:AE,PROD_META_30D!B15)+SUMIFS(GERAL!K:K,GERAL!A:A,"Semana 2",GERAL!AE:AE,PROD_META_30D!B15) -> 0 | L15: =SUMIFS(GERAL!M:M,GERAL!A:A,"Semana 2",GERAL!AE:AE,PROD_META_30D!B15)+SUMIFS(GERAL!N:N,GERAL!A:A,"Semana 1",GERAL!AE:AE,PROD_META_30D!B15) -> 0 | M15: =SUMIFS(GERAL!J:J,GERAL!A:A,"Semana 3",GERAL!AE:AE,PROD_META_30D!B15)+SUMIFS(GERAL!K:K,GERAL!A:A,"Semana 3",GERAL!AE:AE,PROD_META_30D!B15) -> 0 | N15: =SUMIFS(GERAL!M:M,GERAL!A:A,"Semana 3",GERAL!AE:AE,PROD_META_30D!B15)+SUMIFS(GERAL!N:N,GERAL!A:A,"Semana 3",GERAL!AE:AE,PROD_META_30D!B15) -> 0 | O15: =SUMIFS(GERAL!J:J,GERAL!A:A,"Semana 4",GERAL!AE:AE,PROD_META_30D!B15)+SUMIFS(GERAL!K:K,GERAL!A:A,"Semana 4",GERAL!AE:AE,PROD_META_30D!B15) -> 0 | P15: =SUMIFS(GERAL!M:M,GERAL!A:A,"Semana 4",GERAL!AE:AE,PROD_META_30D!B15)+SUMIFS(GERAL!N:N,GERAL!A:A,"Semana 4",GERAL!AE:AE,PROD_META_30D!B15) -> 0 | Q15: =SUMIFS(GERAL!J:J,GERAL!A:A,"Semana 5",GERAL!AE:AE,PROD_META_30D!B15)+SUMIFS(GERAL!K:K,GERAL!A:A,"Semana 5",GERAL!AE:AE,PROD_META_30D!B15) -> 0 | R15: =SUMIFS(GERAL!M:M,GERAL!A:A,"Semana 5",GERAL!AE:AE,PROD_META_30D!B15)+SUMIFS(GERAL!N:N,GERAL!A:A,"Semana 5",GERAL!AE:AE,PROD_META_30D!B15) -> 0 | S15: =SUMIFS(GERAL!J:J,GERAL!A:A,"Semana 6",GERAL!AE:AE,PROD_META_30D!B15)+SUMIFS(GERAL!K:K,GERAL!A:A,"Semana 6",GERAL!AE:AE,PROD_META_30D!B15) -> 0 | T15: =SUMIFS(GERAL!M:M,GERAL!A:A,"Semana 6",GERAL!AE:AE,PROD_META_30D!B15)+SUMIFS(GERAL!N:N,GERAL!A:A,"Semana 6",GERAL!AE:AE,PROD_META_30D!B15) -> 0 | U15: =SUMIFS(GERAL!J:J,GERAL!A:A,"Semana 7",GERAL!AE:AE,PROD_META_30D!B15)+SUMIFS(GERAL!K:K,GERAL!A:A,"Semana 7",GERAL!AE:AE,PROD_META_30D!B15) -> 0 | V15: =SUMIFS(GERAL!M:M,GERAL!A:A,"Semana 7",GERAL!AE:AE,PROD_META_30D!B15)+SUMIFS(GERAL!N:N,GERAL!A:A,"Semana 7",GERAL!AE:AE,PROD_META_30D!B15) -> 0 | W15: =SUM(AI15,AK15,AM15,AO15,AQ15,AS15) -> 166 | X15: =SUM(AJ15,AL15,AN15,AP15,AR15,AT15) -> 64 | Y15: =W15-AE15 -> -58 | Z15: =X15-AF15 -> 24 | AA15: 1674 | AB15: 324 | AC15: =AA15/SUM($AA$10:$AA$15) -> 0.24110615 | AD15: =AB15/SUM($AB$10:$AB$15) -> 0.28100607 | AE15: 224 | AF15: 40 | AG15: 56 | AH15: 10 | AI15: =SUMIFS(GERAL!J:J,GERAL!D:D,PROD_META_30D!$AI$6,GERAL!W:W,PROD_META_30D!B15)+SUMIFS(GERAL!M:M,GERAL!D:D,PROD_META_30D!$AI$6,GERAL!W:W,PROD_META_30D!B15) -> 57 | AJ15: =SUMIFS(GERAL!R:R,GERAL!D:D,PROD_META_30D!$AI$6,GERAL!W:W,PROD_META_30D!B15)+SUMIFS(GERAL!S:S,GERAL!D:D,PROD_META_30D!$AI$6,GERAL!W:W,PROD_META_30D!B15) -> 13 | AK15: =SUMIFS(GERAL!J:J,GERAL!D:D,$AK$6,GERAL!W:W,PROD_META_30D!B15)+SUMIFS(GERAL!M:M,GERAL!D:D,$AK$6,GERAL!W:W,PROD_META_30D!B15) -> 0 | AL15: =SUMIFS(GERAL!R:R,GERAL!D:D,$AK$6,GERAL!W:W,PROD_META_30D!B15)+SUMIFS(GERAL!S:S,GERAL!D:D,$AK$6,GERAL!W:W,PROD_META_30D!B15) -> 25 | AM15: =SUMIFS(GERAL!J:J,GERAL!D:D,PROD_META_30D!$AM$6,GERAL!W:W,PROD_META_30D!B15)+SUMIFS(GERAL!M:M,GERAL!D:D,PROD_META_30D!$AM$6,GERAL!W:W,PROD_META_30D!B15) -> 80 | AN15: =SUMIFS(GERAL!R:R,GERAL!D:D,PROD_META_30D!$AM$6,GERAL!W:W,PROD_META_30D!B15)+SUMIFS(GERAL!S:S,GERAL!D:D,PROD_META_30D!$AM$6,GERAL!W:W,PROD_META_30D!B15) -> 12 | AO15: =SUMIFS(GERAL!J:J,GERAL!D:D,PROD_META_30D!$AO$6,GERAL!W:W,PROD_META_30D!B15)+SUMIFS(GERAL!M:M,GERAL!D:D,PROD_META_30D!$AO$6,GERAL!W:W,PROD_META_30D!B15) -> 29 | AP15: =SUMIFS(GERAL!R:R,GERAL!D:D,PROD_META_30D!$AO$6,GERAL!W:W,PROD_META_30D!B15)+SUMIFS(GERAL!S:S,GERAL!D:D,PROD_META_30D!$AO$6,GERAL!W:W,PROD_META_30D!B15) -> 14 | AQ15: =SUMIFS(GERAL!J:J,GERAL!D:D,$AQ$6,GERAL!W:W,PROD_META_30D!B15)+SUMIFS(GERAL!M:M,GERAL!D:D,$AQ$6,GERAL!W:W,PROD_META_30D!B15) -> 0 | AR15: =SUMIFS(GERAL!R:R,GERAL!D:D,$AQ$6,GERAL!W:W,PROD_META_30D!B15)+SUMIFS(GERAL!S:S,GERAL!D:D,$AQ$6,GERAL!W:W,PROD_META_30D!B15) -> 0 | AS15: =SUMIFS(GERAL!J:J,GERAL!D:D,$AS$6,GERAL!W:W,PROD_META_30D!B15)+SUMIFS(GERAL!M:M,GERAL!D:D,$AS$6,GERAL!W:W,PROD_META_30D!B15) -> 0 | AT15: =SUMIFS(GERAL!R:R,GERAL!D:D,$AS$6,GERAL!W:W,PROD_META_30D!B15)+SUMIFS(GERAL!S:S,GERAL!D:D,$AS$6,GERAL!W:W,PROD_META_30D!B15) -> 0 | AU15: 56 | AV15: 10 | AW15: =SUMIFS(GERAL!J:J,GERAL!D:D,PROD_META_30D!$AW$18,GERAL!W:W,PROD_META_30D!B15)+SUMIFS(GERAL!M:M,GERAL!D:D,PROD_META_30D!$AW$18,GERAL!W:W,PROD_META_30D!B15) -> 0 | AX15: =SUMIFS(GERAL!R:R,GERAL!D:D,PROD_META_30D!$AW$18,GERAL!W:W,PROD_META_30D!B15)+SUMIFS(GERAL!S:S,GERAL!D:D,PROD_META_30D!$AW$18,GERAL!W:W,PROD_META_30D!B15) -> 0 | AY15: =SUMIFS(GERAL!J:J,GERAL!D:D,PROD_META_30D!$AY$18,GERAL!W:W,PROD_META_30D!B15)+SUMIFS(GERAL!M:M,GERAL!D:D,$AY$18,GERAL!W:W,PROD_META_30D!B15) -> 18 | AZ15: =SUMIFS(GERAL!R:R,GERAL!D:D,PROD_META_30D!$AY$18,GERAL!W:W,PROD_META_30D!B15)+SUMIFS(GERAL!S:S,GERAL!D:D,PROD_META_30D!$AY$18,GERAL!W:W,PROD_META_30D!B15) -> 6 | BA15: =SUMIFS(GERAL!J:J,GERAL!D:D,PROD_META_30D!$BA$18,GERAL!W:W,PROD_META_30D!B15)+SUMIFS(GERAL!M:M,GERAL!D:D,$BA$18,GERAL!W:W,PROD_META_30D!B15) -> 22 | BB15: =SUMIFS(GERAL!R:R,GERAL!D:D,PROD_META_30D!$BA$18,GERAL!W:W,PROD_META_30D!B15)+SUMIFS(GERAL!S:S,GERAL!D:D,PROD_META_30D!$BA$18,GERAL!W:W,PROD_META_30D!B15) -> 0 | BC15: =SUMIFS(GERAL!J:J,GERAL!D:D,PROD_META_30D!$BC$18,GERAL!W:W,PROD_META_30D!B15)+SUMIFS(GERAL!M:M,GERAL!D:D,$BC$18,GERAL!W:W,PROD_META_30D!B15) -> 18 | BD15: =SUMIFS(GERAL!R:R,GERAL!D:D,PROD_META_30D!$BC$18,GERAL!W:W,PROD_META_30D!B15)+SUMIFS(GERAL!S:S,GERAL!D:D,PROD_META_30D!$BC$18,GERAL!W:W,PROD_META_30D!B15) -> 7 | BE15: =SUMIFS(GERAL!J:J,GERAL!D:D,PROD_META_30D!$BE$18,GERAL!W:W,PROD_META_30D!B15)+SUMIFS(GERAL!M:M,GERAL!D:D,$BE$18,GERAL!W:W,PROD_META_30D!B15) -> 21 | BF15: =SUMIFS(GERAL!R:R,GERAL!D:D,PROD_META_30D!$BE$18,GERAL!W:W,PROD_META_30D!B15)+SUMIFS(GERAL!S:S,GERAL!D:D,PROD_META_30D!$BE$18,GERAL!W:W,PROD_META_30D!B15) -> 20 | BG15: =SUMIFS(GERAL!J:J,GERAL!D:D,PROD_META_30D!$BG$18,GERAL!W:W,PROD_META_30D!B15)+SUMIFS(GERAL!M:M,GERAL!D:D,$BG$18,GERAL!W:W,PROD_META_30D!B15) -> 0 | BH15: =SUMIFS(GERAL!R:R,GERAL!D:D,PROD_META_30D!$BG$18,GERAL!W:W,PROD_META_30D!B15)+SUMIFS(GERAL!S:S,GERAL!D:D,PROD_META_30D!$BG$18,GERAL!W:W,PROD_META_30D!B15) -> 0
B17: CONTRATO | C17: =SUM(C10:C15) -> 2229.1897 | D17: =SUM(D10:D15) -> 96 | E17: =SUM(E10:E15) -> 6969.3103 | F17: =SUM(F10:F15) -> 1080 | G17: =SUM(G10:G15) -> 9198.5 | H17: =SUM(H10:H15) -> 1176 | I17: =SUM(I10:I15) -> 0 | J17: =SUM(J10:J15) -> 0 | ... BH17: =SUM(BH10:BH15) -> 0
AI18: =AI6 -> 46132 | AK18: =AI18+1 -> 46133 | AM18: =AK18+1 -> 46134 | AO18: =AM18+1 -> 46135 | AQ18: =AO18+1 -> 46136 | AS18: =AQ18+1 -> 46137 | AW18: =AI18-7 -> 46125 | AY18: =AW18+1 -> 46126 | BA18: =AY18+1 -> 46127 | BC18: =BA18+1 -> 46128 | BE18: =BC18+1 -> 46129 | BG18: =BE18+1 -> 46130
AU21: ACUMULADO DA SEMANA
AU22: REDE | AV22: LIG
AU23: =AW10+AY10+BA10+BC10+BE10+BG10 -> 178 | AV23: =AX10+AZ10+BB10+BD10+BF10+BH10 -> 27
AU24: =AW11+AY11+BA11+BC11+BE11+BG11 -> 0 | AV24: =AX11+AZ11+BB11+BD11+BF11+BH11 -> 62
AU25: =AW12+AY12+BA12+BC12+BE12+BG12 -> 67 | AV25: =AX12+AZ12+BB12+BD12+BF12+BH12 -> 2
AU26: =AW13+AY13+BA13+BC13+BE13+BG13 -> 86 | AV26: =AX13+AZ13+BB13+BD13+BF13+BH13 -> 68
AU27: =AW14+AY14+BA14+BC14+BE14+BG14 -> 116 | AV27: =AX14+AZ14+BB14+BD14+BF14+BH14 -> 15
AU28: =AW15+AY15+BA15+BC15+BE15+BG15 -> 79 | AV28: =AX15+AZ15+BB15+BD15+BF15+BH15 -> 33

Sheet PREVISTO
B2: Prometido SABESP | E2: 433 | F2: 611 | G2: 2717 | H2: 4020
B3: Ligações | C3: Rede | D3: Dias úteis | E3: Lig_Água | F3: Lig_Esgoto | G3: Rede_Água | H3: Rede_Esgoto | I3: Ligações_Dia | J3: Rede_Dia
B4: 1044 | C4: =SUM(G2:H2) -> 6737 | D4: 30 | E4: =$E$2/SUM($D$8:$D$46) -> 14.931034 | F4: =$F$2/SUM($D$8:$D$46) -> 21.068966 | G4: =$G$2/SUM($D$8:$D$46) -> 93.689655 | H4: =$H$2/SUM($D$8:$D$46) -> 138.62069 | I4: =$B$4/SUM(D8:D46) -> 36 | J4: =$C$4/SUM(D8:D46) -> 232.31034
I6: Und | J6: m
B7: Data | C7: Dia Útil | D7: Período | E7: Lig_Água | F7: Lig_Esgoto | G7: Rede_Água | H7: Rede_Esgoto | I7: Ligações2 | J7: Rede | K7: Dia_semana | M7: Feriados
A8: =_xlfn.XLOOKUP(Tabela1[[#This Row],[Data]],GERAL!B:B,GERAL!A:A) -> Semana 2 | B8: 46062 | C8: {=_xlfn.IFS(OR(Tabela1[[#This Row],[Data]]=$M$8,Tabela1[[#This Row],[Data]]=$M$9,Tabela1[[#This Row],[Data]]=$M$10),"Não",K8=1,"Não",K8>1,"Sim")} -> Sim | D8: {=_xlfn.IFS(Tabela1[[#This Row],[Dia Útil]]="Não",0,K8=1,0,K8=7,0.5,K8>1,1)} -> 1 | E8: =$E$4*Tabela1[[#This Row],[Período]] -> 14.931034 | F8: =$F$4*Tabela1[[#This Row],[Período]] -> 21.068966 | G8: =$G$4*Tabela1[[#This Row],[Período]] -> 93.689655 | H8: =$H$4*Tabela1[[#This Row],[Período]] -> 138.62069 | I8: =$I$4*Tabela1[[#This Row],[Período]] -> 36 | J8: =$J$4*Tabela1[[#This Row],[Período]] -> 232.31034 | K8: =WEEKDAY(Tabela1[[#This Row],[Data]],1) -> 2 | M8: 46069
A9: =_xlfn.XLOOKUP(Tabela1[[#This Row],[Data]],GERAL!B:B,GERAL!A:A) -> Semana 2 | B9: 46063 | C9: {=_xlfn.IFS(OR(Tabela1[[#This Row],[Data]]=$M$8,Tabela1[[#This Row],[Data]]=$M$9,Tabela1[[#This Row],[Data]]=$M$10),"Não",K9=1,"Não",K9>1,"Sim")} -> Sim | D9: {=_xlfn.IFS(Tabela1[[#This Row],[Dia Útil]]="Não",0,K9=1,0,K9=7,0.5,K9>1,1)} -> 1 | E9: =$E$4*Tabela1[[#This Row],[Período]] -> 14.931034 | F9: =$F$4*Tabela1[[#This Row],[Período]] -> 21.068966 | G9: =$G$4*Tabela1[[#This Row],[Período]] -> 93.689655 | H9: =$H$4*Tabela1[[#This Row],[Período]] -> 138.62069 | I9: =$I$4*Tabela1[[#This Row],[Período]] -> 36 | J9: =$J$4*Tabela1[[#This Row],[Período]] -> 232.31034 | K9: =WEEKDAY(Tabela1[[#This Row],[Data]],1) -> 3 | M9: 46070
A10: =_xlfn.XLOOKUP(Tabela1[[#This Row],[Data]],GERAL!B:B,GERAL!A:A) -> Semana 2 | B10: 46064 | C10: {=_xlfn.IFS(OR(Tabela1[[#This Row],[Data]]=$M$8,Tabela1[[#This Row],[Data]]=$M$9,Tabela1[[#This Row],[Data]]=$M$10),"Não",K10=1,"Não",K10>1,"Sim")} -> Sim | D10: {=_xlfn.IFS(Tabela1[[#This Row],[Dia Útil]]="Não",0,K10=1,0,K10=7,0.5,K10>1,1)} -> 1 | E10: =$E$4*Tabela1[[#This Row],[Período]] -> 14.931034 | F10: =$F$4*Tabela1[[#This Row],[Período]] -> 21.068966 | G10: =$G$4*Tabela1[[#This Row],[Período]] -> 93.689655 | H10: =$H$4*Tabela1[[#This Row],[Período]] -> 138.62069 | I10: =$I$4*Tabela1[[#This Row],[Período]] -> 36 | J10: =$J$4*Tabela1[[#This Row],[Período]] -> 232.31034 | K10: =WEEKDAY(Tabela1[[#This Row],[Data]],1) -> 4 | M10: 46067
A11: =_xlfn.XLOOKUP(Tabela1[[#This Row],[Data]],GERAL!B:B,GERAL!A:A) -> Semana 2 | B11: 46065 | C11: {=_xlfn.IFS(OR(Tabela1[[#This Row],[Data]]=$M$8,Tabela1[[#This Row],[Data]]=$M$9,Tabela1[[#This Row],[Data]]=$M$10),"Não",K11=1,"Não",K11>1,"Sim")} -> Sim | D11: {=_xlfn.IFS(Tabela1[[#This Row],[Dia Útil]]="Não",0,K11=1,0,K11=7,0.5,K11>1,1)} -> 1 | E11: =$E$4*Tabela1[[#This Row],[Período]] -> 14.931034 | F11: =$F$4*Tabela1[[#This Row],[Período]] -> 21.068966 | G11: =$G$4*Tabela1[[#This Row],[Período]] -> 93.689655 | H11: =$H$4*Tabela1[[#This Row],[Período]] -> 138.62069 | I11: =$I$4*Tabela1[[#This Row],[Período]] -> 36 | J11: =$J$4*Tabela1[[#This Row],[Período]] -> 232.31034 | K11: =WEEKDAY(Tabela1[[#This Row],[Data]],1) -> 5
A12: =_xlfn.XLOOKUP(Tabela1[[#This Row],[Data]],GERAL!B:B,GERAL!A:A) -> Semana 2 | B12: 46066 | C12: {=_xlfn.IFS(OR(Tabela1[[#This Row],[Data]]=$M$8,Tabela1[[#This Row],[Data]]=$M$9,Tabela1[[#This Row],[Data]]=$M$10),"Não",K12=1,"Não",K12>1,"Sim")} -> Sim | D12: {=_xlfn.IFS(Tabela1[[#This Row],[Dia Útil]]="Não",0,K12=1,0,K12=7,0.5,K12>1,1)} -> 1 | E12: =$E$4*Tabela1[[#This Row],[Período]] -> 14.931034 | F12: =$F$4*Tabela1[[#This Row],[Período]] -> 21.068966 | G12: =$G$4*Tabela1[[#This Row],[Período]] -> 93.689655 | H12: =$H$4*Tabela1[[#This Row],[Período]] -> 138.62069 | I12: =$I$4*Tabela1[[#This Row],[Período]] -> 36 | J12: =$J$4*Tabela1[[#This Row],[Período]] -> 232.31034 | K12: =WEEKDAY(Tabela1[[#This Row],[Data]],1) -> 6
A13: =_xlfn.XLOOKUP(Tabela1[[#This Row],[Data]],GERAL!B:B,GERAL!A:A) -> Semana 2 | B13: 46067 | C13: {=_xlfn.IFS(OR(Tabela1[[#This Row],[Data]]=$M$8,Tabela1[[#This Row],[Data]]=$M$9,Tabela1[[#This Row],[Data]]=$M$10),"Não",K13=1,"Não",K13>1,"Sim")} -> Não | D13: {=_xlfn.IFS(Tabela1[[#This Row],[Dia Útil]]="Não",0,K13=1,0,K13=7,0.5,K13>1,1)} -> 0 | E13: =$E$4*Tabela1[[#This Row],[Período]] -> 0 | F13: =$F$4*Tabela1[[#This Row],[Período]] -> 0 | G13: =$G$4*Tabela1[[#This Row],[Período]] -> 0 | H13: =$H$4*Tabela1[[#This Row],[Período]] -> 0 | I13: =$I$4*Tabela1[[#This Row],[Período]] -> 0 | J13: =$J$4*Tabela1[[#This Row],[Período]] -> 0 | K13: =WEEKDAY(Tabela1[[#This Row],[Data]],1) -> 7
A14: =_xlfn.XLOOKUP(Tabela1[[#This Row],[Data]],GERAL!B:B,GERAL!A:A) -> Semana 3 | B14: 46068 | C14: {=_xlfn.IFS(OR(Tabela1[[#This Row],[Data]]=$M$8,Tabela1[[#This Row],[Data]]=$M$9,Tabela1[[#This Row],[Data]]=$M$10),"Não",K14=1,"Não",K14>1,"Sim")} -> Não | D14: {=_xlfn.IFS(Tabela1[[#This Row],[Dia Útil]]="Não",0,K14=1,0,K14=7,0.5,K14>1,1)} -> 0 | E14: =$E$4*Tabela1[[#This Row],[Período]] -> 0 | F14: =$F$4*Tabela1[[#This Row],[Período]] -> 0 | G14: =$G$4*Tabela1[[#This Row],[Período]] -> 0 | H14: =$H$4*Tabela1[[#This Row],[Período]] -> 0 | I14: =$I$4*Tabela1[[#This Row],[Período]] -> 0 | J14: =$J$4*Tabela1[[#This Row],[Período]] -> 0 | K14: =WEEKDAY(Tabela1[[#This Row],[Data]],1) -> 1
A15: =_xlfn.XLOOKUP(Tabela1[[#This Row],[Data]],GERAL!B:B,GERAL!A:A) -> Semana 3 | B15: 46069 | C15: {=_xlfn.IFS(OR(Tabela1[[#This Row],[Data]]=$M$8,Tabela1[[#This Row],[Data]]=$M$9,Tabela1[[#This Row],[Data]]=$M$10),"Não",K15=1,"Não",K15>1,"Sim")} -> Não | D15: {=_xlfn.IFS(Tabela1[[#This Row],[Dia Útil]]="Não",0,K15=1,0,K15=7,0.5,K15>1,1)} -> 0 | E15: =$E$4*Tabela1[[#This Row],[Período]] -> 0 | F15: =$F$4*Tabela1[[#This Row],[Período]] -> 0 | G15: =$G$4*Tabela1[[#This Row],[Período]] -> 0 | H15: =$H$4*Tabela1[[#This Row],[Período]] -> 0 | I15: =$I$4*Tabela1[[#This Row],[Período]] -> 0 | J15: =$J$4*Tabela1[[#This Row],[Período]] -> 0 | K15: =WEEKDAY(Tabela1[[#This Row],[Data]],1) -> 2
A16: =_xlfn.XLOOKUP(Tabela1[[#This Row],[Data]],GERAL!B:B,GERAL!A:A) -> Semana 3 | B16: 46070 | C16: {=_xlfn.IFS(OR(Tabela1[[#This Row],[Data]]=$M$8,Tabela1[[#This Row],[Data]]=$M$9,Tabela1[[#This Row],[Data]]=$M$10),"Não",K16=1,"Não",K16>1,"Sim")} -> Não | D16: {=_xlfn.IFS(Tabela1[[#This Row],[Dia Útil]]="Não",0,K16=1,0,K16=7,0.5,K16>1,1)} -> 0 | E16: =$E$4*Tabela1[[#This Row],[Período]] -> 0 | F16: =$F$4*Tabela1[[#This Row],[Período]] -> 0 | G16: =$G$4*Tabela1[[#This Row],[Período]] -> 0 | H16: =$H$4*Tabela1[[#This Row],[Período]] -> 0 | I16: =$I$4*Tabela1[[#This Row],[Período]] -> 0 | J16: =$J$4*Tabela1[[#This Row],[Período]] -> 0 | K16: =WEEKDAY(Tabela1[[#This Row],[Data]],1) -> 3
A17: =_xlfn.XLOOKUP(Tabela1[[#This Row],[Data]],GERAL!B:B,GERAL!A:A) -> Semana 3 | B17: 46071 | C17: {=_xlfn.IFS(OR(Tabela1[[#This Row],[Data]]=$M$8,Tabela1[[#This Row],[Data]]=$M$9,Tabela1[[#This Row],[Data]]=$M$10),"Não",K17=1,"Não",K17>1,"Sim")} -> Sim | D17: {=_xlfn.IFS(Tabela1[[#This Row],[Dia Útil]]="Não",0,K17=1,0,K17=7,0.5,K17>1,1)} -> 1 | E17: =$E$4*Tabela1[[#This Row],[Período]] -> 14.931034 | F17: =$F$4*Tabela1[[#This Row],[Período]] -> 21.068966 | G17: =$G$4*Tabela1[[#This Row],[Período]] -> 93.689655 | H17: =$H$4*Tabela1[[#This Row],[Período]] -> 138.62069 | I17: =$I$4*Tabela1[[#This Row],[Período]] -> 36 | J17: =$J$4*Tabela1[[#This Row],[Período]] -> 232.31034 | K17: =WEEKDAY(Tabela1[[#This Row],[Data]],1) -> 4
A18: =_xlfn.XLOOKUP(Tabela1[[#This Row],[Data]],GERAL!B:B,GERAL!A:A) -> Semana 3 | B18: 46072 | C18: {=_xlfn.IFS(OR(Tabela1[[#This Row],[Data]]=$M$8,Tabela1[[#This Row],[Data]]=$M$9,Tabela1[[#This Row],[Data]]=$M$10),"Não",K18=1,"Não",K18>1,"Sim")} -> Sim | D18: {=_xlfn.IFS(Tabela1[[#This Row],[Dia Útil]]="Não",0,K18=1,0,K18=7,0.5,K18>1,1)} -> 1 | E18: =$E$4*Tabela1[[#This Row],[Período]] -> 14.931034 | F18: =$F$4*Tabela1[[#This Row],[Período]] -> 21.068966 | G18: =$G$4*Tabela1[[#This Row],[Período]] -> 93.689655 | H18: =$H$4*Tabela1[[#This Row],[Período]] -> 138.62069 | I18: =$I$4*Tabela1[[#This Row],[Período]] -> 36 | J18: =$J$4*Tabela1[[#This Row],[Período]] -> 232.31034 | K18: =WEEKDAY(Tabela1[[#This Row],[Data]],1) -> 5
A19: =_xlfn.XLOOKUP(Tabela1[[#This Row],[Data]],GERAL!B:B,GERAL!A:A) -> Semana 3 | B19: 46073 | C19: {=_xlfn.IFS(OR(Tabela1[[#This Row],[Data]]=$M$8,Tabela1[[#This Row],[Data]]=$M$9,Tabela1[[#This Row],[Data]]=$M$10),"Não",K19=1,"Não",K19>1,"Sim")} -> Sim | D19: {=_xlfn.IFS(Tabela1[[#This Row],[Dia Útil]]="Não",0,K19=1,0,K19=7,0.5,K19>1,1)} -> 1 | E19: =$E$4*Tabela1[[#This Row],[Período]] -> 14.931034 | F19: =$F$4*Tabela1[[#This Row],[Período]] -> 21.068966 | G19: =$G$4*Tabela1[[#This Row],[Período]] -> 93.689655 | H19: =$H$4*Tabela1[[#This Row],[Período]] -> 138.62069 | I19: =$I$4*Tabela1[[#This Row],[Período]] -> 36 | J19: =$J$4*Tabela1[[#This Row],[Período]] -> 232.31034 | K19: =WEEKDAY(Tabela1[[#This Row],[Data]],1) -> 6
A20: =_xlfn.XLOOKUP(Tabela1[[#This Row],[Data]],GERAL!B:B,GERAL!A:A) -> Semana 3 | B20: 46074 | C20: {=_xlfn.IFS(OR(Tabela1[[#This Row],[Data]]=$M$8,Tabela1[[#This Row],[Data]]=$M$9,Tabela1[[#This Row],[Data]]=$M$10),"Não",K20=1,"Não",K20>1,"Sim")} -> Sim | D20: {=_xlfn.IFS(Tabela1[[#This Row],[Dia Útil]]="Não",0,K20=1,0,K20=7,0.5,K20>1,1)} -> 0.5 | E20: =$E$4*Tabela1[[#This Row],[Período]] -> 7.4655172 | F20: =$F$4*Tabela1[[#This Row],[Período]] -> 10.534483 | G20: =$G$4*Tabela1[[#This Row],[Período]] -> 46.844828 | H20: =$H$4*Tabela1[[#This Row],[Período]] -> 69.310345 | I20: =$I$4*Tabela1[[#This Row],[Período]] -> 18 | J20: =$J$4*Tabela1[[#This Row],[Período]] -> 116.15517 | K20: =WEEKDAY(Tabela1[[#This Row],[Data]],1) -> 7
A21: =_xlfn.XLOOKUP(Tabela1[[#This Row],[Data]],GERAL!B:B,GERAL!A:A) -> Semana 4 | B21: 46075 | C21: {=_xlfn.IFS(OR(Tabela1[[#This Row],[Data]]=$M$8,Tabela1[[#This Row],[Data]]=$M$9,Tabela1[[#This Row],[Data]]=$M$10),"Não",K21=1,"Não",K21>1,"Sim")} -> Não | D21: {=_xlfn.IFS(Tabela1[[#This Row],[Dia Útil]]="Não",0,K21=1,0,K21=7,0.5,K21>1,1)} -> 0 | E21: =$E$4*Tabela1[[#This Row],[Período]] -> 0 | F21: =$F$4*Tabela1[[#This Row],[Período]] -> 0 | G21: =$G$4*Tabela1[[#This Row],[Período]] -> 0 | H21: =$H$4*Tabela1[[#This Row],[Período]] -> 0 | I21: =$I$4*Tabela1[[#This Row],[Período]] -> 0 | J21: =$J$4*Tabela1[[#This Row],[Período]] -> 0 | K21: =WEEKDAY(Tabela1[[#This Row],[Data]],1) -> 1
A22: =_xlfn.XLOOKUP(Tabela1[[#This Row],[Data]],GERAL!B:B,GERAL!A:A) -> Semana 4 | B22: 46076 | C22: {=_xlfn.IFS(OR(Tabela1[[#This Row],[Data]]=$M$8,Tabela1[[#This Row],[Data]]=$M$9,Tabela1[[#This Row],[Data]]=$M$10),"Não",K22=1,"Não",K22>1,"Sim")} -> Sim | D22: {=_xlfn.IFS(Tabela1[[#This Row],[Dia Útil]]="Não",0,K22=1,0,K22=7,0.5,K22>1,1)} -> 1 | E22: =$E$4*Tabela1[[#This Row],[Período]] -> 14.931034 | F22: =$F$4*Tabela1[[#This Row],[Período]] -> 21.068966 | G22: =$G$4*Tabela1[[#This Row],[Período]] -> 93.689655 | H22: =$H$4*Tabela1[[#This Row],[Período]] -> 138.62069 | I22: =$I$4*Tabela1[[#This Row],[Período]] -> 36 | J22: =$J$4*Tabela1[[#This Row],[Período]] -> 232.31034 | K22: =WEEKDAY(Tabela1[[#This Row],[Data]],1) -> 2
... A46: =_xlfn.XLOOKUP(Tabela1[[#This Row],[Data]],GERAL!B:B,GERAL!A:A) -> Semana 8 | B46: 46100 | C46: {=_xlfn.IFS(OR(Tabela1[[#This Row],[Data]]=$M$8,Tabela1[[#This Row],[Data]]=$M$9,Tabela1[[#This Row],[Data]]=$M$10),"Não",K46=1,"Não",K46>1,"Sim")} -> Sim | D46: {=_xlfn.IFS(Tabela1[[#This Row],[Dia Útil]]="Não",0,K46=1,0,K46=7,0.5,K46>1,1)} -> 1 | E46: =$E$4*Tabela1[[#This Row],[Período]] -> 14.931034 | F46: =$F$4*Tabela1[[#This Row],[Período]] -> 21.068966 | G46: =$G$4*Tabela1[[#This Row],[Período]] -> 93.689655 | H46: =$H$4*Tabela1[[#This Row],[Período]] -> 138.62069 | I46: =$I$4*Tabela1[[#This Row],[Período]] -> 36 | J46: =$J$4*Tabela1[[#This Row],[Período]] -> 232.31034 | K46: =WEEKDAY(Tabela1[[#This Row],[Data]],1) -> 5

Sheet Planilha2
F7: Rótulos de Linha
F8: ∑ Equipe até 28/02 - JC
F9: ∑ Equipe até 28/02 - MT
F10: ∑ Equipe até 28/02 - PB
F11: ∑ Equipe até 28/02 - SM
F12: ∑ Equipe até 28/02 - VC
F13: ∑ Equipe até 28/02 - VI
F14: ADILSIO
F15: ALESSANDRO
F16: ANDERSON
F17: CARLENADRO
F18: CASSIO
... F72: Total Geral
